アルバム名,品詞,単語,カウント
1. UNISON SQUARE GARDEN,名詞,こんなん,1
1. UNISON SQUARE GARDEN,名詞,興味,3
1. UNISON SQUARE GARDEN,名詞,情景,1
1. UNISON SQUARE GARDEN,名詞,ガタガタ,1
1. UNISON SQUARE GARDEN,名詞,弾道,1
1. UNISON SQUARE GARDEN,名詞,皆々様,1
1. UNISON SQUARE GARDEN,名詞,チャンス,1
1. UNISON SQUARE GARDEN,名詞,新世紀,1
1. UNISON SQUARE GARDEN,名詞,大人,2
1. UNISON SQUARE GARDEN,名詞,ランナー,1
1. UNISON SQUARE GARDEN,名詞,前,3
1. UNISON SQUARE GARDEN,名詞,めちゃくちゃ,1
1. UNISON SQUARE GARDEN,名詞,ライドオン,1
1. UNISON SQUARE GARDEN,名詞,とんずら,1
1. UNISON SQUARE GARDEN,名詞,顔,1
1. UNISON SQUARE GARDEN,名詞,フリ,2
1. UNISON SQUARE GARDEN,名詞,風船,2
1. UNISON SQUARE GARDEN,名詞,昨日,2
1. UNISON SQUARE GARDEN,名詞,ゴール,1
1. UNISON SQUARE GARDEN,名詞,アングル,1
1. UNISON SQUARE GARDEN,名詞,プライド,1
1. UNISON SQUARE GARDEN,名詞,平気,1
1. UNISON SQUARE GARDEN,名詞,残念,1
1. UNISON SQUARE GARDEN,名詞,時間,1
1. UNISON SQUARE GARDEN,名詞,形,3
1. UNISON SQUARE GARDEN,名詞,かなり,1
1. UNISON SQUARE GARDEN,名詞,サステイン,1
1. UNISON SQUARE GARDEN,名詞,金メダル,1
1. UNISON SQUARE GARDEN,名詞,完全,1
1. UNISON SQUARE GARDEN,名詞,鼓膜,1
1. UNISON SQUARE GARDEN,名詞,今,5
1. UNISON SQUARE GARDEN,名詞,怪物,1
1. UNISON SQUARE GARDEN,名詞,空,4
1. UNISON SQUARE GARDEN,名詞,待った,1
1. UNISON SQUARE GARDEN,名詞,土台,1
1. UNISON SQUARE GARDEN,名詞,20度,1
1. UNISON SQUARE GARDEN,名詞,lover,1
1. UNISON SQUARE GARDEN,名詞,からくり,3
1. UNISON SQUARE GARDEN,名詞,無機質,1
1. UNISON SQUARE GARDEN,名詞,軽やか,1
1. UNISON SQUARE GARDEN,名詞,答え,1
1. UNISON SQUARE GARDEN,名詞,You,1
1. UNISON SQUARE GARDEN,名詞,12時,1
1. UNISON SQUARE GARDEN,名詞,雨,2
1. UNISON SQUARE GARDEN,名詞,想い,1
1. UNISON SQUARE GARDEN,名詞,誰か,3
1. UNISON SQUARE GARDEN,名詞,思い,1
1. UNISON SQUARE GARDEN,名詞,時,2
1. UNISON SQUARE GARDEN,名詞,願い,1
1. UNISON SQUARE GARDEN,名詞,リア,1
1. UNISON SQUARE GARDEN,名詞,君,4
1. UNISON SQUARE GARDEN,名詞,未来,1
1. UNISON SQUARE GARDEN,名詞,夢ならば,1
1. UNISON SQUARE GARDEN,名詞,字,1
1. UNISON SQUARE GARDEN,名詞,気,2
1. UNISON SQUARE GARDEN,名詞,魔法,2
1. UNISON SQUARE GARDEN,名詞,約束の日,1
1. UNISON SQUARE GARDEN,名詞,境界,1
1. UNISON SQUARE GARDEN,名詞,アルキメデス,1
1. UNISON SQUARE GARDEN,名詞,フロー,1
1. UNISON SQUARE GARDEN,名詞,ワンピース,1
1. UNISON SQUARE GARDEN,名詞,パーティー,1
1. UNISON SQUARE GARDEN,名詞,おとぎ話,1
1. UNISON SQUARE GARDEN,名詞,クローバー,1
1. UNISON SQUARE GARDEN,名詞,ハンカチーフ,1
1. UNISON SQUARE GARDEN,名詞,世界,6
1. UNISON SQUARE GARDEN,名詞,１１月,1
1. UNISON SQUARE GARDEN,名詞,パズル,1
1. UNISON SQUARE GARDEN,名詞,時計,1
1. UNISON SQUARE GARDEN,名詞,ひとつだけ,1
1. UNISON SQUARE GARDEN,名詞,地球,1
1. UNISON SQUARE GARDEN,名詞,まやかし,1
1. UNISON SQUARE GARDEN,名詞,塔,1
1. UNISON SQUARE GARDEN,名詞,星空,1
1. UNISON SQUARE GARDEN,名詞,子供,2
1. UNISON SQUARE GARDEN,名詞,下,1
1. UNISON SQUARE GARDEN,名詞,八,1
1. UNISON SQUARE GARDEN,名詞,手,4
1. UNISON SQUARE GARDEN,名詞,畑,1
1. UNISON SQUARE GARDEN,名詞,暗号,1
1. UNISON SQUARE GARDEN,名詞,秘密,1
1. UNISON SQUARE GARDEN,名詞,誰,6
1. UNISON SQUARE GARDEN,名詞,通り,2
1. UNISON SQUARE GARDEN,名詞,好き,2
1. UNISON SQUARE GARDEN,名詞,may,1
1. UNISON SQUARE GARDEN,名詞,恋に落ちた,1
1. UNISON SQUARE GARDEN,名詞,せい,1
1. UNISON SQUARE GARDEN,名詞,大好き,1
1. UNISON SQUARE GARDEN,名詞,ここ,3
1. UNISON SQUARE GARDEN,名詞,今日,4
1. UNISON SQUARE GARDEN,名詞,know,1
1. UNISON SQUARE GARDEN,名詞,結末,1
1. UNISON SQUARE GARDEN,名詞,あなた,1
1. UNISON SQUARE GARDEN,名詞,にな,1
1. UNISON SQUARE GARDEN,名詞,映画,1
1. UNISON SQUARE GARDEN,名詞,暗闇,1
1. UNISON SQUARE GARDEN,名詞,不恰好,1
1. UNISON SQUARE GARDEN,名詞,言い訳,2
1. UNISON SQUARE GARDEN,名詞,背伸び,1
1. UNISON SQUARE GARDEN,名詞,自転車,1
1. UNISON SQUARE GARDEN,名詞,低空,1
1. UNISON SQUARE GARDEN,名詞,完成,1
1. UNISON SQUARE GARDEN,名詞,不器用,1
1. UNISON SQUARE GARDEN,名詞,僕,5
1. UNISON SQUARE GARDEN,名詞,スタイル,1
1. UNISON SQUARE GARDEN,名詞,ステイドライフ,1
1. UNISON SQUARE GARDEN,名詞,いつまでも,1
1. UNISON SQUARE GARDEN,名詞,暫定,1
1. UNISON SQUARE GARDEN,名詞,満足,1
1. UNISON SQUARE GARDEN,名詞,未来永劫,1
1. UNISON SQUARE GARDEN,名詞,バイバイ,1
1. UNISON SQUARE GARDEN,名詞,自分,1
1. UNISON SQUARE GARDEN,名詞,2,1
1. UNISON SQUARE GARDEN,名詞,ひとつ,1
1. UNISON SQUARE GARDEN,名詞,カラッポ,1
1. UNISON SQUARE GARDEN,名詞,ヘッドフォン,1
1. UNISON SQUARE GARDEN,名詞,ステレオ,1
1. UNISON SQUARE GARDEN,名詞,音,2
1. UNISON SQUARE GARDEN,名詞,現状,1
1. UNISON SQUARE GARDEN,名詞,英雄,1
1. UNISON SQUARE GARDEN,名詞,シンドローム,1
1. UNISON SQUARE GARDEN,名詞,状態,2
1. UNISON SQUARE GARDEN,名詞,ロック,1
1. UNISON SQUARE GARDEN,名詞,高性能,1
1. UNISON SQUARE GARDEN,名詞,未完成,2
1. UNISON SQUARE GARDEN,名詞,放物線,1
1. UNISON SQUARE GARDEN,名詞,どうでしょう,1
1. UNISON SQUARE GARDEN,名詞,警鐘,1
1. UNISON SQUARE GARDEN,名詞,ブレイブストーリー,1
1. UNISON SQUARE GARDEN,名詞,愛,1
1. UNISON SQUARE GARDEN,名詞,少年,1
1. UNISON SQUARE GARDEN,名詞,道化師,1
1. UNISON SQUARE GARDEN,名詞,レインボウ,1
1. UNISON SQUARE GARDEN,名詞,3秒,1
1. UNISON SQUARE GARDEN,名詞,分,1
1. UNISON SQUARE GARDEN,名詞,ウソツキ,1
1. UNISON SQUARE GARDEN,名詞,リピート,1
1. UNISON SQUARE GARDEN,名詞,スーパーロードリーダー,1
1. UNISON SQUARE GARDEN,名詞,現実,2
1. UNISON SQUARE GARDEN,名詞,愚か,1
1. UNISON SQUARE GARDEN,名詞,最良,1
1. UNISON SQUARE GARDEN,名詞,単純,1
1. UNISON SQUARE GARDEN,名詞,知らんけど,1
1. UNISON SQUARE GARDEN,名詞,ドラマ,1
1. UNISON SQUARE GARDEN,名詞,神様,2
1. UNISON SQUARE GARDEN,名詞,３分間,1
1. UNISON SQUARE GARDEN,名詞,中,3
1. UNISON SQUARE GARDEN,名詞,平和,1
1. UNISON SQUARE GARDEN,名詞,必要,1
1. UNISON SQUARE GARDEN,名詞,矢印,1
1. UNISON SQUARE GARDEN,名詞,全知全能,1
1. UNISON SQUARE GARDEN,名詞,不条理,1
1. UNISON SQUARE GARDEN,名詞,先,2
1. UNISON SQUARE GARDEN,名詞,あみだくじ,1
1. UNISON SQUARE GARDEN,名詞,欲望,1
1. UNISON SQUARE GARDEN,名詞,森羅万象,1
1. UNISON SQUARE GARDEN,名詞,この世,1
1. UNISON SQUARE GARDEN,名詞,時点,1
1. UNISON SQUARE GARDEN,名詞,発売,1
1. UNISON SQUARE GARDEN,名詞,準備,1
1. UNISON SQUARE GARDEN,名詞,用意,1
1. UNISON SQUARE GARDEN,名詞,場,1
1. UNISON SQUARE GARDEN,名詞,感情,2
1. UNISON SQUARE GARDEN,名詞,アンサー,1
1. UNISON SQUARE GARDEN,名詞,好評,1
1. UNISON SQUARE GARDEN,名詞,絶景,1
1. UNISON SQUARE GARDEN,名詞,三歩,1
1. UNISON SQUARE GARDEN,名詞,さりげ,1
1. UNISON SQUARE GARDEN,名詞,何,6
1. UNISON SQUARE GARDEN,名詞,大丈夫,1
1. UNISON SQUARE GARDEN,名詞,十,1
1. UNISON SQUARE GARDEN,名詞,ウズウズ,1
1. UNISON SQUARE GARDEN,名詞,いや,1
1. UNISON SQUARE GARDEN,名詞,サンプリング,1
1. UNISON SQUARE GARDEN,名詞,こん,1
1. UNISON SQUARE GARDEN,名詞,花吹雪,1
1. UNISON SQUARE GARDEN,名詞,心配,1
1. UNISON SQUARE GARDEN,名詞,足あと,1
1. UNISON SQUARE GARDEN,名詞,もん,2
1. UNISON SQUARE GARDEN,名詞,バカ,1
1. UNISON SQUARE GARDEN,名詞,億,1
1. UNISON SQUARE GARDEN,名詞,半透明,1
1. UNISON SQUARE GARDEN,名詞,エスコート,2
1. UNISON SQUARE GARDEN,名詞,イメージ,3
1. UNISON SQUARE GARDEN,名詞,感動,1
1. UNISON SQUARE GARDEN,名詞,仕草,1
1. UNISON SQUARE GARDEN,名詞,スマート,1
1. UNISON SQUARE GARDEN,名詞,どれ,1
1. UNISON SQUARE GARDEN,名詞,オーケー,1
1. UNISON SQUARE GARDEN,名詞,笑ってよ,1
1. UNISON SQUARE GARDEN,名詞,発,1
1. UNISON SQUARE GARDEN,名詞,反抗期,1
1. UNISON SQUARE GARDEN,名詞,完全無欠,1
1. UNISON SQUARE GARDEN,名詞,10人,1
1. UNISON SQUARE GARDEN,名詞,ピーターパン,1
1. UNISON SQUARE GARDEN,名詞,ハイボルテージ,1
1. UNISON SQUARE GARDEN,名詞,年末,1
1. UNISON SQUARE GARDEN,名詞,年,1
1. UNISON SQUARE GARDEN,名詞,世界中,1
1. UNISON SQUARE GARDEN,名詞,一人ぼっち,1
1. UNISON SQUARE GARDEN,名詞,バカタレ,1
1. UNISON SQUARE GARDEN,名詞,アップ,1
1. UNISON SQUARE GARDEN,名詞,サーモスタット,1
1. UNISON SQUARE GARDEN,名詞,先生,1
1. UNISON SQUARE GARDEN,名詞,二度,1
1. UNISON SQUARE GARDEN,名詞,花,1
1. UNISON SQUARE GARDEN,名詞,飾り,1
1. UNISON SQUARE GARDEN,名詞,出して,1
1. UNISON SQUARE GARDEN,名詞,土俵,1
1. UNISON SQUARE GARDEN,名詞,推測,1
1. UNISON SQUARE GARDEN,名詞,女王様,1
1. UNISON SQUARE GARDEN,名詞,一瞬,1
1. UNISON SQUARE GARDEN,名詞,今年,1
1. UNISON SQUARE GARDEN,名詞,回,1
1. UNISON SQUARE GARDEN,名詞,フリダシホームシック,1
1. UNISON SQUARE GARDEN,名詞,テンポ,1
1. UNISON SQUARE GARDEN,名詞,お米,1
1. UNISON SQUARE GARDEN,名詞,シンデレラ,1
1. UNISON SQUARE GARDEN,名詞,街道,1
1. UNISON SQUARE GARDEN,名詞,はめ,1
1. UNISON SQUARE GARDEN,名詞,年頃,1
1. UNISON SQUARE GARDEN,名詞,あいつ,2
1. UNISON SQUARE GARDEN,名詞,域,1
1. UNISON SQUARE GARDEN,名詞,王様,1
1. UNISON SQUARE GARDEN,名詞,水浸し,1
1. UNISON SQUARE GARDEN,名詞,馬鹿,1
1. UNISON SQUARE GARDEN,名詞,ロックンロール,1
1. UNISON SQUARE GARDEN,名詞,ダイヤモンド,1
1. UNISON SQUARE GARDEN,名詞,彼,1
1. UNISON SQUARE GARDEN,名詞,幻,1
1. UNISON SQUARE GARDEN,名詞,こいつ,1
1. UNISON SQUARE GARDEN,名詞,厄介,1
1. UNISON SQUARE GARDEN,名詞,何食わぬ顔,1
1. UNISON SQUARE GARDEN,名詞,行事,1
1. UNISON SQUARE GARDEN,名詞,新年,1
1. UNISON SQUARE GARDEN,名詞,俺,2
1. UNISON SQUARE GARDEN,名詞,12月,1
1. UNISON SQUARE GARDEN,名詞,アイドンノウ,1
1. UNISON SQUARE GARDEN,名詞,いたずら,1
1. UNISON SQUARE GARDEN,名詞,所在,1
1. UNISON SQUARE GARDEN,名詞,一,1
1. UNISON SQUARE GARDEN,名詞,口,1
1. UNISON SQUARE GARDEN,名詞,急,1
1. UNISON SQUARE GARDEN,名詞,knows,1
1. UNISON SQUARE GARDEN,名詞,流線型,2
1. UNISON SQUARE GARDEN,名詞,スペクタクル,1
1. UNISON SQUARE GARDEN,名詞,程,1
1. UNISON SQUARE GARDEN,名詞,明日,3
1. UNISON SQUARE GARDEN,名詞,愛してよ,1
1. UNISON SQUARE GARDEN,名詞,どこか,1
1. UNISON SQUARE GARDEN,名詞,傷,1
1. UNISON SQUARE GARDEN,名詞,槍,1
1. UNISON SQUARE GARDEN,名詞,ムービー,1
1. UNISON SQUARE GARDEN,名詞,アナクロニズム,1
1. UNISON SQUARE GARDEN,名詞,１２秒,1
1. UNISON SQUARE GARDEN,名詞,リズム,1
1. UNISON SQUARE GARDEN,名詞,Who,1
1. UNISON SQUARE GARDEN,名詞,ヒーロー,1
1. UNISON SQUARE GARDEN,名詞,ミニチュア,1
1. UNISON SQUARE GARDEN,名詞,偶然,1
1. UNISON SQUARE GARDEN,名詞,スポーツニュース,1
1. UNISON SQUARE GARDEN,名詞,財布,1
1. UNISON SQUARE GARDEN,名詞,悪魔,1
1. UNISON SQUARE GARDEN,名詞,情報操作,1
1. UNISON SQUARE GARDEN,名詞,dong,1
1. UNISON SQUARE GARDEN,名詞,じゃなくて,1
1. UNISON SQUARE GARDEN,名詞,水,1
1. UNISON SQUARE GARDEN,名詞,街角,1
1. UNISON SQUARE GARDEN,名詞,等身大,1
1. UNISON SQUARE GARDEN,名詞,あたし,1
1. UNISON SQUARE GARDEN,名詞,サイコロ,1
1. UNISON SQUARE GARDEN,名詞,上手,1
1. UNISON SQUARE GARDEN,名詞,全て,3
1. UNISON SQUARE GARDEN,名詞,都合,1
1. UNISON SQUARE GARDEN,名詞,ビーズ,1
1. UNISON SQUARE GARDEN,名詞,地球儀,2
1. UNISON SQUARE GARDEN,名詞,恋,1
1. UNISON SQUARE GARDEN,名詞,不毛,1
1. UNISON SQUARE GARDEN,名詞,とおり,1
1. UNISON SQUARE GARDEN,名詞,２ゴール,1
1. UNISON SQUARE GARDEN,名詞,事,2
1. UNISON SQUARE GARDEN,名詞,テレビ,1
1. UNISON SQUARE GARDEN,名詞,綺麗,1
1. UNISON SQUARE GARDEN,名詞,報道陣,1
1. UNISON SQUARE GARDEN,名詞,学校,1
1. UNISON SQUARE GARDEN,名詞,旅,1
1. UNISON SQUARE GARDEN,名詞,ding,1
1. UNISON SQUARE GARDEN,名詞,ベース,1
1. UNISON SQUARE GARDEN,名詞,笑顔,1
1. UNISON SQUARE GARDEN,名詞,誰のせいでもない,1
1. UNISON SQUARE GARDEN,名詞,気まぐれ,1
1. UNISON SQUARE GARDEN,名詞,バイブル,1
1. UNISON SQUARE GARDEN,名詞,摩天楼,1
1. UNISON SQUARE GARDEN,名詞,らく,1
1. UNISON SQUARE GARDEN,名詞,目,1
1. UNISON SQUARE GARDEN,名詞,夜,1
1. UNISON SQUARE GARDEN,名詞,救世主,1
1. UNISON SQUARE GARDEN,名詞,一人,3
1. UNISON SQUARE GARDEN,名詞,モータウン,1
1. UNISON SQUARE GARDEN,名詞,ヨロコビ,1
1. UNISON SQUARE GARDEN,名詞,嘘,1
1. UNISON SQUARE GARDEN,名詞,部屋,2
1. UNISON SQUARE GARDEN,名詞,人,1
1. UNISON SQUARE GARDEN,名詞,朝,1
1. UNISON SQUARE GARDEN,名詞,シャボン玉,1
1. UNISON SQUARE GARDEN,名詞,そこら,2
1. UNISON SQUARE GARDEN,名詞,月,2
1. UNISON SQUARE GARDEN,名詞,謎,1
1. UNISON SQUARE GARDEN,名詞,僕ら,1
1. UNISON SQUARE GARDEN,名詞,キャンバス,1
1. UNISON SQUARE GARDEN,名詞,日,1
1. UNISON SQUARE GARDEN,名詞,ローリングデイズ,1
1. UNISON SQUARE GARDEN,名詞,存外,1
1. UNISON SQUARE GARDEN,名詞,カリソメローズマリー,1
1. UNISON SQUARE GARDEN,名詞,国,1
1. UNISON SQUARE GARDEN,名詞,一日,1
1. UNISON SQUARE GARDEN,名詞,仮面,1
1. UNISON SQUARE GARDEN,名詞,残像,1
1. UNISON SQUARE GARDEN,名詞,夢,1
1. UNISON SQUARE GARDEN,名詞,天気,1
1. UNISON SQUARE GARDEN,名詞,とこ,1
1. UNISON SQUARE GARDEN,名詞,ノリノリ,1
1. UNISON SQUARE GARDEN,名詞,水族館,1
1. UNISON SQUARE GARDEN,名詞,思し召し,1
1. UNISON SQUARE GARDEN,名詞,びん,1
1. UNISON SQUARE GARDEN,名詞,ライラ,1
1. UNISON SQUARE GARDEN,名詞,ウィンドウ,1
1. UNISON SQUARE GARDEN,名詞,周り,1
1. UNISON SQUARE GARDEN,名詞,デリケート,1
1. UNISON SQUARE GARDEN,名詞,記録,1
1. UNISON SQUARE GARDEN,名詞,流行,1
1. UNISON SQUARE GARDEN,名詞,者,1
1. UNISON SQUARE GARDEN,名詞,更新,1
1. UNISON SQUARE GARDEN,名詞,媚,1
1. UNISON SQUARE GARDEN,名詞,ローリング,1
1. UNISON SQUARE GARDEN,名詞,全部,2
1. UNISON SQUARE GARDEN,名詞,ピント,1
1. UNISON SQUARE GARDEN,名詞,鐘,1
1. UNISON SQUARE GARDEN,名詞,理論,1
1. UNISON SQUARE GARDEN,名詞,一緒くた,1
1. UNISON SQUARE GARDEN,名詞,上,1
1. UNISON SQUARE GARDEN,名詞,キレイだ,1
1. UNISON SQUARE GARDEN,名詞,行き先,1
1. UNISON SQUARE GARDEN,名詞,嫌い,1
1. UNISON SQUARE GARDEN,名詞,稀,1
1. UNISON SQUARE GARDEN,名詞,時代,2
1. UNISON SQUARE GARDEN,名詞,リモノ,1
1. UNISON SQUARE GARDEN,名詞,おしまい,1
1. UNISON SQUARE GARDEN,名詞,ハリ,1
1. UNISON SQUARE GARDEN,名詞,残酷,1
1. UNISON SQUARE GARDEN,名詞,たま,1
1. UNISON SQUARE GARDEN,名詞,では,1
1. UNISON SQUARE GARDEN,名詞,史上,1
1. UNISON SQUARE GARDEN,名詞,物差し,1
1. UNISON SQUARE GARDEN,名詞,もんじゃ,1
1. UNISON SQUARE GARDEN,名詞,無視,1
1. UNISON SQUARE GARDEN,名詞,一言,1
1. UNISON SQUARE GARDEN,名詞,ソナタ,1
1. UNISON SQUARE GARDEN,名詞,北風,1
1. UNISON SQUARE GARDEN,名詞,フル回転,1
1. UNISON SQUARE GARDEN,名詞,関係,1
1. UNISON SQUARE GARDEN,名詞,問題,1
1. UNISON SQUARE GARDEN,名詞,知らん顔,1
1. UNISON SQUARE GARDEN,名詞,言葉,1
1. UNISON SQUARE GARDEN,名詞,彼方,1
1. UNISON SQUARE GARDEN,名詞,マスター,1
1. UNISON SQUARE GARDEN,名詞,嵐,1
1. UNISON SQUARE GARDEN,名詞,頭,1
1. UNISON SQUARE GARDEN,名詞,バラ色,1
1. UNISON SQUARE GARDEN,名詞,晴天,1
1. UNISON SQUARE GARDEN,名詞,健忘症,1
1. UNISON SQUARE GARDEN,名詞,真夏,1
1. UNISON SQUARE GARDEN,名詞,きれいな,1
1. UNISON SQUARE GARDEN,名詞,こんばんは,1
1. UNISON SQUARE GARDEN,名詞,はず,2
1. UNISON SQUARE GARDEN,名詞,最新,1
1. UNISON SQUARE GARDEN,名詞,しや,1
1. UNISON SQUARE GARDEN,名詞,勝手,1
1. UNISON SQUARE GARDEN,名詞,秒,1
1. UNISON SQUARE GARDEN,名詞,5,1
1. UNISON SQUARE GARDEN,名詞,くせ,1
1. UNISON SQUARE GARDEN,名詞,ジュークボックス,1
1. UNISON SQUARE GARDEN,名詞,心象風景,1
1. UNISON SQUARE GARDEN,名詞,きらん,1
1. UNISON SQUARE GARDEN,名詞,混沌,1
1. UNISON SQUARE GARDEN,名詞,あじさい,1
1. UNISON SQUARE GARDEN,名詞,声,1
1. UNISON SQUARE GARDEN,名詞,色,1
1. UNISON SQUARE GARDEN,名詞,言,1
1. UNISON SQUARE GARDEN,名詞,苦労,1
1. UNISON SQUARE GARDEN,名詞,路傍の石,1
1. UNISON SQUARE GARDEN,名詞,山,1
1. UNISON SQUARE GARDEN,名詞,水彩画,1
1. UNISON SQUARE GARDEN,名詞,一つ,2
1. UNISON SQUARE GARDEN,名詞,何処,1
1. UNISON SQUARE GARDEN,名詞,忘れないでよ,1
1. UNISON SQUARE GARDEN,名詞,巡り,1
1. UNISON SQUARE GARDEN,名詞,ノート,1
1. UNISON SQUARE GARDEN,名詞,瓦,1
1. UNISON SQUARE GARDEN,名詞,帰り道,1
1. UNISON SQUARE GARDEN,名詞,雲の上,1
1. UNISON SQUARE GARDEN,名詞,渦,1
1. UNISON SQUARE GARDEN,名詞,フレーズ,1
1. UNISON SQUARE GARDEN,名詞,クライマックス,1
1. UNISON SQUARE GARDEN,名詞,以上,1
1. UNISON SQUARE GARDEN,名詞,殻,1
1. UNISON SQUARE GARDEN,名詞,ステージ,2
1. UNISON SQUARE GARDEN,名詞,無駄,1
1. UNISON SQUARE GARDEN,名詞,いつか,1
1. UNISON SQUARE GARDEN,名詞,カラー,1
1. UNISON SQUARE GARDEN,名詞,エピローグ,1
1. UNISON SQUARE GARDEN,名詞,一つ一つ,2
1. UNISON SQUARE GARDEN,名詞,赤,1
1. UNISON SQUARE GARDEN,名詞,ゲーム,1
1. UNISON SQUARE GARDEN,名詞,赤道,1
1. UNISON SQUARE GARDEN,名詞,言の葉,1
1. UNISON SQUARE GARDEN,名詞,リ,1
1. UNISON SQUARE GARDEN,名詞,あれ,1
1. UNISON SQUARE GARDEN,名詞,白,1
1. UNISON SQUARE GARDEN,名詞,道の上,1
1. UNISON SQUARE GARDEN,名詞,にも,1
1. UNISON SQUARE GARDEN,名詞,物語,1
1. UNISON SQUARE GARDEN,名詞,無残,1
1. UNISON SQUARE GARDEN,名詞,じゅう,1
1. UNISON SQUARE GARDEN,名詞,磯,1
1. UNISON SQUARE GARDEN,名詞,文字,1
1. UNISON SQUARE GARDEN,名詞,あくび,1
1. UNISON SQUARE GARDEN,名詞,風景,1
1. UNISON SQUARE GARDEN,名詞,３,1
1. UNISON SQUARE GARDEN,名詞,メートル,1
1. UNISON SQUARE GARDEN,名詞,新世界,1
1. UNISON SQUARE GARDEN,名詞,きっと,1
1. UNISON SQUARE GARDEN,名詞,らん,1
1. UNISON SQUARE GARDEN,名詞,コントラスト,1
1. UNISON SQUARE GARDEN,名詞,古いアルバム,1
1. UNISON SQUARE GARDEN,名詞,超新星,1
1. UNISON SQUARE GARDEN,名詞,ノー,1
1. UNISON SQUARE GARDEN,名詞,イコール,1
1. UNISON SQUARE GARDEN,名詞,達,1
1. UNISON SQUARE GARDEN,名詞,陽炎,1
1. UNISON SQUARE GARDEN,名詞,歌,1
1. UNISON SQUARE GARDEN,名詞,回帰線,1
1. UNISON SQUARE GARDEN,名詞,モノクローム,1
1. UNISON SQUARE GARDEN,名詞,流星,1
1. UNISON SQUARE GARDEN,名詞,サイクル,1
1. UNISON SQUARE GARDEN,名詞,子供達,1
1. UNISON SQUARE GARDEN,名詞,四苦八苦,1
1. UNISON SQUARE GARDEN,名詞,無限,1
1. UNISON SQUARE GARDEN,名詞,遠く,1
1. UNISON SQUARE GARDEN,名詞,一個,1
1. UNISON SQUARE GARDEN,名詞,五線譜,1
1. UNISON SQUARE GARDEN,名詞,片道,1
1. UNISON SQUARE GARDEN,名詞,マイクロフォン,1
1. UNISON SQUARE GARDEN,名詞,そこ,1
1. UNISON SQUARE GARDEN,名詞,箱庭,1
1. UNISON SQUARE GARDEN,名詞,かくれんぼ,1
1. UNISON SQUARE GARDEN,名詞,リアリティ,1
1. UNISON SQUARE GARDEN,名詞,スケール,1
1. UNISON SQUARE GARDEN,名詞,パンジー,1
1. UNISON SQUARE GARDEN,名詞,振動,1
1. UNISON SQUARE GARDEN,名詞,メロディーライン,1
1. UNISON SQUARE GARDEN,名詞,向こう,1
1. UNISON SQUARE GARDEN,名詞,動物,1
1. UNISON SQUARE GARDEN,名詞,ストーリー,1
1. UNISON SQUARE GARDEN,名詞,地図,1
1. UNISON SQUARE GARDEN,名詞,ベンチ,1
1. UNISON SQUARE GARDEN,名詞,連携,1
1. UNISON SQUARE GARDEN,名詞,波間,1
1. UNISON SQUARE GARDEN,名詞,アルゼン,1
1. UNISON SQUARE GARDEN,名詞,地上,1
1. UNISON SQUARE GARDEN,名詞,２,1
1. UNISON SQUARE GARDEN,名詞,絵の具,1
1. UNISON SQUARE GARDEN,名詞,暮れ,1
1. UNISON SQUARE GARDEN,名詞,クロール,1
1. UNISON SQUARE GARDEN,名詞,真ん中,1
1. UNISON SQUARE GARDEN,名詞,雪,1
1. UNISON SQUARE GARDEN,名詞,ぞんざい,1
1. UNISON SQUARE GARDEN,副詞,どう,2
1. UNISON SQUARE GARDEN,副詞,こう,1
1. UNISON SQUARE GARDEN,副詞,どうせ,2
1. UNISON SQUARE GARDEN,副詞,金輪際,1
1. UNISON SQUARE GARDEN,副詞,もう,4
1. UNISON SQUARE GARDEN,副詞,どうにも,2
1. UNISON SQUARE GARDEN,副詞,キラキラ,1
1. UNISON SQUARE GARDEN,副詞,そっと,1
1. UNISON SQUARE GARDEN,副詞,別に,2
1. UNISON SQUARE GARDEN,副詞,まるで,1
1. UNISON SQUARE GARDEN,副詞,せいぜい,1
1. UNISON SQUARE GARDEN,副詞,それだけ,1
1. UNISON SQUARE GARDEN,副詞,ちょっと,3
1. UNISON SQUARE GARDEN,副詞,なかなか,2
1. UNISON SQUARE GARDEN,副詞,全然,2
1. UNISON SQUARE GARDEN,副詞,いっそ,1
1. UNISON SQUARE GARDEN,副詞,そう,1
1. UNISON SQUARE GARDEN,副詞,早々,1
1. UNISON SQUARE GARDEN,副詞,まだまだ,1
1. UNISON SQUARE GARDEN,副詞,ああ,1
1. UNISON SQUARE GARDEN,副詞,一躍,1
1. UNISON SQUARE GARDEN,副詞,未だ,2
1. UNISON SQUARE GARDEN,副詞,かつて,1
1. UNISON SQUARE GARDEN,副詞,よく,1
1. UNISON SQUARE GARDEN,副詞,ずっと,1
1. UNISON SQUARE GARDEN,副詞,いわば,1
1. UNISON SQUARE GARDEN,副詞,最早,1
1. UNISON SQUARE GARDEN,副詞,ひょっとしたら,1
1. UNISON SQUARE GARDEN,副詞,もう少し,2
1. UNISON SQUARE GARDEN,副詞,少し,2
1. UNISON SQUARE GARDEN,副詞,すぐ,1
1. UNISON SQUARE GARDEN,副詞,まだ,3
1. UNISON SQUARE GARDEN,副詞,きっと,2
1. UNISON SQUARE GARDEN,副詞,いざ,1
1. UNISON SQUARE GARDEN,副詞,そんなに,1
1. UNISON SQUARE GARDEN,副詞,実際,1
1. UNISON SQUARE GARDEN,副詞,やけに,1
1. UNISON SQUARE GARDEN,副詞,こんなにも,1
1. UNISON SQUARE GARDEN,副詞,少なくとも,1
1. UNISON SQUARE GARDEN,副詞,また,1
1. UNISON SQUARE GARDEN,副詞,さ,1
1. UNISON SQUARE GARDEN,副詞,ふらりふらり,1
1. UNISON SQUARE GARDEN,副詞,ふわふわ,1
1. UNISON SQUARE GARDEN,副詞,バラバラ,1
1. UNISON SQUARE GARDEN,副詞,はたまた,1
1. UNISON SQUARE GARDEN,副詞,おそらく,1
1. UNISON SQUARE GARDEN,副詞,ふわり,1
1. UNISON SQUARE GARDEN,動詞,割れる,1
1. UNISON SQUARE GARDEN,動詞,変える,1
1. UNISON SQUARE GARDEN,動詞,止まる,1
1. UNISON SQUARE GARDEN,動詞,続く,2
1. UNISON SQUARE GARDEN,動詞,忘れる,1
1. UNISON SQUARE GARDEN,動詞,終わる,3
1. UNISON SQUARE GARDEN,動詞,見える,4
1. UNISON SQUARE GARDEN,動詞,なくなる,2
1. UNISON SQUARE GARDEN,動詞,気付く,2
1. UNISON SQUARE GARDEN,動詞,届く,1
1. UNISON SQUARE GARDEN,動詞,疼く,1
1. UNISON SQUARE GARDEN,動詞,える,1
1. UNISON SQUARE GARDEN,動詞,だす,2
1. UNISON SQUARE GARDEN,動詞,すむ,1
1. UNISON SQUARE GARDEN,動詞,告げる,1
1. UNISON SQUARE GARDEN,動詞,向ける,1
1. UNISON SQUARE GARDEN,動詞,辿る,1
1. UNISON SQUARE GARDEN,動詞,知る,5
1. UNISON SQUARE GARDEN,動詞,会う,1
1. UNISON SQUARE GARDEN,動詞,気づく,3
1. UNISON SQUARE GARDEN,動詞,覚える,1
1. UNISON SQUARE GARDEN,動詞,わく,1
1. UNISON SQUARE GARDEN,動詞,止める,2
1. UNISON SQUARE GARDEN,動詞,抜け出す,1
1. UNISON SQUARE GARDEN,動詞,隠す,1
1. UNISON SQUARE GARDEN,動詞,居る,1
1. UNISON SQUARE GARDEN,動詞,つなぐ,2
1. UNISON SQUARE GARDEN,動詞,落とす,2
1. UNISON SQUARE GARDEN,動詞,聞こえる,4
1. UNISON SQUARE GARDEN,動詞,しまう,3
1. UNISON SQUARE GARDEN,動詞,込める,1
1. UNISON SQUARE GARDEN,動詞,吸い込む,1
1. UNISON SQUARE GARDEN,動詞,回る,1
1. UNISON SQUARE GARDEN,動詞,走り出す,1
1. UNISON SQUARE GARDEN,動詞,着く,1
1. UNISON SQUARE GARDEN,動詞,かかる,1
1. UNISON SQUARE GARDEN,動詞,離す,2
1. UNISON SQUARE GARDEN,動詞,言う,5
1. UNISON SQUARE GARDEN,動詞,嫌う,1
1. UNISON SQUARE GARDEN,動詞,使い古す,1
1. UNISON SQUARE GARDEN,動詞,探す,1
1. UNISON SQUARE GARDEN,動詞,踏み締める,1
1. UNISON SQUARE GARDEN,動詞,暮らす,1
1. UNISON SQUARE GARDEN,動詞,走る,1
1. UNISON SQUARE GARDEN,動詞,映す,1
1. UNISON SQUARE GARDEN,動詞,かまう,1
1. UNISON SQUARE GARDEN,動詞,謳う,1
1. UNISON SQUARE GARDEN,動詞,放つ,1
1. UNISON SQUARE GARDEN,動詞,気取る,1
1. UNISON SQUARE GARDEN,動詞,鳴らす,1
1. UNISON SQUARE GARDEN,動詞,紐解く,1
1. UNISON SQUARE GARDEN,動詞,よろめく,1
1. UNISON SQUARE GARDEN,動詞,飛び乗る,1
1. UNISON SQUARE GARDEN,動詞,描く,3
1. UNISON SQUARE GARDEN,動詞,いける,1
1. UNISON SQUARE GARDEN,動詞,照らす,1
1. UNISON SQUARE GARDEN,動詞,見失う,1
1. UNISON SQUARE GARDEN,動詞,起こせる,1
1. UNISON SQUARE GARDEN,動詞,混じる,1
1. UNISON SQUARE GARDEN,動詞,買う,1
1. UNISON SQUARE GARDEN,動詞,つく,2
1. UNISON SQUARE GARDEN,動詞,入る,1
1. UNISON SQUARE GARDEN,動詞,消す,1
1. UNISON SQUARE GARDEN,動詞,輝く,1
1. UNISON SQUARE GARDEN,動詞,つける,1
1. UNISON SQUARE GARDEN,動詞,見る,5
1. UNISON SQUARE GARDEN,動詞,すませる,1
1. UNISON SQUARE GARDEN,動詞,揺るぐ,1
1. UNISON SQUARE GARDEN,動詞,来る,4
1. UNISON SQUARE GARDEN,動詞,引き下がる,1
1. UNISON SQUARE GARDEN,動詞,終わらす,1
1. UNISON SQUARE GARDEN,動詞,言える,2
1. UNISON SQUARE GARDEN,動詞,刺す,1
1. UNISON SQUARE GARDEN,動詞,泣く,3
1. UNISON SQUARE GARDEN,動詞,迎える,2
1. UNISON SQUARE GARDEN,動詞,食べる,1
1. UNISON SQUARE GARDEN,動詞,帰る,1
1. UNISON SQUARE GARDEN,動詞,はずす,1
1. UNISON SQUARE GARDEN,動詞,遊ぶ,2
1. UNISON SQUARE GARDEN,動詞,殴る,1
1. UNISON SQUARE GARDEN,動詞,捨てる,1
1. UNISON SQUARE GARDEN,動詞,経つ,1
1. UNISON SQUARE GARDEN,動詞,炊く,1
1. UNISON SQUARE GARDEN,動詞,壊す,1
1. UNISON SQUARE GARDEN,動詞,寝る,1
1. UNISON SQUARE GARDEN,動詞,汚す,1
1. UNISON SQUARE GARDEN,動詞,散りばめる,2
1. UNISON SQUARE GARDEN,動詞,づける,1
1. UNISON SQUARE GARDEN,動詞,乱れる,1
1. UNISON SQUARE GARDEN,動詞,欠かす,1
1. UNISON SQUARE GARDEN,動詞,消える,3
1. UNISON SQUARE GARDEN,動詞,飽きる,1
1. UNISON SQUARE GARDEN,動詞,鳴る,3
1. UNISON SQUARE GARDEN,動詞,踊る,1
1. UNISON SQUARE GARDEN,動詞,流す,1
1. UNISON SQUARE GARDEN,動詞,がる,1
1. UNISON SQUARE GARDEN,動詞,動き回る,1
1. UNISON SQUARE GARDEN,動詞,流れる,1
1. UNISON SQUARE GARDEN,動詞,決める,1
1. UNISON SQUARE GARDEN,動詞,語る,1
1. UNISON SQUARE GARDEN,動詞,違う,1
1. UNISON SQUARE GARDEN,動詞,触れる,1
1. UNISON SQUARE GARDEN,動詞,捉える,1
1. UNISON SQUARE GARDEN,動詞,惜しむ,1
1. UNISON SQUARE GARDEN,動詞,出る,1
1. UNISON SQUARE GARDEN,動詞,でる,1
1. UNISON SQUARE GARDEN,動詞,触れ合う,1
1. UNISON SQUARE GARDEN,動詞,入り込む,1
1. UNISON SQUARE GARDEN,動詞,行ける,1
1. UNISON SQUARE GARDEN,動詞,似る,1
1. UNISON SQUARE GARDEN,動詞,取れる,1
1. UNISON SQUARE GARDEN,動詞,思い出す,1
1. UNISON SQUARE GARDEN,動詞,振り返る,2
1. UNISON SQUARE GARDEN,動詞,もらう,1
1. UNISON SQUARE GARDEN,動詞,悩む,1
1. UNISON SQUARE GARDEN,動詞,困る,1
1. UNISON SQUARE GARDEN,動詞,持つ,1
1. UNISON SQUARE GARDEN,動詞,攻める,1
1. UNISON SQUARE GARDEN,動詞,付き合う,1
1. UNISON SQUARE GARDEN,動詞,あおる,1
1. UNISON SQUARE GARDEN,動詞,廃れる,1
1. UNISON SQUARE GARDEN,動詞,響く,1
1. UNISON SQUARE GARDEN,動詞,ずれる,1
1. UNISON SQUARE GARDEN,動詞,開ける,1
1. UNISON SQUARE GARDEN,動詞,合わせる,1
1. UNISON SQUARE GARDEN,動詞,燃える,1
1. UNISON SQUARE GARDEN,動詞,間違う,2
1. UNISON SQUARE GARDEN,動詞,飛ぶ,2
1. UNISON SQUARE GARDEN,動詞,突き刺す,1
1. UNISON SQUARE GARDEN,動詞,置く,1
1. UNISON SQUARE GARDEN,動詞,代わる,1
1. UNISON SQUARE GARDEN,動詞,わかる,2
1. UNISON SQUARE GARDEN,動詞,倒れる,1
1. UNISON SQUARE GARDEN,動詞,咲き誇る,1
1. UNISON SQUARE GARDEN,動詞,いやがる,1
1. UNISON SQUARE GARDEN,動詞,ぐずつく,1
1. UNISON SQUARE GARDEN,動詞,泣きつく,1
1. UNISON SQUARE GARDEN,動詞,信じる,2
1. UNISON SQUARE GARDEN,動詞,揺らす,1
1. UNISON SQUARE GARDEN,動詞,待つ,2
1. UNISON SQUARE GARDEN,動詞,片付ける,1
1. UNISON SQUARE GARDEN,動詞,落ちる,1
1. UNISON SQUARE GARDEN,動詞,繋げる,1
1. UNISON SQUARE GARDEN,動詞,巻く,1
1. UNISON SQUARE GARDEN,動詞,置き換える,1
1. UNISON SQUARE GARDEN,動詞,作る,1
1. UNISON SQUARE GARDEN,動詞,書く,1
1. UNISON SQUARE GARDEN,動詞,並べる,1
1. UNISON SQUARE GARDEN,動詞,離れる,1
1. UNISON SQUARE GARDEN,動詞,ふる,1
1. UNISON SQUARE GARDEN,動詞,いう,1
1. UNISON SQUARE GARDEN,動詞,呼び止める,1
1. UNISON SQUARE GARDEN,動詞,巡る,1
1. UNISON SQUARE GARDEN,動詞,囁く,1
1. UNISON SQUARE GARDEN,動詞,解き放つ,1
1. UNISON SQUARE GARDEN,動詞,飛べる,1
1. UNISON SQUARE GARDEN,動詞,重ねる,1
1. UNISON SQUARE GARDEN,動詞,開く,1
1. UNISON SQUARE GARDEN,動詞,乾く,1
1. UNISON SQUARE GARDEN,動詞,読み込む,1
1. UNISON SQUARE GARDEN,動詞,止む,1
1. UNISON SQUARE GARDEN,動詞,見れる,1
1. UNISON SQUARE GARDEN,動詞,溢れる,1
1. UNISON SQUARE GARDEN,動詞,負ける,1
1. UNISON SQUARE GARDEN,動詞,描ける,1
1. UNISON SQUARE GARDEN,動詞,続ける,1
1. UNISON SQUARE GARDEN,動詞,確かめる,1
1. UNISON SQUARE GARDEN,動詞,出す,1
1. UNISON SQUARE GARDEN,動詞,変わる,1
1. UNISON SQUARE GARDEN,動詞,見向く,1
1. UNISON SQUARE GARDEN,動詞,足りる,1
1. UNISON SQUARE GARDEN,動詞,歌う,1
1. UNISON SQUARE GARDEN,動詞,行く,1
1. UNISON SQUARE GARDEN,動詞,紡ぐ,1
1. UNISON SQUARE GARDEN,動詞,降りそそぐ,1
1. UNISON SQUARE GARDEN,接続詞,ただ,2
1. UNISON SQUARE GARDEN,接続詞,また,3
1. UNISON SQUARE GARDEN,接続詞,そして,2
1. UNISON SQUARE GARDEN,接続詞,いや,2
1. UNISON SQUARE GARDEN,接続詞,それなら,1
1. UNISON SQUARE GARDEN,接続詞,そしたら,1
1. UNISON SQUARE GARDEN,接続詞,よって,1
1. UNISON SQUARE GARDEN,接続詞,だって,1
1. UNISON SQUARE GARDEN,接続詞,でも,2
1. UNISON SQUARE GARDEN,接続詞,それでも,1
1. UNISON SQUARE GARDEN,接続詞,ましてや,1
1. UNISON SQUARE GARDEN,接続詞,例えば,1
1. UNISON SQUARE GARDEN,感動詞,ありがとう,1
1. UNISON SQUARE GARDEN,感動詞,ほら,5
1. UNISON SQUARE GARDEN,感動詞,ぎゃふん,1
1. UNISON SQUARE GARDEN,感動詞,ああ,1
1. UNISON SQUARE GARDEN,感動詞,ねえ,1
1. UNISON SQUARE GARDEN,感動詞,さぁ,2
1. UNISON SQUARE GARDEN,感動詞,さよなら,1
1. UNISON SQUARE GARDEN,連体詞,その,5
1. UNISON SQUARE GARDEN,連体詞,あの,1
1. UNISON SQUARE GARDEN,連体詞,この,5
1. UNISON SQUARE GARDEN,連体詞,同じ,1
1. UNISON SQUARE GARDEN,連体詞,そんな,2
1. UNISON SQUARE GARDEN,連体詞,どんな,1
1. UNISON SQUARE GARDEN,連体詞,こんな,2
1. UNISON SQUARE GARDEN,連体詞,小さな,1
1. UNISON SQUARE GARDEN,形容詞,新しい,1
1. UNISON SQUARE GARDEN,形容詞,悪い,1
1. UNISON SQUARE GARDEN,形容詞,くだらない,1
1. UNISON SQUARE GARDEN,形容詞,よい,3
1. UNISON SQUARE GARDEN,形容詞,気安い,1
1. UNISON SQUARE GARDEN,形容詞,でっかい,1
1. UNISON SQUARE GARDEN,形容詞,無い,2
1. UNISON SQUARE GARDEN,形容詞,優しい,1
1. UNISON SQUARE GARDEN,形容詞,遠い,1
1. UNISON SQUARE GARDEN,形容詞,楽しい,1
1. UNISON SQUARE GARDEN,形容詞,心細い,1
1. UNISON SQUARE GARDEN,形容詞,厳しい,1
1. UNISON SQUARE GARDEN,形容詞,正しい,1
1. UNISON SQUARE GARDEN,形容詞,暑い,1
1. UNISON SQUARE GARDEN,形容詞,汚い,1
1. UNISON SQUARE GARDEN,形容詞,暗い,1
1. UNISON SQUARE GARDEN,形容詞,程遠い,1
1. UNISON SQUARE GARDEN,形容詞,ふがいない,1
総合,名詞,こんなん,1
総合,名詞,興味,10
総合,名詞,情景,2
総合,名詞,ガタガタ,2
総合,名詞,弾道,1
総合,名詞,皆々様,1
総合,名詞,チャンス,3
総合,名詞,新世紀,2
総合,名詞,大人,8
総合,名詞,ランナー,1
総合,名詞,前,22
総合,名詞,めちゃくちゃ,1
総合,名詞,ライドオン,1
総合,名詞,とんずら,1
総合,名詞,顔,9
総合,名詞,フリ,6
総合,名詞,風船,2
総合,名詞,昨日,9
総合,名詞,ゴール,1
総合,名詞,アングル,1
総合,名詞,プライド,4
総合,名詞,平気,2
総合,名詞,残念,4
総合,名詞,時間,16
総合,名詞,形,7
総合,名詞,かなり,2
総合,名詞,サステイン,1
総合,名詞,金メダル,1
総合,名詞,完全,1
総合,名詞,鼓膜,2
総合,名詞,今,40
総合,名詞,怪物,1
総合,名詞,空,20
総合,名詞,待った,4
総合,名詞,土台,1
総合,名詞,20度,2
総合,名詞,lover,1
総合,名詞,からくり,3
総合,名詞,無機質,1
総合,名詞,軽やか,1
総合,名詞,答え,18
総合,名詞,You,4
総合,名詞,12時,2
総合,名詞,雨,8
総合,名詞,想い,11
総合,名詞,誰か,24
総合,名詞,思い,6
総合,名詞,時,20
総合,名詞,願い,5
総合,名詞,リア,1
総合,名詞,君,61
総合,名詞,未来,13
総合,名詞,夢ならば,1
総合,名詞,字,1
総合,名詞,気,26
総合,名詞,魔法,13
総合,名詞,約束の日,2
総合,名詞,境界,1
総合,名詞,アルキメデス,1
総合,名詞,フロー,1
総合,名詞,ワンピース,1
総合,名詞,パーティー,2
総合,名詞,おとぎ話,1
総合,名詞,クローバー,2
総合,名詞,ハンカチーフ,1
総合,名詞,世界,45
総合,名詞,１１月,1
総合,名詞,パズル,3
総合,名詞,時計,13
総合,名詞,ひとつだけ,1
総合,名詞,地球,11
総合,名詞,まやかし,1
総合,名詞,塔,1
総合,名詞,星空,4
総合,名詞,子供,4
総合,名詞,下,4
総合,名詞,八,1
総合,名詞,手,29
総合,名詞,畑,1
総合,名詞,暗号,1
総合,名詞,秘密,2
総合,名詞,誰,28
総合,名詞,通り,9
総合,名詞,好き,15
総合,名詞,may,2
総合,名詞,恋に落ちた,1
総合,名詞,せい,14
総合,名詞,大好き,8
総合,名詞,ここ,14
総合,名詞,今日,32
総合,名詞,know,3
総合,名詞,結末,3
総合,名詞,あなた,8
総合,名詞,にな,1
総合,名詞,映画,3
総合,名詞,暗闇,3
総合,名詞,不恰好,1
総合,名詞,言い訳,4
総合,名詞,背伸び,1
総合,名詞,自転車,2
総合,名詞,低空,1
総合,名詞,完成,1
総合,名詞,不器用,4
総合,名詞,僕,61
総合,名詞,スタイル,2
総合,名詞,ステイドライフ,1
総合,名詞,いつまでも,3
総合,名詞,暫定,2
総合,名詞,満足,3
総合,名詞,未来永劫,1
総合,名詞,バイバイ,4
総合,名詞,自分,12
総合,名詞,2,9
総合,名詞,ひとつ,2
総合,名詞,カラッポ,1
総合,名詞,ヘッドフォン,2
総合,名詞,ステレオ,1
総合,名詞,音,13
総合,名詞,現状,1
総合,名詞,英雄,1
総合,名詞,シンドローム,2
総合,名詞,状態,2
総合,名詞,ロック,3
総合,名詞,高性能,1
総合,名詞,未完成,4
総合,名詞,放物線,2
総合,名詞,どうでしょう,2
総合,名詞,警鐘,2
総合,名詞,ブレイブストーリー,1
総合,名詞,愛,9
総合,名詞,少年,2
総合,名詞,道化師,1
総合,名詞,レインボウ,1
総合,名詞,3秒,2
総合,名詞,分,3
総合,名詞,ウソツキ,1
総合,名詞,リピート,1
総合,名詞,スーパーロードリーダー,1
総合,名詞,現実,9
総合,名詞,愚か,1
総合,名詞,最良,1
総合,名詞,単純,6
総合,名詞,知らんけど,1
総合,名詞,ドラマ,3
総合,名詞,神様,6
総合,名詞,３分間,1
総合,名詞,中,30
総合,名詞,平和,4
総合,名詞,必要,10
総合,名詞,矢印,1
総合,名詞,全知全能,1
総合,名詞,不条理,3
総合,名詞,先,10
総合,名詞,あみだくじ,1
総合,名詞,欲望,2
総合,名詞,森羅万象,1
総合,名詞,この世,3
総合,名詞,時点,2
総合,名詞,発売,1
総合,名詞,準備,14
総合,名詞,用意,4
総合,名詞,場,3
総合,名詞,感情,14
総合,名詞,アンサー,1
総合,名詞,好評,1
総合,名詞,絶景,1
総合,名詞,三歩,1
総合,名詞,さりげ,2
総合,名詞,何,41
総合,名詞,大丈夫,6
総合,名詞,十,4
総合,名詞,ウズウズ,1
総合,名詞,いや,3
総合,名詞,サンプリング,2
総合,名詞,こん,1
総合,名詞,花吹雪,1
総合,名詞,心配,3
総合,名詞,足あと,1
総合,名詞,もん,9
総合,名詞,バカ,6
総合,名詞,億,4
総合,名詞,半透明,1
総合,名詞,エスコート,2
総合,名詞,イメージ,9
総合,名詞,感動,3
総合,名詞,仕草,2
総合,名詞,スマート,1
総合,名詞,どれ,8
総合,名詞,オーケー,1
総合,名詞,笑ってよ,1
総合,名詞,発,1
総合,名詞,反抗期,1
総合,名詞,完全無欠,1
総合,名詞,10人,1
総合,名詞,ピーターパン,1
総合,名詞,ハイボルテージ,1
総合,名詞,年末,1
総合,名詞,年,7
総合,名詞,世界中,2
総合,名詞,一人ぼっち,5
総合,名詞,バカタレ,1
総合,名詞,アップ,2
総合,名詞,サーモスタット,1
総合,名詞,先生,3
総合,名詞,二度,1
総合,名詞,花,4
総合,名詞,飾り,1
総合,名詞,出して,1
総合,名詞,土俵,1
総合,名詞,推測,2
総合,名詞,女王様,1
総合,名詞,一瞬,10
総合,名詞,今年,3
総合,名詞,回,9
総合,名詞,フリダシホームシック,1
総合,名詞,テンポ,1
総合,名詞,お米,1
総合,名詞,シンデレラ,1
総合,名詞,街道,2
総合,名詞,はめ,1
総合,名詞,年頃,3
総合,名詞,あいつ,3
総合,名詞,域,2
総合,名詞,王様,2
総合,名詞,水浸し,2
総合,名詞,馬鹿,1
総合,名詞,ロックンロール,2
総合,名詞,ダイヤモンド,1
総合,名詞,彼,6
総合,名詞,幻,5
総合,名詞,こいつ,1
総合,名詞,厄介,1
総合,名詞,何食わぬ顔,1
総合,名詞,行事,1
総合,名詞,新年,1
総合,名詞,俺,5
総合,名詞,12月,1
総合,名詞,アイドンノウ,1
総合,名詞,いたずら,3
総合,名詞,所在,1
総合,名詞,一,19
総合,名詞,口,3
総合,名詞,急,5
総合,名詞,knows,1
総合,名詞,流線型,2
総合,名詞,スペクタクル,1
総合,名詞,程,3
総合,名詞,明日,17
総合,名詞,愛してよ,1
総合,名詞,どこか,8
総合,名詞,傷,3
総合,名詞,槍,1
総合,名詞,ムービー,1
総合,名詞,アナクロニズム,1
総合,名詞,１２秒,1
総合,名詞,リズム,7
総合,名詞,Who,2
総合,名詞,ヒーロー,3
総合,名詞,ミニチュア,1
総合,名詞,偶然,3
総合,名詞,スポーツニュース,1
総合,名詞,財布,1
総合,名詞,悪魔,1
総合,名詞,情報操作,1
総合,名詞,dong,2
総合,名詞,じゃなくて,3
総合,名詞,水,1
総合,名詞,街角,2
総合,名詞,等身大,3
総合,名詞,あたし,2
総合,名詞,サイコロ,2
総合,名詞,上手,4
総合,名詞,全て,6
総合,名詞,都合,11
総合,名詞,ビーズ,1
総合,名詞,地球儀,3
総合,名詞,恋,10
総合,名詞,不毛,1
総合,名詞,とおり,2
総合,名詞,２ゴール,1
総合,名詞,事,19
総合,名詞,テレビ,3
総合,名詞,綺麗,2
総合,名詞,報道陣,2
総合,名詞,学校,1
総合,名詞,旅,2
総合,名詞,ding,2
総合,名詞,ベース,2
総合,名詞,笑顔,4
総合,名詞,誰のせいでもない,1
総合,名詞,気まぐれ,4
総合,名詞,バイブル,1
総合,名詞,摩天楼,1
総合,名詞,らく,1
総合,名詞,目,36
総合,名詞,夜,19
総合,名詞,救世主,2
総合,名詞,一人,10
総合,名詞,モータウン,1
総合,名詞,ヨロコビ,1
総合,名詞,嘘,15
総合,名詞,部屋,2
総合,名詞,人,9
総合,名詞,朝,8
総合,名詞,シャボン玉,1
総合,名詞,そこら,2
総合,名詞,月,7
総合,名詞,謎,3
総合,名詞,僕ら,16
総合,名詞,キャンバス,2
総合,名詞,日,13
総合,名詞,ローリングデイズ,1
総合,名詞,存外,2
総合,名詞,カリソメローズマリー,1
総合,名詞,国,2
総合,名詞,一日,1
総合,名詞,仮面,1
総合,名詞,残像,2
総合,名詞,夢,15
総合,名詞,天気,2
総合,名詞,とこ,7
総合,名詞,ノリノリ,1
総合,名詞,水族館,1
総合,名詞,思し召し,1
総合,名詞,びん,1
総合,名詞,ライラ,1
総合,名詞,ウィンドウ,1
総合,名詞,周り,3
総合,名詞,デリケート,1
総合,名詞,記録,1
総合,名詞,流行,2
総合,名詞,者,3
総合,名詞,更新,2
総合,名詞,媚,2
総合,名詞,ローリング,2
総合,名詞,全部,18
総合,名詞,ピント,2
総合,名詞,鐘,2
総合,名詞,理論,1
総合,名詞,一緒くた,1
総合,名詞,上,13
総合,名詞,キレイだ,2
総合,名詞,行き先,1
総合,名詞,嫌い,8
総合,名詞,稀,2
総合,名詞,時代,9
総合,名詞,リモノ,1
総合,名詞,おしまい,2
総合,名詞,ハリ,1
総合,名詞,残酷,2
総合,名詞,たま,4
総合,名詞,では,1
総合,名詞,史上,3
総合,名詞,物差し,1
総合,名詞,もんじゃ,2
総合,名詞,無視,2
総合,名詞,一言,1
総合,名詞,ソナタ,1
総合,名詞,北風,1
総合,名詞,フル回転,1
総合,名詞,関係,5
総合,名詞,問題,9
総合,名詞,知らん顔,1
総合,名詞,言葉,24
総合,名詞,彼方,1
総合,名詞,マスター,2
総合,名詞,嵐,2
総合,名詞,頭,14
総合,名詞,バラ色,1
総合,名詞,晴天,1
総合,名詞,健忘症,2
総合,名詞,真夏,1
総合,名詞,きれいな,1
総合,名詞,こんばんは,1
総合,名詞,はず,24
総合,名詞,最新,2
総合,名詞,しや,1
総合,名詞,勝手,8
総合,名詞,秒,1
総合,名詞,5,4
総合,名詞,くせ,3
総合,名詞,ジュークボックス,1
総合,名詞,心象風景,2
総合,名詞,きらん,1
総合,名詞,混沌,1
総合,名詞,あじさい,1
総合,名詞,声,25
総合,名詞,色,9
総合,名詞,言,1
総合,名詞,苦労,3
総合,名詞,路傍の石,1
総合,名詞,山,2
総合,名詞,水彩画,1
総合,名詞,一つ,10
総合,名詞,何処,2
総合,名詞,忘れないでよ,1
総合,名詞,巡り,1
総合,名詞,ノート,1
総合,名詞,瓦,1
総合,名詞,帰り道,4
総合,名詞,雲の上,2
総合,名詞,渦,3
総合,名詞,フレーズ,6
総合,名詞,クライマックス,2
総合,名詞,以上,3
総合,名詞,殻,1
総合,名詞,ステージ,5
総合,名詞,無駄,5
総合,名詞,いつか,11
総合,名詞,カラー,1
総合,名詞,エピローグ,2
総合,名詞,一つ一つ,2
総合,名詞,赤,1
総合,名詞,ゲーム,5
総合,名詞,赤道,1
総合,名詞,言の葉,1
総合,名詞,リ,1
総合,名詞,あれ,3
総合,名詞,白,2
総合,名詞,道の上,1
総合,名詞,にも,5
総合,名詞,物語,7
総合,名詞,無残,1
総合,名詞,じゅう,1
総合,名詞,磯,1
総合,名詞,文字,2
総合,名詞,あくび,1
総合,名詞,風景,3
総合,名詞,３,1
総合,名詞,メートル,1
総合,名詞,新世界,1
総合,名詞,きっと,16
総合,名詞,らん,3
総合,名詞,コントラスト,3
総合,名詞,古いアルバム,1
総合,名詞,超新星,1
総合,名詞,ノー,1
総合,名詞,イコール,1
総合,名詞,達,5
総合,名詞,陽炎,1
総合,名詞,歌,5
総合,名詞,回帰線,1
総合,名詞,モノクローム,1
総合,名詞,流星,2
総合,名詞,サイクル,2
総合,名詞,子供達,1
総合,名詞,四苦八苦,2
総合,名詞,無限,2
総合,名詞,遠く,5
総合,名詞,一個,4
総合,名詞,五線譜,2
総合,名詞,片道,1
総合,名詞,マイクロフォン,1
総合,名詞,そこ,13
総合,名詞,箱庭,3
総合,名詞,かくれんぼ,2
総合,名詞,リアリティ,1
総合,名詞,スケール,3
総合,名詞,パンジー,1
総合,名詞,振動,1
総合,名詞,メロディーライン,1
総合,名詞,向こう,2
総合,名詞,動物,1
総合,名詞,ストーリー,2
総合,名詞,地図,4
総合,名詞,ベンチ,1
総合,名詞,連携,1
総合,名詞,波間,1
総合,名詞,アルゼン,1
総合,名詞,地上,1
総合,名詞,２,1
総合,名詞,絵の具,3
総合,名詞,暮れ,3
総合,名詞,クロール,1
総合,名詞,真ん中,1
総合,名詞,雪,3
総合,名詞,ぞんざい,2
総合,名詞,自身,1
総合,名詞,大さじ,1
総合,名詞,もういいかい,2
総合,名詞,力,2
総合,名詞,チヤホヤ,1
総合,名詞,誤解,1
総合,名詞,妥協,1
総合,名詞,固定観念,1
総合,名詞,ダメ人間,1
総合,名詞,有頂天,1
総合,名詞,自信,7
総合,名詞,シアワセ,3
総合,名詞,メッセンジャーフロム,1
総合,名詞,間,4
総合,名詞,ところ,6
総合,名詞,全世界,2
総合,名詞,小さじ,2
総合,名詞,力持ち,1
総合,名詞,システム,3
総合,名詞,甘え,1
総合,名詞,半端,3
総合,名詞,前人未到,1
総合,名詞,幕,2
総合,名詞,結晶,1
総合,名詞,段,1
総合,名詞,幸せ,17
総合,名詞,闇,4
総合,名詞,順,2
総合,名詞,よそ,1
総合,名詞,キレイゴト,2
総合,名詞,鍵,1
総合,名詞,親切,1
総合,名詞,体,2
総合,名詞,この街,8
総合,名詞,子,8
総合,名詞,バックグラウンド,1
総合,名詞,足音,2
総合,名詞,あと,9
総合,名詞,季節,7
総合,名詞,ベル,2
総合,名詞,風,17
総合,名詞,息遣い,1
総合,名詞,不親切,1
総合,名詞,概念,3
総合,名詞,影,4
総合,名詞,キレイ,5
総合,名詞,管制塔,1
総合,名詞,頓挫,1
総合,名詞,リポーター,1
総合,名詞,不安定,4
総合,名詞,探検,1
総合,名詞,人生,6
総合,名詞,七,2
総合,名詞,空模様,2
総合,名詞,あべこべ,1
総合,名詞,未定,1
総合,名詞,偶像,1
総合,名詞,抜け道,1
総合,名詞,あさきゆめみし,1
総合,名詞,タイミング,2
総合,名詞,金縛り,2
総合,名詞,右,5
総合,名詞,白鳥の湖,1
総合,名詞,台本,1
総合,名詞,微妙,1
総合,名詞,花盛り,2
総合,名詞,コーナー,1
総合,名詞,左,5
総合,名詞,連絡,1
総合,名詞,裏返し,1
総合,名詞,望遠鏡,1
総合,名詞,カーナビ,1
総合,名詞,球体,1
総合,名詞,光と影,2
総合,名詞,さじ加減,1
総合,名詞,お天気,1
総合,名詞,千,7
総合,名詞,神,1
総合,名詞,ニュートラル,1
総合,名詞,雨ふらし,1
総合,名詞,一斉,2
総合,名詞,確率,4
総合,名詞,薄弱,1
総合,名詞,妄信,1
総合,名詞,薬,1
総合,名詞,ビート,2
総合,名詞,ソーシャル,1
総合,名詞,コーヒーカップ,1
総合,名詞,現代,2
総合,名詞,太陽系,1
総合,名詞,お気に入り,3
総合,名詞,考案,3
総合,名詞,深呼吸,3
総合,名詞,アクセサリ,1
総合,名詞,Living,1
総合,名詞,期待,8
総合,名詞,勘違い,2
総合,名詞,茶飯事,1
総合,名詞,たこ,1
総合,名詞,晴れ,1
総合,名詞,ぼっち,1
総合,名詞,夢のまにまに,1
総合,名詞,意志,1
総合,名詞,on,6
総合,名詞,迷信,1
総合,名詞,ティンカーベル,1
総合,名詞,まんま,5
総合,名詞,誰だ,4
総合,名詞,様,24
総合,名詞,ルーフトップ,1
総合,名詞,青い傘,1
総合,名詞,弊害,1
総合,名詞,メロディー,2
総合,名詞,二人,4
総合,名詞,可能性,5
総合,名詞,おかね,1
総合,名詞,戦,1
総合,名詞,オンネノン,1
総合,名詞,ホント,3
総合,名詞,ぜんぜん,1
総合,名詞,セ,1
総合,名詞,つり,1
総合,名詞,だいじ,1
総合,名詞,記念日,2
総合,名詞,はな,1
総合,名詞,ボス,2
総合,名詞,かざり,1
総合,名詞,がまん,1
総合,名詞,ママ,2
総合,名詞,あいだ,1
総合,名詞,ノッテ,1
総合,名詞,一時間,1
総合,名詞,カールルイス,1
総合,名詞,やくそく,1
総合,名詞,ミマワリ,1
総合,名詞,ないか,1
総合,名詞,こはい,1
総合,名詞,大冒険,2
総合,名詞,きょうは,1
総合,名詞,グッバイ,1
総合,名詞,パパ,2
総合,名詞,ドリームランド,1
総合,名詞,カナアミ,1
総合,名詞,ぎりおかしをかうのさ,1
総合,名詞,せんせい,1
総合,名詞,500円,1
総合,名詞,せかい,1
総合,名詞,最高潮,2
総合,名詞,セイ,1
総合,名詞,チョコレイト,1
総合,名詞,たらふく,1
総合,名詞,ざんねん,1
総合,名詞,プラスチックチックノットペイパー,1
総合,名詞,アシカ,1
総合,名詞,ひざ,1
総合,名詞,いらいら,2
総合,名詞,ワールド,1
総合,名詞,セロファン,1
総合,名詞,足,6
総合,名詞,やつ,13
総合,名詞,予測,1
総合,名詞,片思い,1
総合,名詞,方,15
総合,名詞,ラウド,1
総合,名詞,meets,1
総合,名詞,グラウンド,1
総合,名詞,末,2
総合,名詞,バランス,3
総合,名詞,スピード,3
総合,名詞,何度,4
総合,名詞,仲直り,1
総合,名詞,点と線,2
総合,名詞,かっこ,2
総合,名詞,スウィート,1
総合,名詞,場所,3
総合,名詞,テープ,1
総合,名詞,どっか,4
総合,名詞,ボーイミーツガール,1
総合,名詞,he,1
総合,名詞,曖昧,5
総合,名詞,不能,4
総合,名詞,何事,1
総合,名詞,歪,4
総合,名詞,感じ,3
総合,名詞,her,1
総合,名詞,ペン,2
総合,名詞,蜜,1
総合,名詞,ハリボテ,1
総合,名詞,邪魔,14
総合,名詞,私,3
総合,名詞,照れ笑い,1
総合,名詞,言葉少な,1
総合,名詞,模様,4
総合,名詞,お返し,2
総合,名詞,人形,2
総合,名詞,大型,1
総合,名詞,式,1
総合,名詞,関心,2
総合,名詞,無表情,1
総合,名詞,カレンダー,2
総合,名詞,観覧車,1
総合,名詞,日めくり,1
総合,名詞,正直,4
総合,名詞,くま,1
総合,名詞,涙,9
総合,名詞,割,2
総合,名詞,公園,2
総合,名詞,荷,1
総合,名詞,グダグダ,1
総合,名詞,トラック,1
総合,名詞,日常,4
総合,名詞,簡単,7
総合,名詞,話,7
総合,名詞,存在,6
総合,名詞,模範,1
総合,名詞,不思議,6
総合,名詞,その他,1
総合,名詞,解答,2
総合,名詞,大分,1
総合,名詞,おしゃべり,1
総合,名詞,定義,1
総合,名詞,不安,9
総合,名詞,大勢,3
総合,名詞,道,9
総合,名詞,4つ,1
総合,名詞,大小,1
総合,名詞,引き出し,1
総合,名詞,大事,15
総合,名詞,本当,13
総合,名詞,ハードル,1
総合,名詞,教室,1
総合,名詞,ごろうじろ,1
総合,名詞,キライキライキライキライ,1
総合,名詞,キライキライ,1
総合,名詞,脳みそ,1
総合,名詞,基準値,1
総合,名詞,気分,5
総合,名詞,ざまぁ,1
総合,名詞,ダイアリー,2
総合,名詞,ご破算,1
総合,名詞,show time,2
総合,名詞,まみれ,2
総合,名詞,昼夜,2
総合,名詞,ミラーボール,1
総合,名詞,絶対,11
総合,名詞,イェイイェイイェイ,1
総合,名詞,正体,1
総合,名詞,ダンサブル,1
総合,名詞,呼ばわり,1
総合,名詞,コマ,2
総合,名詞,心,29
総合,名詞,オッケー,2
総合,名詞,スタートライン,1
総合,名詞,分の,3
総合,名詞,格闘,1
総合,名詞,理由,17
総合,名詞,怪訝,2
総合,名詞,星,10
総合,名詞,憂鬱,2
総合,名詞,たち,7
総合,名詞,世迷言,1
総合,名詞,宇宙,6
総合,名詞,度目,3
総合,名詞,ミュージシャン,3
総合,名詞,3,6
総合,名詞,ガラクタ,2
総合,名詞,まだ生きてるよ,1
総合,名詞,だめ,2
総合,名詞,適当,6
総合,名詞,縄張り,1
総合,名詞,惑星,1
総合,名詞,ライドオンタイム,2
総合,名詞,埃,2
総合,名詞,手玉,1
総合,名詞,とっく,5
総合,名詞,お次,1
総合,名詞,美男,1
総合,名詞,すごろく,1
総合,名詞,勢ぞろい,1
総合,名詞,海蛍,1
総合,名詞,ハローグーテンタークブエノスタルデス,1
総合,名詞,悲しみ,2
総合,名詞,悪いこと,1
総合,名詞,ムード,4
総合,名詞,場面,2
総合,名詞,美女,1
総合,名詞,夢なら,1
総合,名詞,メリーゴーランド,1
総合,名詞,太陽,8
総合,名詞,喜び,5
総合,名詞,夏,3
総合,名詞,冬,3
総合,名詞,そば,2
総合,名詞,スパゲッティー,1
総合,名詞,トロピカル,1
総合,名詞,ボーナスゲーム,1
総合,名詞,6,1
総合,名詞,ワンチャンス,1
総合,名詞,線,3
総合,名詞,一周,1
総合,名詞,桜,3
総合,名詞,景色,8
総合,名詞,空気,5
総合,名詞,い事,1
総合,名詞,暗がり,1
総合,名詞,意味ありげ,1
総合,名詞,花火,4
総合,名詞,嫌,7
総合,名詞,空白,1
総合,名詞,春,4
総合,名詞,秋,2
総合,名詞,落ち葉,1
総合,名詞,半分,1
総合,名詞,刹那,2
総合,名詞,1,8
総合,名詞,待ち,3
総合,名詞,ピンチ,2
総合,名詞,似て非なるもの,1
総合,名詞,マイ,1
総合,名詞,マスコミ,1
総合,名詞,端,4
総合,名詞,日向ぼっこ,1
総合,名詞,劣等感,4
総合,名詞,ABCDFG,1
総合,名詞,暗室,1
総合,名詞,ライブ,1
総合,名詞,主義,1
総合,名詞,ドキュメント,1
総合,名詞,シュークリーム,1
総合,名詞,噂,1
総合,名詞,技,1
総合,名詞,複合,1
総合,名詞,熱い,1
総合,名詞,E,1
総合,名詞,コードネーム,3
総合,名詞,今夜,8
総合,名詞,サンキュー,1
総合,名詞,妄想,1
総合,名詞,ジョーク,4
総合,名詞,蜂蜜,1
総合,名詞,パンチ,1
総合,名詞,勇気,6
総合,名詞,アイラブニージュー,1
総合,名詞,語彙,1
総合,名詞,つまり,4
総合,名詞,どこ,16
総合,名詞,合言葉,2
総合,名詞,最高,5
総合,名詞,ミュージック,2
総合,名詞,ガラガラポッチ,1
総合,名詞,立ち話,1
総合,名詞,後悔,9
総合,名詞,強制,1
総合,名詞,正面,2
総合,名詞,ひとりぼっち,2
総合,名詞,無い,2
総合,名詞,粉砕,1
総合,名詞,海王星,1
総合,名詞,リプレイ,2
総合,名詞,命令,2
総合,名詞,us,1
総合,名詞,for,2
総合,名詞,後ろ,2
総合,名詞,救済,1
総合,名詞,奥,6
総合,名詞,忘れ物,1
総合,名詞,アトラクション,1
総合,名詞,魔法使い,2
総合,名詞,3分間,1
総合,名詞,中心,3
総合,名詞,絶妙,1
総合,名詞,確か,8
総合,名詞,崇拝,1
総合,名詞,お気に召すまま,2
総合,名詞,それなり,3
総合,名詞,大切,9
総合,名詞,夢語り,1
総合,名詞,痛み,2
総合,名詞,平坦,1
総合,名詞,長い,1
総合,名詞,信頼,2
総合,名詞,頼り,2
総合,名詞,歯,1
総合,名詞,ブランコ,1
総合,名詞,毎日,6
総合,名詞,デイジー,1
総合,名詞,数,7
総合,名詞,未来へ,2
総合,名詞,幸福,1
総合,名詞,呼吸,3
総合,名詞,シーソー,1
総合,名詞,続き,1
総合,名詞,失望,1
総合,名詞,わけ,7
総合,名詞,最後,8
総合,名詞,トンネル,2
総合,名詞,絶望,1
総合,名詞,一緒,3
総合,名詞,ココデオワルハズガナイノニ,1
総合,名詞,底,2
総合,名詞,ヴィーナスサステイン,1
総合,名詞,オーディエンス,1
総合,名詞,技術,1
総合,名詞,半信半疑,1
総合,名詞,紡,1
総合,名詞,千里眼,1
総合,名詞,あっちこっち,1
総合,名詞,意味,13
総合,名詞,日々,5
総合,名詞,Perfectly,1
総合,名詞,盛大,2
総合,名詞,さっき,4
総合,名詞,げる,1
総合,名詞,Euphoria,1
総合,名詞,青春,3
総合,名詞,判定,1
総合,名詞,ガール,1
総合,名詞,十分,7
総合,名詞,発表,1
総合,名詞,スーパースター,1
総合,名詞,テンション,2
総合,名詞,遠くへ,1
総合,名詞,めっそう,1
総合,名詞,宙,3
総合,名詞,連続,2
総合,名詞,ドラマチック,2
総合,名詞,適度,2
総合,名詞,街並み,1
総合,名詞,MAX,1
総合,名詞,右手,2
総合,名詞,ナイフ,2
総合,名詞,お宝,1
総合,名詞,審議,3
総合,名詞,度,5
総合,名詞,たん,1
総合,名詞,乾杯,1
総合,名詞,あなたに,1
総合,名詞,オリオンをなぞる,1
総合,名詞,空前絶後,1
総合,名詞,退屈,10
総合,名詞,面影,1
総合,名詞,いない,4
総合,名詞,やり方,1
総合,名詞,パレット,1
総合,名詞,街,18
総合,名詞,ゴミ箱,1
総合,名詞,夜が明ける前に,2
総合,名詞,今世紀,3
総合,名詞,エメラルド,1
総合,名詞,有象無象,1
総合,名詞,無敵,3
総合,名詞,何度でも,1
総合,名詞,何度も,1
総合,名詞,レコード,1
総合,名詞,囁き,2
総合,名詞,行く先,1
総合,名詞,小波,1
総合,名詞,シュプレヒコール,1
総合,名詞,闇夜,1
総合,名詞,ロックンローラー,1
総合,名詞,自由,2
総合,名詞,生活,3
総合,名詞,無意識,1
総合,名詞,名前,5
総合,名詞,ラブソング,2
総合,名詞,think,1
総合,名詞,sing,1
総合,名詞,that,4
総合,名詞,ふざけんなよ,1
総合,名詞,you,8
総合,名詞,like,7
総合,名詞,合図,5
総合,名詞,feel,3
総合,名詞,頃,6
総合,名詞,一期一会,1
総合,名詞,開放弦,1
総合,名詞,彷彿,1
総合,名詞,鬼ごっこ,1
総合,名詞,as,1
総合,名詞,大音量,1
総合,名詞,思い出,3
総合,名詞,too shy,1
総合,名詞,ハリケーン,1
総合,名詞,調子,3
総合,名詞,頂戴,1
総合,名詞,そん,3
総合,名詞,kid,1
総合,名詞,alright,1
総合,名詞,I,13
総合,名詞,オリジナル,2
総合,名詞,it,7
総合,名詞,メッキ,1
総合,名詞,s,8
総合,名詞,quartet,1
総合,名詞,喜怒哀楽,2
総合,名詞,静か,3
総合,名詞,都会,1
総合,名詞,Beat,1
総合,名詞,just,2
総合,名詞,造形,1
総合,名詞,当たり前,5
総合,名詞,四つ,1
総合,名詞,listen,1
総合,名詞,陽,2
総合,名詞,What,1
総合,名詞,オブラート,1
総合,名詞,夜桜,1
総合,名詞,Catch,1
総合,名詞,うやむや,1
総合,名詞,is,5
総合,名詞,チューニング,2
総合,名詞,tell,1
総合,名詞,or,3
総合,名詞,君の声,4
総合,名詞,限界,2
総合,名詞,一方的,1
総合,名詞,彼ら,1
総合,名詞,カウントダウン,2
総合,名詞,こだま,1
総合,名詞,ビスケット,2
総合,名詞,疑問,4
総合,名詞,胸,5
総合,名詞,みんな,9
総合,名詞,天の川,1
総合,名詞,状況,1
総合,名詞,ポッケ,1
総合,名詞,待ちぼうけ,1
総合,名詞,今週末,1
総合,名詞,辞書,4
総合,名詞,チクタクチクタクチクタクチク,1
総合,名詞,行こう,3
総合,名詞,膠着,1
総合,名詞,スタジオ,1
総合,名詞,チクタクチクタクチク,1
総合,名詞,ナイショ,2
総合,名詞,リハーサル,1
総合,名詞,気持ち,10
総合,名詞,ステップ,3
総合,名詞,仮想,1
総合,名詞,熱中,1
総合,名詞,want,1
総合,名詞,しびれ,1
総合,名詞,脳内,5
総合,名詞,元,2
総合,名詞,温もり,1
総合,名詞,インスタント,3
総合,名詞,ブレイク,1
総合,名詞,コンスタント,1
総合,名詞,献立,2
総合,名詞,メッセージ,4
総合,名詞,弾丸,1
総合,名詞,笑み,1
総合,名詞,来年,1
総合,名詞,to,6
総合,名詞,be,4
総合,名詞,息,8
総合,名詞,心臓,3
総合,名詞,2つ,1
総合,名詞,離れ離れ,1
総合,名詞,枕,1
総合,名詞,コンビニ,1
総合,名詞,晩,1
総合,名詞,明後日,2
総合,名詞,くるりくるり,1
総合,名詞,フォーミング,1
総合,名詞,5時,2
総合,名詞,精算,1
総合,名詞,ため息,5
総合,名詞,夕方,1
総合,名詞,瞬間,14
総合,名詞,small,2
総合,名詞,指,4
総合,名詞,too,2
総合,名詞,箇条書き,1
総合,名詞,ピース,2
総合,名詞,OK,5
総合,名詞,倍,1
総合,名詞,別れ,2
総合,名詞,ほう,2
総合,名詞,たくさん,4
総合,名詞,フラッシュバック,1
総合,名詞,昔話,1
総合,名詞,200,1
総合,名詞,通過,4
総合,名詞,背,3
総合,名詞,改札,1
総合,名詞,余裕,1
総合,名詞,内緒,2
総合,名詞,西日,1
総合,名詞,気球に乗って,1
総合,名詞,このまま,5
総合,名詞,夜空,1
総合,名詞,隠し事,1
総合,名詞,始まり,1
総合,名詞,大切さ,1
総合,名詞,夢の中,3
総合,名詞,歩いて行こう,1
総合,名詞,かな,3
総合,名詞,過去,6
総合,名詞,物,3
総合,名詞,宝物,4
総合,名詞,キャッチ,1
総合,名詞,最大,1
総合,名詞,ナヨナヨパンチ,1
総合,名詞,散々,4
総合,名詞,ファイティングポーズ,2
総合,名詞,期待はずれ,1
総合,名詞,上等,1
総合,名詞,的,7
総合,名詞,いかが,1
総合,名詞,ピアス,1
総合,名詞,コーズ,1
総合,名詞,蚊,1
総合,名詞,明日の天気,1
総合,名詞,満点,1
総合,名詞,了解,1
総合,名詞,予報,2
総合,名詞,彼女,4
総合,名詞,科学,1
総合,名詞,居眠り,1
総合,名詞,ご都合主義,1
総合,名詞,ワールドワイド,1
総合,名詞,勝ち,3
総合,名詞,Yeah,1
総合,名詞,秘策,1
総合,名詞,麦わら帽子,1
総合,名詞,この方,1
総合,名詞,しゃれ,1
総合,名詞,寝ても覚めても,1
総合,名詞,そうだ,5
総合,名詞,我慢,1
総合,名詞,ちょうだい,1
総合,名詞,限り,7
総合,名詞,キャパシティ,1
総合,名詞,かわり,1
総合,名詞,お手上げ,1
総合,名詞,泣いても笑っても,1
総合,名詞,楽しみ,2
総合,名詞,冷蔵庫,1
総合,名詞,野原,1
総合,名詞,なっちゃった,1
総合,名詞,大嫌い,4
総合,名詞,プティング,1
総合,名詞,先週末,1
総合,名詞,高飛び,2
総合,名詞,サンデイ,1
総合,名詞,事例,1
総合,名詞,この国,2
総合,名詞,会い,1
総合,名詞,一緒に,3
総合,名詞,キャラ,1
総合,名詞,立て,1
総合,名詞,扉,1
総合,名詞,ご飯,1
総合,名詞,マンデイ,1
総合,名詞,とって置き,1
総合,名詞,トシッチャ,1
総合,名詞,お願い,3
総合,名詞,バカンス,1
総合,名詞,悪役,1
総合,名詞,オーライ,1
総合,名詞,night,1
総合,名詞,アドレス,1
総合,名詞,こちら,3
総合,名詞,全快,1
総合,名詞,お知らせ,1
総合,名詞,手ごろ,1
総合,名詞,反動,1
総合,名詞,fu,1
総合,名詞,恒例,1
総合,名詞,第六感,1
総合,名詞,切符,1
総合,名詞,迷子,6
総合,名詞,fu-fu,1
総合,名詞,手術中,1
総合,名詞,スタンディングダウン,1
総合,名詞,ヴィーナス,1
総合,名詞,わたくし,1
総合,名詞,め,1
総合,名詞,サバイバー,1
総合,名詞,当たり,1
総合,名詞,Hard,1
総合,名詞,場違い,3
総合,名詞,口笛,1
総合,名詞,ご法度,1
総合,名詞,命日,1
総合,名詞,負け惜しみ,1
総合,名詞,所,2
総合,名詞,るつぼ,2
総合,名詞,Bang,1
総合,名詞,歳,1
総合,名詞,体制,3
総合,名詞,首,2
総合,名詞,値段,1
総合,名詞,ラララララ,1
総合,名詞,新た,1
総合,名詞,さん,6
総合,名詞,ネット,2
総合,名詞,ハミングバード,1
総合,名詞,不愉快,1
総合,名詞,トゥー・トゥー・トゥー,1
総合,名詞,day,2
総合,名詞,エイプリルフール,1
総合,名詞,皮肉,2
総合,名詞,タフ,1
総合,名詞,うち,4
総合,名詞,.com,1
総合,名詞,5センチ,1
総合,名詞,キス,1
総合,名詞,誇らしげ,1
総合,名詞,様々,2
総合,名詞,光,5
総合,名詞,百,3
総合,名詞,尋常,1
総合,名詞,モウマンタイ,1
総合,名詞,芽,2
総合,名詞,不特定,1
総合,名詞,御用,1
総合,名詞,三十本,1
総合,名詞,一切,1
総合,名詞,束,1
総合,名詞,解決,4
総合,名詞,後,7
総合,名詞,要素,1
総合,名詞,普通,1
総合,名詞,自由自在,1
総合,名詞,真似,1
総合,名詞,つもり,3
総合,名詞,モノ,1
総合,名詞,十二分,1
総合,名詞,ハレルヤ,1
総合,名詞,選択肢,2
総合,名詞,幅,2
総合,名詞,キリ,2
総合,名詞,trick,1
総合,名詞,予感,1
総合,名詞,雑誌,1
総合,名詞,おまえ,2
総合,名詞,物知り,1
総合,名詞,CIDER ROAD,1
総合,名詞,どっち,5
総合,名詞,大袈裟,1
総合,名詞,性,5
総合,名詞,advertisement,1
総合,名詞,両手,3
総合,名詞,十全,1
総合,名詞,道しるべ,2
総合,名詞,レモネード,1
総合,名詞,節操,1
総合,名詞,な!,1
総合,名詞,右折禁止,1
総合,名詞,迷わないで,1
総合,名詞,有用,1
総合,名詞,次,8
総合,名詞,バカ野郎,1
総合,名詞,ハート,5
総合,名詞,sweet,2
総合,名詞,あれこれ,2
総合,名詞,盲目,1
総合,名詞,再生,1
総合,名詞,happy birthday,1
総合,名詞,事態,1
総合,名詞,すか,1
総合,名詞,素人,1
総合,名詞,好球,1
総合,名詞,birthday,1
総合,名詞,crazy,3
総合,名詞,達者,1
総合,名詞,see,4
総合,名詞,ゃなきゃじゃなくって,1
総合,名詞,あからさま,1
総合,名詞,絶,1
総合,名詞,フライ,2
総合,名詞,チェンジ,1
総合,名詞,1番,1
総合,名詞,残暑,1
総合,名詞,文面,1
総合,名詞,はねずみ,1
総合,名詞,more,2
総合,名詞,わき目,1
総合,名詞,絶賛,2
総合,名詞,面,2
総合,名詞,八つ裂き,1
総合,名詞,ノーモア,1
総合,名詞,大正解,1
総合,名詞,稽古,1
総合,名詞,ここら,2
総合,名詞,hey,2
総合,名詞,ポテンシャル,1
総合,名詞,シュレッダー,1
総合,名詞,常時,1
総合,名詞,並々,1
総合,名詞,玄人,1
総合,名詞,oh,4
総合,名詞,白目,1
総合,名詞,NO,3
総合,名詞,猛暑,1
総合,名詞,根気,1
総合,名詞,真実,8
総合,名詞,We,2
総合,名詞,ー,2
総合,名詞,やる気,1
総合,名詞,道理,3
総合,名詞,時系列,1
総合,名詞,モーツァルト,1
総合,名詞,歩,5
総合,名詞,友達,4
総合,名詞,独り,5
総合,名詞,他,4
総合,名詞,acquaintance,1
総合,名詞,こっち,4
総合,名詞,根拠,1
総合,名詞,裏,3
総合,名詞,heart,3
総合,名詞,歴史,2
総合,名詞,無理,1
総合,名詞,君の名前,2
総合,名詞,precious,1
総合,名詞,きた,1
総合,名詞,レシピ,1
総合,名詞,friend,1
総合,名詞,同情,2
総合,名詞,word,1
総合,名詞,沢山,5
総合,名詞,ともだち,1
総合,名詞,響き,1
総合,名詞,守りたいもの,2
総合,名詞,cool,2
総合,名詞,約束,7
総合,名詞,確認,1
総合,名詞,自在,4
総合,名詞,suddenly,1
総合,名詞,by,1
総合,名詞,進行中,1
総合,名詞,ハチミツ,1
総合,名詞,レンガ,1
総合,名詞,yourself,1
総合,名詞,整合性,2
総合,名詞,造り,1
総合,名詞,ワルツ,1
総合,名詞,希望,7
総合,名詞,猫,2
総合,名詞,眠り,1
総合,名詞,逆,1
総合,名詞,ウォール,1
総合,名詞,奥手,1
総合,名詞,仲,2
総合,名詞,トレンド,1
総合,名詞,朝が来る,1
総合,名詞,down,1
総合,名詞,夢見てる,1
総合,名詞,シャンデリア,1
総合,名詞,針,3
総合,名詞,加速,2
総合,名詞,A,2
総合,名詞,フィット,1
総合,名詞,重力,2
総合,名詞,ハローグッバイ,1
総合,名詞,引力,4
総合,名詞,stand up,1
総合,名詞,ハッピー,1
総合,名詞,目と,1
総合,名詞,ロード,1
総合,名詞,shout,2
総合,名詞,the,5
総合,名詞,眠れない夜,1
総合,名詞,徐々,2
総合,名詞,pardon,2
総合,名詞,up,3
総合,名詞,テーマソング,1
総合,名詞,差し,1
総合,名詞,way,3
総合,名詞,路地,2
総合,名詞,教会,1
総合,名詞,三,2
総合,名詞,Hey,3
総合,名詞,鼻,2
総合,名詞,影響,2
総合,名詞,最近,1
総合,名詞,林,1
総合,名詞,ハーレム,1
総合,名詞,観測,1
総合,名詞,それぞれ,2
総合,名詞,華,1
総合,名詞,流れ星,1
総合,名詞,いっせー,1
総合,名詞,サイズ,3
総合,名詞,shiny,1
総合,名詞,ある日,1
総合,名詞,内容,1
総合,名詞,肉,2
総合,名詞,六,1
総合,名詞,拍子,1
総合,名詞,酒池,1
総合,名詞,世の常,1
総合,名詞,小学校,1
総合,名詞,ready?,2
総合,名詞,タダ,1
総合,名詞,正義,7
総合,名詞,自慢,3
総合,名詞,データ,1
総合,名詞,逃走,1
総合,名詞,代用,1
総合,名詞,one,2
総合,名詞,人間,1
総合,名詞,価値,2
総合,名詞,still alive,1
総合,名詞,途方,2
総合,名詞,少年少女,1
総合,名詞,いつ,6
総合,名詞,回避,1
総合,名詞,培養,1
総合,名詞,満月,1
総合,名詞,遜色,1
総合,名詞,正解,6
総合,名詞,沙汰,1
総合,名詞,二,2
総合,名詞,in,5
総合,名詞,from,2
総合,名詞,0円,1
総合,名詞,スマイル,1
総合,名詞,イノベート,1
総合,名詞,energy,1
総合,名詞,思考停止,2
総合,名詞,運命,11
総合,名詞,ベルリンの壁,1
総合,名詞,むしろ,1
総合,名詞,Are,1
総合,名詞,意識,3
総合,名詞,no,3
総合,名詞,場合,1
総合,名詞,リニア,1
総合,名詞,ブルー,1
総合,名詞,ショウ,2
総合,名詞,容易,2
総合,名詞,万事,4
総合,名詞,果て,1
総合,名詞,イミテーション,2
総合,名詞,ビッグ,1
総合,名詞,夕焼け,2
総合,名詞,メロディ,2
総合,名詞,些細な,2
総合,名詞,そっと,1
総合,名詞,無我夢中,1
総合,名詞,リニアブルーを聴きながら,1
総合,名詞,不正解,1
総合,名詞,大丈夫だよ,2
総合,名詞,アンバランス,1
総合,名詞,意図,3
総合,名詞,逆境,1
総合,名詞,本気,2
総合,名詞,順繰り,1
総合,名詞,天文学的,2
総合,名詞,きり,2
総合,名詞,今すぐ,1
総合,名詞,重要,2
総合,名詞,狙い,2
総合,名詞,躊躇,2
総合,名詞,僕は君,3
総合,名詞,シロップ,1
総合,名詞,ラビット,1
総合,名詞,出て,2
総合,名詞,カフェテラス,1
総合,名詞,スタート,2
総合,名詞,The,2
総合,名詞,says,1
総合,名詞,あまり,1
総合,名詞,出会い,1
総合,名詞,悩み,1
総合,名詞,ドア,2
総合,名詞,丁寧,3
総合,名詞,最初,3
総合,名詞,シーン,3
総合,名詞,手と手,1
総合,名詞,黄昏,2
総合,名詞,spell,1
総合,名詞,ミルク,1
総合,名詞,ご機嫌,1
総合,名詞,地点,1
総合,名詞,一番,2
総合,名詞,step by step,1
総合,名詞,呪文,2
総合,名詞,big bang!,1
総合,名詞,run,1
総合,名詞,and,3
総合,名詞,coffee,1
総合,名詞,check,2
総合,名詞,knock,1
総合,名詞,譜面,1
総合,名詞,おじぎ,1
総合,名詞,章,1
総合,名詞,ボーイ・ミーツ・ガール,1
総合,名詞,Rabbit,1
総合,名詞,face to face,2
総合,名詞,almost,1
総合,名詞,door,1
総合,名詞,僕にできること,1
総合,名詞,slow,1
総合,名詞,チェック,2
総合,名詞,最低,2
総合,名詞,地面,2
総合,名詞,遊び,5
総合,名詞,ブックマーク,1
総合,名詞,万,3
総合,名詞,切り売り,1
総合,名詞,歩いた,1
総合,名詞,半数,1
総合,名詞,別,1
総合,名詞,物怖じ,1
総合,名詞,目覚まし,1
総合,名詞,カメレオン,1
総合,名詞,slow down,1
総合,名詞,仲間入り,1
総合,名詞,片手間,1
総合,名詞,デジタルカメラ,1
総合,名詞,素敵,2
総合,名詞,灰色,1
総合,名詞,未知,1
総合,名詞,握り,1
総合,名詞,出口,2
総合,名詞,法律,1
総合,名詞,お人好し,1
総合,名詞,喧騒,1
総合,名詞,作りもの,1
総合,名詞,一生,1
総合,名詞,拍子抜け,1
総合,名詞,火,4
総合,名詞,かも,3
総合,名詞,画素,1
総合,名詞,端っこ,1
総合,名詞,難解,2
総合,名詞,おとぎ,1
総合,名詞,あてずっぽう,1
総合,名詞,秘密基地,2
総合,名詞,延長線,1
総合,名詞,午後,1
総合,名詞,視界,3
総合,名詞,角度,2
総合,名詞,四角,1
総合,名詞,スペース,1
総合,名詞,紙,1
総合,名詞,アスファルト,2
総合,名詞,あるかな,1
総合,名詞,飛行機,1
総合,名詞,わがまま,7
総合,名詞,孤独,5
総合,名詞,入り混じり,1
総合,名詞,片隅,1
総合,名詞,笑い話,1
総合,名詞,ウロウロ,1
総合,名詞,好きだから,1
総合,名詞,三角,1
総合,名詞,電話,1
総合,名詞,おまけ,2
総合,名詞,モドカシフロー,1
総合,名詞,あの日,1
総合,名詞,星座,2
総合,名詞,スパイラル,1
総合,名詞,精,1
総合,名詞,無尽蔵,2
総合,名詞,前哨戦,1
総合,名詞,コーヒー,2
総合,名詞,only,1
総合,名詞,step,3
総合,名詞,ピエロ,1
総合,名詞,wait,1
総合,名詞,数多,1
総合,名詞,セレナーデ,1
総合,名詞,たる,1
総合,名詞,ケース,1
総合,名詞,一方,1
総合,名詞,話題,2
総合,名詞,lonely,2
総合,名詞,質問,1
総合,名詞,アイテム,1
総合,名詞,ラベル,3
総合,名詞,記憶,2
総合,名詞,心拍数,1
総合,名詞,夜が明けるまで,1
総合,名詞,BPM,3
総合,名詞,朝日,4
総合,名詞,君に届け,1
総合,名詞,永遠,3
総合,名詞,わんない,1
総合,名詞,伝,1
総合,名詞,リンク,3
総合,名詞,奇跡,3
総合,名詞,今度,1
総合,名詞,最後の夜,1
総合,名詞,流星のスコール,1
総合,名詞,白い,3
総合,名詞,待ち合わせ,1
総合,名詞,泣き虫,1
総合,名詞,お世話,1
総合,名詞,true,1
総合,名詞,baby,4
総合,名詞,雰囲気,1
総合,名詞,作り,1
総合,名詞,ソート,1
総合,名詞,不純,2
総合,名詞,イルミ,1
総合,名詞,礼儀,1
総合,名詞,動機,1
総合,名詞,倍率,1
総合,名詞,シグネイチャー,1
総合,名詞,デッドヒート,2
総合,名詞,郷,1
総合,名詞,矛盾,3
総合,名詞,夕暮れ,1
総合,名詞,同じ月を見ている,1
総合,名詞,ジグザグ,2
総合,名詞,寒空,1
総合,名詞,サンディ,1
総合,名詞,事件,4
総合,名詞,a,4
総合,名詞,ストレート,1
総合,名詞,肩,2
総合,名詞,お呼び立て,1
総合,名詞,ターミナル,1
総合,名詞,森,2
総合,名詞,will,1
総合,名詞,ヒント,1
総合,名詞,恋人たち,1
総合,名詞,気まま,2
総合,名詞,仕方,1
総合,名詞,見通し,1
総合,名詞,花びら,3
総合,名詞,伝統,1
総合,名詞,銃声,1
総合,名詞,加味,1
総合,名詞,真っ白,1
総合,名詞,サブマシンガン,1
総合,名詞,成長,3
総合,名詞,鴎外,1
総合,名詞,栄光,4
総合,名詞,水晶,1
総合,名詞,街頭,1
総合,名詞,ぬるま湯,1
総合,名詞,霊媒師,1
総合,名詞,フリーク,1
総合,名詞,風邪,1
総合,名詞,拙者,1
総合,名詞,予期,1
総合,名詞,相当,3
総合,名詞,改名,1
総合,名詞,確証,1
総合,名詞,ぴき,1
総合,名詞,満載,1
総合,名詞,絶頂,1
総合,名詞,現象,2
総合,名詞,幻想,1
総合,名詞,にべ,2
総合,名詞,正攻法,1
総合,名詞,フェイク,1
総合,名詞,スコセッシ,1
総合,名詞,維持,1
総合,名詞,エゴイスト,1
総合,名詞,ルールブック,1
総合,名詞,ストップモーション,1
総合,名詞,feeling,2
総合,名詞,不気味,1
総合,名詞,いくつ,2
総合,名詞,電車,1
総合,名詞,どん,1
総合,名詞,地蔵,1
総合,名詞,糊しろ,1
総合,名詞,偏屈,1
総合,名詞,意地,4
総合,名詞,outside,1
総合,名詞,ステンドグラス,1
総合,名詞,隙間,4
総合,名詞,ふぞろい,1
総合,名詞,腰,1
総合,名詞,hoping,1
総合,名詞,衣服,1
総合,名詞,たまえ,2
総合,名詞,正当,1
総合,名詞,常識,9
総合,名詞,ボンド,1
総合,名詞,帰り,2
総合,名詞,dreaming,1
総合,名詞,窮屈,1
総合,名詞,なのか,1
総合,名詞,手段,1
総合,名詞,呼び出し,1
総合,名詞,シナプス,1
総合,名詞,メガネ,2
総合,名詞,ボタン,2
総合,名詞,一杯,2
総合,名詞,なす,1
総合,名詞,どいつもこいつも,1
総合,名詞,いたまえ,1
総合,名詞,際,3
総合,名詞,観察,1
総合,名詞,彩り,1
総合,名詞,負け,1
総合,名詞,旋律,2
総合,名詞,地位,1
総合,名詞,震え,1
総合,名詞,名誉,2
総合,名詞,言葉にできない,1
総合,名詞,カッコ,1
総合,名詞,一変,1
総合,名詞,命,6
総合,名詞,煙,1
総合,名詞,出,1
総合,名詞,ストリート,1
総合,名詞,基準,3
総合,名詞,絶好,2
総合,名詞,仕掛け,1
総合,名詞,理想,4
総合,名詞,択,1
総合,名詞,秒間,1
総合,名詞,三秒間,1
総合,名詞,車,2
総合,名詞,シューゲイザー,1
総合,名詞,原理,1
総合,名詞,呼応,1
総合,名詞,スピーカー,1
総合,名詞,事情,1
総合,名詞,足元,2
総合,名詞,思考回路,1
総合,名詞,交差点,2
総合,名詞,耽美,1
総合,名詞,at,1
総合,名詞,温度,2
総合,名詞,逃げ場,2
総合,名詞,song,2
総合,名詞,把握,1
総合,名詞,ノンストップ,3
総合,名詞,fact,1
総合,名詞,音楽,1
総合,名詞,一掃,1
総合,名詞,last,1
総合,名詞,ヒットソング,1
総合,名詞,各個,1
総合,名詞,正論,3
総合,名詞,基本,1
総合,名詞,無心,1
総合,名詞,遍,1
総合,名詞,深層心理,3
総合,名詞,純粋,8
総合,名詞,具現化,1
総合,名詞,接近,2
総合,名詞,あぶり出,1
総合,名詞,苦し紛れ,1
総合,名詞,今宵,3
総合,名詞,my,4
総合,名詞,重低音,1
総合,名詞,精査,2
総合,名詞,複雑,2
総合,名詞,差異,1
総合,名詞,高揚感,2
総合,名詞,願望,1
総合,名詞,must,2
総合,名詞,化,3
総合,名詞,判例,1
総合,名詞,倍音,1
総合,名詞,派手,4
総合,名詞,実感,2
総合,名詞,遠望,1
総合,名詞,序列,1
総合,名詞,信念,3
総合,名詞,証拠,2
総合,名詞,天秤,2
総合,名詞,雑多,1
総合,名詞,loud,1
総合,名詞,じゃじゃじゃ,1
総合,名詞,アンプリファー,1
総合,名詞,四重奏,1
総合,名詞,でたらめ,2
総合,名詞,キック,1
総合,名詞,play,1
総合,名詞,future,1
総合,名詞,絶好調,1
総合,名詞,with,1
総合,名詞,la,2
総合,名詞,何回,4
総合,名詞,remember,2
総合,名詞,ギター,2
総合,名詞,惜しみ,1
総合,名詞,青春時代,1
総合,名詞,エレキギター,1
総合,名詞,wanna,1
総合,名詞,打て,1
総合,名詞,do,1
総合,名詞,スイッチ,3
総合,名詞,quartets,1
総合,名詞,試金石,1
総合,名詞,can,1
総合,名詞,ホコリ,1
総合,名詞,願い事,1
総合,名詞,say,4
総合,名詞,嘘つき,1
総合,名詞,番狂わせ,1
総合,名詞,symphony,1
総合,名詞,shall,1
総合,名詞,lead,1
総合,名詞,melody,1
総合,名詞,いろは,1
総合,名詞,reaction,1
総合,名詞,その後,3
総合,名詞,かけら,1
総合,名詞,忘れないよ,1
総合,名詞,All,1
総合,名詞,継続,2
総合,名詞,大人になっても,1
総合,名詞,望み,1
総合,名詞,カウンター,1
総合,名詞,箒,1
総合,名詞,chance,1
総合,名詞,ちりとり,1
総合,名詞,勘弁,1
総合,名詞,微動,1
総合,名詞,少女,1
総合,名詞,以下略,1
総合,名詞,ゴミ,4
総合,名詞,情緒,2
総合,名詞,国境,1
総合,名詞,当方,1
総合,名詞,歌詞,1
総合,名詞,焼却炉,1
総合,名詞,石橋,1
総合,名詞,蒙昧,1
総合,名詞,あっけ,1
総合,名詞,4,1
総合,名詞,ぺがして,1
総合,名詞,はいい,1
総合,名詞,連戦連敗,1
総合,名詞,目線,1
総合,名詞,経文,1
総合,名詞,金,1
総合,名詞,勝算,2
総合,名詞,結果,2
総合,名詞,マイクチェックマイクチェック,1
総合,名詞,斜め,3
総合,名詞,生涯,2
総合,名詞,termination,1
総合,名詞,your eyes,1
総合,名詞,威信,1
総合,名詞,戦争,2
総合,名詞,please,2
総合,名詞,だーと,1
総合,名詞,ビショップ,1
総合,名詞,やれ,1
総合,名詞,プロフェッショナル,1
総合,名詞,決勝戦,1
総合,名詞,教科書,1
総合,名詞,田淵,1
総合,名詞,片手,1
総合,名詞,固定,1
総合,名詞,異常,3
総合,名詞,写真,4
総合,名詞,旅路,1
総合,名詞,リボン,2
総合,名詞,またね,1
総合,名詞,隣,3
総合,名詞,裏側,2
総合,名詞,ぐわかっちゃうんだね,1
総合,名詞,ルール,2
総合,名詞,元気,3
総合,名詞,君の背中,1
総合,名詞,名,3
総合,名詞,ダメ,6
総合,名詞,背中,3
総合,名詞,許可証,1
総合,名詞,ピッチャー,1
総合,名詞,ストロー,1
総合,名詞,人類,4
総合,名詞,タイムマシン,1
総合,名詞,操縦,1
総合,名詞,主審,1
総合,名詞,上空,1
総合,名詞,傍,1
総合,名詞,君の街まで,1
総合,名詞,倒立,1
総合,名詞,フレンチ,1
総合,名詞,hard,1
総合,名詞,相談,1
総合,名詞,gonna,1
総合,名詞,ハワイアン,1
総合,名詞,バスケットシューズ,1
総合,名詞,ものさし,1
総合,名詞,beam,1
総合,名詞,アメリカ,1
総合,名詞,ポンコツ,1
総合,名詞,摂理,1
総合,名詞,むをえんって,1
総合,名詞,判断,2
総合,名詞,1本,1
総合,名詞,ハリクマハリタ,1
総合,名詞,ふらっと,1
総合,名詞,everything,1
総合,名詞,首都,1
総合,名詞,チョコレート,1
総合,名詞,覚悟,6
総合,名詞,異論,1
総合,名詞,速度,1
総合,名詞,ラブロマンス,1
総合,名詞,決めて,1
総合,名詞,壁,2
総合,名詞,マウンド,1
総合,名詞,マダガスカル,1
総合,名詞,Bon Voyage,1
総合,名詞,法則,1
総合,名詞,本能,1
総合,名詞,出来事,1
総合,名詞,パラドクス,1
総合,名詞,稀代,1
総合,名詞,華麗,2
総合,名詞,若,1
総合,名詞,大騒ぎ,1
総合,名詞,danger danger,1
総合,名詞,規制,1
総合,名詞,無様,2
総合,名詞,your,2
総合,名詞,悲惨,1
総合,名詞,贔屓目,1
総合,名詞,shooting,1
総合,名詞,mind,1
総合,名詞,hand,1
総合,名詞,伊達,2
総合,名詞,後戻り,2
総合,名詞,生意気,2
総合,名詞,執心,1
総合,名詞,破廉恥,1
総合,名詞,届け,1
総合,名詞,スパイス,1
総合,名詞,勃発,1
総合,名詞,坊や,1
総合,名詞,余計,2
総合,名詞,大事件,1
総合,名詞,shake,1
総合,名詞,ミライ,1
総合,名詞,託,1
総合,名詞,shooting star,1
総合,名詞,そのままで,1
総合,名詞,価値観,1
総合,名詞,50万,1
総合,名詞,値打ち,1
総合,名詞,ディナー,2
総合,名詞,マジで,1
総合,名詞,100,2
総合,名詞,ゴメン,1
総合,名詞,味気,1
総合,名詞,ヒカル,1
総合,名詞,ギリギリ,1
総合,名詞,窓,1
総合,名詞,犠牲,2
総合,名詞,鉄道,1
総合,名詞,リアクション,2
総合,名詞,まいこん,1
総合,名詞,鮮やか,1
総合,名詞,銀河,1
総合,名詞,柄,1
総合,名詞,優雅,1
総合,名詞,そんなもんだろう,1
総合,名詞,偽善者,1
総合,名詞,harmonized finale,1
総合,名詞,橋,2
総合,名詞,don,2
総合,名詞,猜疑心,1
総合,名詞,m,4
総合,名詞,並行,1
総合,名詞,皆,1
総合,名詞,t,2
総合,名詞,新しい時代,1
総合,名詞,ポケット,1
総合,名詞,ヘタクソ,1
総合,名詞,大層,1
総合,名詞,永久,1
総合,名詞,I miss you,4
総合,名詞,with you,1
総合,名詞,虚栄,1
総合,名詞,羞恥心,1
総合,名詞,立派,1
総合,名詞,懇願,1
総合,名詞,さりげなく,2
総合,名詞,楽譜,3
総合,名詞,人間なんて,1
総合,名詞,care,1
総合,名詞,育ち,2
総合,名詞,shots,1
総合,名詞,殿方,1
総合,名詞,騒ぎ,2
総合,名詞,bass,1
総合,名詞,過ち,1
総合,名詞,drums,1
総合,名詞,show,2
総合,名詞,手の内,1
総合,名詞,レディー,2
総合,名詞,質素,1
総合,名詞,謙遜,1
総合,名詞,beat,1
総合,名詞,成り行き,1
総合,名詞,善行,1
総合,名詞,ファースト,1
総合,名詞,normal,1
総合,名詞,フラ,1
総合,名詞,Watch,1
総合,名詞,愛嬌,2
総合,名詞,chaotic,1
総合,名詞,Let's,1
総合,名詞,fakest,1
総合,名詞,tick,2
総合,名詞,ミスター,1
総合,名詞,札束,1
総合,名詞,same,1
総合,名詞,プレゼント,1
総合,名詞,呼び声,1
総合,名詞,不要,1
総合,名詞,time,3
総合,名詞,不意,1
総合,名詞,tomato,1
総合,名詞,気楽,1
総合,名詞,this,1
総合,名詞,stay,1
総合,名詞,I'll be there,1
総合,名詞,談合,1
総合,名詞,clever,1
総合,名詞,無邪気,1
総合,名詞,名簿,1
総合,名詞,挙句,1
総合,名詞,ストレイト,1
総合,名詞,tack,1
総合,名詞,想定外,1
総合,名詞,裏切り,1
総合,名詞,天国と地獄,1
総合,名詞,回答,2
総合,名詞,駄々,1
総合,名詞,ただ,3
総合,名詞,気概,1
総合,名詞,fresh,1
総合,名詞,血,3
総合,名詞,thank,1
総合,名詞,容疑,1
総合,名詞,around,1
総合,名詞,狂乱,2
総合,名詞,狡猾な,1
総合,名詞,ダイヤ,2
総合,名詞,トライアド,1
総合,名詞,条件,1
総合,名詞,論理,1
総合,名詞,しょうが,2
総合,名詞,コール,1
総合,名詞,興味本位,2
総合,名詞,喧嘩,1
総合,名詞,エマージェンシー,3
総合,名詞,おかげ,1
総合,名詞,暮らし,1
総合,名詞,自適,1
総合,名詞,宇宙遊泳,1
総合,名詞,危険信号,1
総合,名詞,研究所,1
総合,名詞,移動,1
総合,名詞,回路,2
総合,名詞,演算,1
総合,名詞,症,3
総合,名詞,群れ,1
総合,名詞,多数,2
総合,名詞,奇異,1
総合,名詞,ミステリアス,1
総合,名詞,被害者,1
総合,名詞,団結,1
総合,名詞,厚化粧,1
総合,名詞,癖,5
総合,名詞,now,2
総合,名詞,知的生命体,1
総合,名詞,侵略,1
総合,名詞,戦艦,1
総合,名詞,見物,1
総合,名詞,捕獲,1
総合,名詞,加害者,1
総合,名詞,phase,1
総合,名詞,悠々,1
総合,名詞,Alien,1
総合,名詞,en,1
総合,名詞,遭難,1
総合,名詞,小手調べ,1
総合,名詞,Ali,1
総合,名詞,いね,1
総合,名詞,捏造,1
総合,名詞,still,1
総合,名詞,一見,1
総合,名詞,ままごと,1
総合,名詞,It,1
総合,名詞,an,1
総合,名詞,別物,1
総合,名詞,洗いざらい,1
総合,名詞,question?,1
総合,名詞,next,1
総合,名詞,ちゃち,2
総合,名詞,アンドゥトロワ,1
総合,名詞,of,2
総合,名詞,半人前,1
総合,名詞,右往左往,1
総合,名詞,私情,1
総合,名詞,explosion,1
総合,名詞,規模,1
総合,名詞,冷遇,1
総合,名詞,Last,1
総合,名詞,短絡,1
総合,名詞,問答,1
総合,名詞,ミックスジュース,1
総合,名詞,暇つぶし,2
総合,名詞,机,1
総合,名詞,illusion,1
総合,名詞,しがらみ,1
総合,名詞,目先,1
総合,名詞,session,2
総合,名詞,一聴,3
総合,名詞,一着,1
総合,名詞,sorry,1
総合,名詞,い,1
総合,名詞,味,3
総合,名詞,贅沢,2
総合,名詞,ジューサー,1
総合,名詞,造作もない,1
総合,名詞,エゴイズム,2
総合,名詞,Like,1
総合,名詞,ハンプティダンプティ,1
総合,名詞,にわか雨,1
総合,名詞,お水,1
総合,名詞,栞,1
総合,名詞,理性,1
総合,名詞,End,1
総合,名詞,mission,1
総合,名詞,萌芽,1
総合,名詞,trust,1
総合,名詞,荷物,1
総合,名詞,ボリューム,1
総合,名詞,ドレミ,1
総合,名詞,マスク,1
総合,名詞,謝礼,1
総合,名詞,ハニホ,1
総合,名詞,プリーズ,1
総合,名詞,轟,1
総合,名詞,現ナマ,1
総合,名詞,支払い,1
総合,名詞,パンピー・ゴータク・シッタガルタ,1
総合,名詞,カード,1
総合,名詞,Ciao,1
総合,名詞,adios,1
総合,名詞,言語,1
総合,名詞,敵,2
総合,名詞,午前3時,1
総合,名詞,美人,1
総合,名詞,sincerely,1
総合,名詞,処刑,1
総合,名詞,譲渡,1
総合,名詞,ジェントルシャレード,1
総合,名詞,除外,1
総合,名詞,yours,1
総合,名詞,出来レース,1
総合,名詞,エンドロール,1
総合,名詞,如雨露,1
総合,名詞,記載,1
総合,名詞,呆然,2
総合,名詞,エルサレム,1
総合,名詞,酸素,1
総合,名詞,非難,1
総合,名詞,パレード,1
総合,名詞,胸騒ぎ,2
総合,名詞,とはいえ,1
総合,名詞,洒落,1
総合,名詞,図,1
総合,名詞,台風,1
総合,名詞,格別,2
総合,名詞,chorus,1
総合,名詞,オンステージ,1
総合,名詞,徹底的,1
総合,名詞,3分,1
総合,名詞,論,2
総合,名詞,two,1
総合,名詞,Tick,1
総合,名詞,ムカ,1
総合,名詞,絆,2
総合,名詞,断続,1
総合,名詞,section,1
総合,名詞,muddy,1
総合,名詞,来世,1
総合,名詞,Nonstop,1
総合,名詞,デリバリー,1
総合,名詞,ハロー,1
総合,名詞,待望,1
総合,名詞,鼓動,4
総合,名詞,史上最高,1
総合,名詞,航空,1
総合,名詞,最上級,1
総合,名詞,羽,2
総合,名詞,上品,3
総合,名詞,road,1
総合,名詞,共犯,1
総合,名詞,attract,1
総合,名詞,Freaky,1
総合,名詞,存分,1
総合,名詞,片道切符,2
総合,名詞,Keep,1
総合,名詞,5分,1
総合,名詞,No.6,1
総合,名詞,おいで,1
総合,名詞,辺,1
総合,名詞,ゲリラ,1
総合,名詞,ビター,1
総合,名詞,合理主義,2
総合,名詞,エトセトラ,1
総合,名詞,等速,1
総合,名詞,こっちを向いてよ,1
総合,名詞,リフレクション,1
総合,名詞,ビターステップ,1
総合,名詞,狂騒,1
総合,名詞,ソング,1
総合,名詞,平等,1
総合,名詞,稚拙,1
総合,名詞,パーティ,1
総合,名詞,人だかり,1
総合,名詞,一難,1
総合,名詞,ママレード,1
総合,名詞,Rambling,1
総合,名詞,天変地異,1
総合,名詞,ピーナッツ,1
総合,名詞,ing,1
総合,名詞,天気予報,1
総合,名詞,Someday,1
総合,名詞,道具,1
総合,名詞,Goes,1
総合,名詞,宵,1
総合,名詞,Feel,1
総合,名詞,距離,3
総合,名詞,蓋然性,2
総合,名詞,シュガー,1
総合,名詞,QED,1
総合,名詞,証明,3
総合,名詞,coaster,1
総合,名詞,僕らの音楽,2
総合,名詞,北北東,1
総合,名詞,南南西,1
総合,名詞,後方,1
総合,名詞,連鎖,2
総合,名詞,シュガーソングピーナッツ,1
総合,名詞,Wow,2
総合,名詞,アップデート,1
総合,名詞,リフレクト,1
総合,名詞,一興,1
総合,名詞,僕たち,4
総合,名詞,原理主義,1
総合,名詞,祭囃子,1
総合,名詞,寄る辺,2
総合,名詞,モノクロ,2
総合,名詞,展望,2
総合,名詞,診断,2
総合,名詞,真相究明,2
総合,名詞,darling,2
総合,名詞,相貌,2
総合,名詞,首謀,2
総合,名詞,無謀,2
総合,名詞,緊急事態,2
総合,名詞,順調,2
総合,名詞,少数派,2
総合,名詞,十中,2
総合,名詞,カラフル,2
総合,名詞,小数,2
総合,名詞,連中,2
総合,名詞,20発,2
総合,名詞,カウンセリング,2
総合,名詞,敬虔,2
総合,名詞,兆候,2
総合,名詞,進行,2
総合,名詞,静養,2
総合,名詞,一二,2
総合,名詞,自浄,2
総合,名詞,めいた,2
総合,名詞,即効,2
総合,名詞,のっぺらぼう,2
総合,名詞,不発,2
総合,名詞,参謀,2
総合,名詞,随時,2
総合,名詞,平穏,2
総合,名詞,異端,2
総合,名詞,血気,2
総合,名詞,ショート,2
総合,名詞,局所麻酔,2
総合,名詞,タイトロープ,2
総合,名詞,5時間,2
総合,名詞,がらんどう,2
総合,名詞,永劫,3
総合,名詞,罪悪感,2
総合,名詞,連帯感,2
総合,名詞,う後,2
総合,名詞,システマティック,2
総合,名詞,施策,2
総合,名詞,ヵ年,2
総合,名詞,熱暴走,2
総合,名詞,量産,2
総合,名詞,ガイドブック,2
総合,名詞,琴線,2
総合,名詞,無情,2
総合,名詞,賛辞,2
総合,名詞,love you,3
総合,名詞,見込み,2
総合,名詞,委細,2
総合,名詞,損,3
総合,名詞,10,2
総合,名詞,ホープ,2
総合,名詞,ニセモノ,2
総合,名詞,痴呆症,2
総合,名詞,視,2
総合,名詞,感,2
総合,名詞,被疑,2
総合,名詞,ICU,2
総合,名詞,ホンモノ,2
総合,名詞,刺激的,1
総合,名詞,fine,1
総合,名詞,プリンセス,1
総合,名詞,坊っちゃん,1
総合,名詞,Shut,1
総合,名詞,物陰,1
総合,名詞,絶え間,1
総合,名詞,轟音,1
総合,名詞,ライオン,1
総合,名詞,悲劇,3
総合,名詞,ゴング,1
総合,名詞,グルーヴ,1
総合,名詞,斎藤,1
総合,名詞,オトバ,1
総合,名詞,嬢,1
総合,名詞,不調,1
総合,名詞,くちづけ,1
総合,名詞,エスケープ,2
総合,名詞,cheeky,1
総合,名詞,騒音,1
総合,名詞,Hello,3
総合,名詞,あんた,1
総合,名詞,break,1
総合,名詞,極上,1
総合,名詞,peaky,1
総合,名詞,ちゃん,1
総合,名詞,代わり,2
総合,名詞,抜き打ち,1
総合,名詞,日和,1
総合,名詞,だらけ,4
総合,名詞,クロスカウンター,1
総合,名詞,ジャブ,1
総合,名詞,乱打,1
総合,名詞,マル,2
総合,名詞,サラマンダー,1
総合,名詞,Choose me!,1
総合,名詞,フック,1
総合,名詞,タイム,2
総合,名詞,貯金,1
総合,名詞,dead or alive,1
総合,名詞,hit,1
総合,名詞,制限,1
総合,名詞,陰鬱,1
総合,名詞,瓦解,1
総合,名詞,御覧,1
総合,名詞,怠惰,1
総合,名詞,どちら,3
総合,名詞,息継ぎ,1
総合,名詞,油断,3
総合,名詞,鳴り,4
総合,名詞,出来損ない,1
総合,名詞,サラバ,1
総合,名詞,ハットハットハット,1
総合,名詞,奇跡的,1
総合,名詞,漬け,1
総合,名詞,穴,1
総合,名詞,ペケ,1
総合,名詞,本日,2
総合,名詞,怪奇,1
総合,名詞,例,3
総合,名詞,スウェート,1
総合,名詞,喜劇,1
総合,名詞,スラップ,1
総合,名詞,歓喜,1
総合,名詞,察し,1
総合,名詞,迷路,3
総合,名詞,快楽,1
総合,名詞,追試,1
総合,名詞,パラダイス,1
総合,名詞,オーバーワーク,1
総合,名詞,zoo,1
総合,名詞,快気,1
総合,名詞,スペード,1
総合,名詞,Oh,3
総合,名詞,what,1
総合,名詞,補習,1
総合,名詞,エイドリアン,1
総合,名詞,ちゃぶ台,1
総合,名詞,現世,1
総合,名詞,brake,1
総合,名詞,肩身,1
総合,名詞,鬱憤,1
総合,名詞,Take,1
総合,名詞,及第点,1
総合,名詞,チョークチョークチョークヤバ,1
総合,名詞,いいじゃない,2
総合,名詞,アツ,1
総合,名詞,王国,2
総合,名詞,お気持ち,1
総合,名詞,ハジ,1
総合,名詞,me,4
総合,名詞,サブドミナントセブンス,1
総合,名詞,シュレーディンガー,1
総合,名詞,チャラ,2
総合,名詞,ラルラルラ,1
総合,名詞,教え,1
総合,名詞,オブジェクション,1
総合,名詞,台,1
総合,名詞,童,1
総合,名詞,フッダー,1
総合,名詞,dice,1
総合,名詞,身,1
総合,名詞,ヘッダー,1
総合,名詞,あぶく,1
総合,名詞,破竹,1
総合,名詞,チャンプ,1
総合,名詞,しゃべる,1
総合,名詞,常世,1
総合,名詞,あんまり,1
総合,名詞,yeah,2
総合,名詞,キラ,1
総合,名詞,餓鬼,1
総合,名詞,夢心地,1
総合,名詞,クルセイダー,1
総合,名詞,願わくば,1
総合,名詞,湯,1
総合,名詞,冗談,5
総合,名詞,罪,1
総合,名詞,ビバノンノ,1
総合,名詞,汚職,1
総合,名詞,シチュー,1
総合,名詞,コード,1
総合,名詞,骨,2
総合,名詞,ハイドラ,1
総合,名詞,罰,1
総合,名詞,先人,1
総合,名詞,業,1
総合,名詞,楽園,2
総合,名詞,道化,1
総合,名詞,手術,1
総合,名詞,パンドラ,1
総合,名詞,Buster,1
総合,名詞,アルハンハン,1
総合,名詞,隠し味,1
総合,名詞,インク,1
総合,名詞,警報,1
総合,名詞,前提,2
総合,名詞,転覆,1
総合,名詞,トランク,1
総合,名詞,謀,1
総合,名詞,騙し討,1
総合,名詞,解釈,2
総合,名詞,こだわり,1
総合,名詞,main,1
総合,名詞,道徳,1
総合,名詞,パンク,1
総合,名詞,マジ,2
総合,名詞,alert,1
総合,名詞,リミット,2
総合,名詞,逆手,1
総合,名詞,勉強,1
総合,名詞,大惨事,1
総合,名詞,寸法,1
総合,名詞,1分,1
総合,名詞,不幸,2
総合,名詞,デザート,3
総合,名詞,通奏低音,1
総合,名詞,SOS,2
総合,名詞,サドンデス,1
総合,名詞,soul,1
総合,名詞,冷淡,1
総合,名詞,哲学,1
総合,名詞,シュレッド,1
総合,名詞,解決策,1
総合,名詞,生き方,1
総合,名詞,知,1
総合,名詞,stop,1
総合,名詞,限,1
総合,名詞,雲,3
総合,名詞,瞑想,1
総合,名詞,難航,1
総合,名詞,神経,1
総合,名詞,り事,1
総合,名詞,思考,1
総合,名詞,理屈,2
総合,名詞,ランク,1
総合,名詞,1秒,1
総合,名詞,寸前,1
総合,名詞,賽,2
総合,名詞,ハレーション,1
総合,名詞,容赦,2
総合,名詞,仕事,3
総合,名詞,引き換え,1
総合,名詞,一挙手一投足,1
総合,名詞,迷走,1
総合,名詞,味方,1
総合,名詞,歯車,2
総合,名詞,隅,1
総合,名詞,ページ,5
総合,名詞,テキスト,1
総合,名詞,うな,1
総合,名詞,道のり,1
総合,名詞,公式,1
総合,名詞,お手本,2
総合,名詞,ゼロ,2
総合,名詞,めいっぱい,1
総合,名詞,解き方,1
総合,名詞,飛行機雲,1
総合,名詞,平行,1
総合,名詞,いじわる,1
総合,名詞,今夏,1
総合,名詞,罰ゲーム,1
総合,名詞,本音,1
総合,名詞,シュート,1
総合,名詞,ナイアガラ,1
総合,名詞,機微,1
総合,名詞,曲がり角,1
総合,名詞,反応,1
総合,名詞,ギア,1
総合,名詞,お金,1
総合,名詞,呑気,1
総合,名詞,貴重,1
総合,名詞,他所,2
総合,名詞,そうそう,1
総合,名詞,エゴ,1
総合,名詞,他人事,1
総合,名詞,美辞,1
総合,名詞,差,1
総合,名詞,ドライブ,1
総合,名詞,うさぎ,1
総合,名詞,低速,1
総合,名詞,儲け,1
総合,名詞,上気,1
総合,名詞,大変,1
総合,名詞,誰も知らない,1
総合,名詞,直後,1
総合,名詞,小説,1
総合,名詞,Friday,1
総合,名詞,ジーザス,1
総合,名詞,さかさ,1
総合,名詞,冷静さ,1
総合,名詞,草原,1
総合,名詞,見覚え,1
総合,名詞,気味,2
総合,名詞,麗句,1
総合,名詞,ジャッジ,2
総合,名詞,しょ,1
総合,名詞,伸縮性,1
総合,名詞,瑣末,1
総合,名詞,塵,1
総合,名詞,練習,1
総合,名詞,プライオリティ,1
総合,名詞,ざま,1
総合,名詞,back,1
総合,名詞,小数点,1
総合,名詞,仕業,1
総合,名詞,罠,2
総合,名詞,備蓄米,1
総合,名詞,バリケード,1
総合,名詞,Understand,1
総合,名詞,Check,2
総合,名詞,Say,1
総合,名詞,お櫃,1
総合,名詞,享楽,1
総合,名詞,re,2
総合,名詞,他人,1
総合,名詞,plan,1
総合,名詞,name,1
総合,名詞,やろう,2
総合,名詞,communication,1
総合,名詞,own,1
総合,名詞,無意味,2
総合,名詞,メダル,1
総合,名詞,セット,1
総合,名詞,流れ,2
総合,名詞,算段,1
総合,名詞,トロフィー,1
総合,名詞,ねじ,1
総合,名詞,品定め,1
総合,名詞,逆効果,2
総合,名詞,ブレンド,1
総合,名詞,精度,1
総合,名詞,civilization,1
総合,名詞,anti,1
総合,名詞,新米,1
総合,名詞,有体,1
総合,名詞,拡張,1
総合,名詞,code,1
総合,名詞,タイムリミット,1
総合,名詞,有史,1
総合,名詞,日和見主義,1
総合,名詞,コーディネート,1
総合,名詞,4年,2
総合,名詞,カチコチ,1
総合,名詞,ta,1
総合,名詞,playing,1
総合,名詞,ロマンス,1
総合,名詞,以来,1
総合,名詞,僥倖,1
総合,名詞,地球の自転,1
総合,名詞,お手をどうぞ,1
総合,名詞,要,1
総合,名詞,メロドラマ,1
総合,名詞,コンタクト,1
総合,名詞,かい,1
総合,名詞,Eyes,2
総合,名詞,toe,1
総合,名詞,rolling,1
総合,名詞,110,1
総合,名詞,あちこち,1
総合,名詞,主人公,1
総合,名詞,1b,1
総合,名詞,片足,1
総合,名詞,シンパシー,1
総合,名詞,一方通行,1
総合,名詞,eat,1
総合,名詞,eyes,1
総合,名詞,お呼び,1
総合,名詞,right,3
総合,名詞,やってみよう,1
総合,名詞,善,2
総合,名詞,%,1
総合,名詞,such,1
総合,名詞,悪,2
総合,名詞,the light,1
総合,名詞,肝心,1
総合,名詞,子供だまし,1
総合,名詞,賛美,1
総合,名詞,無数,1
総合,名詞,笑止,1
総合,名詞,ひとつまみ,1
総合,名詞,フレーム,1
総合,名詞,動揺,1
総合,名詞,キャッチボール,1
総合,名詞,焦燥,1
総合,名詞,わびさび,1
総合,名詞,yes,1
総合,名詞,sec,1
総合,名詞,近く,1
総合,名詞,純情,2
総合,名詞,テイクミーアウト,2
総合,名詞,嗤,1
総合,名詞,興奮,1
総合,名詞,変,2
総合,名詞,ぐなんでなんだっけ,1
総合,名詞,ちぐ,1
総合,名詞,恋なんて,1
総合,名詞,カラクリ,1
総合,名詞,並,1
総合,名詞,アンビエント,1
総合,名詞,瞳,1
総合,名詞,神出鬼没,1
総合,名詞,センチメント,1
総合,名詞,不穏,1
総合,名詞,虚像,1
総合,名詞,ワケ,1
総合,名詞,grumble,1
総合,名詞,得て,1
総合,名詞,コンフューズド,1
総合,名詞,杯,1
総合,名詞,金色,1
総合,名詞,咀嚼,1
総合,名詞,バスタオル,1
総合,名詞,病,1
総合,名詞,虹色,1
総合,名詞,答,3
総合,名詞,リセット,1
総合,名詞,人間の性,1
総合,名詞,失敗,1
総合,名詞,保証,1
総合,名詞,ループ,2
総合,名詞,像,1
総合,名詞,即座,2
総合,名詞,同意,2
総合,名詞,潮,1
総合,名詞,昇華,1
総合,名詞,軽口,1
総合,名詞,Trickster,1
総合,名詞,問い,1
総合,名詞,Music,1
総合,名詞,一蓮托生,1
総合,名詞,しだ,1
総合,名詞,ぐちゃぐちゃ,1
総合,名詞,Secret,1
総合,名詞,コンパクト,1
総合,名詞,判決,1
総合,名詞,味付け,1
総合,名詞,logic,1
総合,名詞,真相,1
総合,名詞,ユートピア,2
総合,名詞,bad,2
総合,名詞,手のひら,2
総合,名詞,言語化,1
総合,名詞,微塵,1
総合,名詞,むずりかゆいから,1
総合,名詞,席,1
総合,名詞,あなたの世界,1
総合,名詞,インパクト,1
総合,名詞,いわかん,1
総合,名詞,論外,1
総合,名詞,情状,1
総合,名詞,断片,1
総合,名詞,責任,1
総合,名詞,Dizzy,1
総合,名詞,酌量,1
総合,名詞,番組,1
総合,名詞,クレッシェンド,1
総合,名詞,チューイング,1
総合,名詞,片,1
総合,名詞,the heart,1
総合,名詞,タクト,1
総合,名詞,解,1
総合,名詞,Sonatine,1
総合,名詞,香り,1
総合,名詞,30度,1
総合,名詞,髪,1
総合,名詞,迷い,1
総合,名詞,観,1
総合,名詞,日曜,1
総合,名詞,見当,1
総合,名詞,合唱,1
総合,名詞,吐息,1
総合,名詞,今回,1
総合,名詞,想像,2
総合,名詞,行動力,1
総合,名詞,缶コーヒー,1
総合,名詞,果物,1
総合,名詞,オーケストラ,1
総合,名詞,ガム,1
総合,名詞,楽章,1
総合,名詞,そうかな,1
総合,名詞,汗,1
総合,名詞,10センチ,1
総合,名詞,信号,3
総合,名詞,演奏,1
総合,名詞,フレーバー,1
総合,名詞,Well,1
総合,名詞,ないこ,1
総合,名詞,I'll,2
総合,名詞,雑言,2
総合,名詞,束の間,1
総合,名詞,万全,1
総合,名詞,待た,1
総合,名詞,多難,1
総合,名詞,あまた,1
総合,名詞,承諾,1
総合,名詞,驚天動地,1
総合,名詞,当分,1
総合,名詞,call,1
総合,名詞,苦言,1
総合,名詞,情,1
総合,名詞,来,1
総合,名詞,town,1
総合,名詞,awesome,1
総合,名詞,着,1
総合,名詞,無,2
総合,名詞,ずさん,1
総合,名詞,手中,1
総合,名詞,then,1
総合,名詞,Fake,2
総合,名詞,45度,1
総合,名詞,sane,1
総合,名詞,Rock,1
総合,名詞,気配,1
総合,名詞,現在地,1
総合,名詞,truth,1
総合,名詞,戦線,1
総合,名詞,Roll,1
総合,名詞,喝采,3
総合,名詞,パーセンテージ,1
総合,名詞,前途,3
総合,名詞,drop,1
総合,名詞,welcome,1
総合,名詞,享受,1
総合,名詞,生命,1
総合,名詞,悪鬼羅刹,1
総合,名詞,万物,1
総合,名詞,愛してる,2
総合,名詞,お待,1
総合,名詞,trick or treat,1
総合,名詞,反吐,1
総合,名詞,安堵,1
総合,名詞,tragedy,1
総合,名詞,羅漢,1
総合,名詞,当面,1
総合,名詞,but,1
総合,名詞,日常茶飯,1
総合,名詞,n,1
総合,名詞,certainly,1
総合,名詞,面倒,2
総合,名詞,恍惚,2
総合,名詞,暮,1
総合,名詞,目覚め,1
総合,名詞,左右,1
総合,名詞,虚勢,1
総合,名詞,甘美,1
総合,名詞,昼,1
総合,名詞,静謐,1
総合,名詞,ビル,1
総合,名詞,効き目,1
総合,名詞,清濁,1
総合,名詞,Frame,1
総合,名詞,眩暈,1
総合,名詞,タクシー,1
総合,名詞,置き去り,1
総合,名詞,点滅,1
総合,名詞,東京,1
総合,名詞,予想,1
総合,名詞,アプローチ,1
総合,名詞,モード,3
総合,名詞,全く,3
総合,名詞,残,1
総合,名詞,シャットダウン,1
総合,名詞,量,1
総合,名詞,out,2
総合,名詞,電池,1
総合,名詞,ヘッドライト,1
総合,名詞,気取り,1
総合,名詞,風に乗って,1
総合,名詞,寄せて,1
総合,名詞,訥々,1
総合,名詞,位置,1
総合,名詞,Silent,1
総合,名詞,何様,1
総合,名詞,見立て,1
総合,名詞,等間隔,1
総合,名詞,徹,1
総合,名詞,ガタ,1
総合,名詞,がく,1
総合,名詞,白黒,1
総合,名詞,乱舞,1
総合,名詞,Mirage,1
総合,名詞,段取り,1
総合,名詞,癪,1
総合,名詞,五臓,1
総合,名詞,ソラシド,1
総合,名詞,賭け,1
総合,名詞,Libre,1
総合,名詞,ライバル,1
総合,名詞,横目,1
総合,名詞,真面目,1
総合,名詞,余白,1
総合,名詞,言霊,1
総合,名詞,乱反射,1
総合,名詞,クイックモーション,1
総合,名詞,あて,1
総合,名詞,外野,1
総合,名詞,当て,1
総合,名詞,空間,1
総合,名詞,くず,1
総合,名詞,主導権,1
総合,名詞,八分目,1
総合,名詞,匂い,2
総合,名詞,取って,1
総合,名詞,フェーズ,1
総合,名詞,ノイズ,1
総合,名詞,凛,1
総合,名詞,土足,1
総合,名詞,感覚,2
総合,名詞,ピッチ,1
総合,名詞,じき,1
総合,名詞,蝶々,1
総合,名詞,散り散り,1
総合,名詞,連ね,1
総合,名詞,ネオンサイン,1
総合,名詞,浮世,1
総合,名詞,jungle,1
総合,名詞,各自,1
総合,名詞,怒り,1
総合,名詞,無力,2
総合,名詞,雑念,2
総合,名詞,正常,2
総合,名詞,収拾,1
総合,名詞,難易,1
総合,名詞,じまえ,1
総合,名詞,事前説明,1
総合,名詞,争い,1
総合,名詞,桜吹雪,1
総合,名詞,相違,1
総合,名詞,無礼講,1
総合,名詞,千切,1
総合,名詞,辺り,1
総合,名詞,順位,1
総合,名詞,逆転,1
総合,名詞,残響,1
総合,名詞,もやもや,1
総合,名詞,懐古,1
総合,名詞,袂,1
総合,名詞,違い,1
総合,名詞,ワンパンチ,1
総合,名詞,休み,1
総合,名詞,しのぎ,1
総合,名詞,key,1
総合,名詞,オフサイド,1
総合,名詞,テキーラ,1
総合,名詞,ハレンチ,1
総合,名詞,容疑者,1
総合,名詞,もったい,1
総合,名詞,宴,1
総合,名詞,スタンド,1
総合,名詞,溝,2
総合,名詞,最古,1
総合,名詞,和平,1
総合,名詞,やぶれかぶれ,1
総合,名詞,騒然,1
総合,名詞,検証,4
総合,名詞,チェックメイト,1
総合,名詞,Midnight,1
総合,名詞,泉,1
総合,名詞,奴,2
総合,名詞,批准,1
総合,名詞,馬の骨,1
総合,名詞,奇襲,1
総合,名詞,骨相,1
総合,名詞,まちまち,1
総合,名詞,ホイッスル,1
総合,名詞,誘惑,1
総合,名詞,兄ちゃん,1
総合,名詞,善人,1
総合,名詞,アナウンス,1
総合,名詞,涙腺,1
総合,名詞,段階,1
総合,名詞,戦場,1
総合,名詞,自宅,1
総合,名詞,常習犯,1
総合,名詞,ジュエリー,1
総合,名詞,金星人,1
総合,名詞,政変,1
総合,名詞,キッチン,1
総合,名詞,三日坊主,1
総合,名詞,ブランチ,1
総合,名詞,一般男性,1
総合,名詞,キャトルミュー,1
総合,名詞,ディレクターズカット,1
総合,名詞,てんじゃ,1
総合,名詞,黙認,1
総合,名詞,ドジョウ,1
総合,名詞,権力者,1
総合,名詞,結局,1
総合,名詞,共感,2
総合,名詞,世の中,1
総合,名詞,邪念,1
総合,名詞,点火,1
総合,名詞,火星人,1
総合,名詞,分際,1
総合,名詞,傲慢,1
総合,名詞,手ぶら,1
総合,名詞,入れ,1
総合,名詞,クランク,1
総合,名詞,中毒,1
総合,名詞,つけ,1
総合,名詞,貧困,1
総合,名詞,たおやか,1
総合,名詞,フルコース,1
総合,名詞,トイレ,1
総合,名詞,天下,1
総合,名詞,イカサマ,1
総合,名詞,エイリアン,1
総合,名詞,口付け,1
総合,名詞,keep,1
総合,名詞,doubting,1
総合,名詞,添加,1
総合,名詞,本意,1
総合,名詞,本編,1
総合,名詞,ウキウキ,1
総合,名詞,SF,1
総合,名詞,陶酔,1
総合,名詞,加護,1
総合,名詞,Yo,1
総合,名詞,門外漢,1
総合,名詞,自意識,3
総合,名詞,飽食,1
総合,名詞,cheese cake,1
総合,名詞,エンディング,1
総合,名詞,超能力,1
総合,名詞,総額,1
総合,名詞,したり顔,1
総合,名詞,混濁,1
総合,名詞,アップ!,1
総合,名詞,篩,1
総合,名詞,クライシス,1
総合,名詞,左脳,1
総合,名詞,凄惨,1
総合,名詞,致死量,1
総合,名詞,姉ちゃん,1
総合,名詞,転嫁,1
総合,名詞,秒読み,1
総合,名詞,誠意,1
総合,名詞,誠心,1
総合,名詞,タチ,1
総合,名詞,遠く遠く,1
総合,名詞,反復,1
総合,名詞,意気,1
総合,名詞,悪い,1
総合,名詞,相応,1
総合,名詞,なっち,1
総合,名詞,我,1
総合,名詞,圧倒的,1
総合,名詞,take,1
総合,名詞,高らか,1
総合,名詞,運命論,2
総合,名詞,性分,1
総合,名詞,喧々,1
総合,名詞,美しい人,1
総合,名詞,大胆,1
総合,名詞,シード,1
総合,名詞,仕組み,1
総合,名詞,した,2
総合,名詞,敬称,1
総合,名詞,重宝,1
総合,名詞,地味,1
総合,名詞,一心,1
総合,名詞,安易,1
総合,名詞,消沈,1
総合,名詞,scope,1
総合,名詞,とんでも,1
総合,名詞,モーション,1
総合,名詞,invisible sensation,1
総合,名詞,囂々,1
総合,名詞,成果,1
総合,名詞,ペース,1
総合,名詞,冷徹,1
総合,名詞,努力,1
総合,名詞,生気,1
総合,名詞,ゃういらついちゃう,1
総合,名詞,ヘラ,1
総合,名詞,順々,1
総合,名詞,粛々,1
総合,名詞,礼,1
総合,名詞,覇気,2
総合,名詞,想起,1
総合,名詞,コースアウト,1
総合,名詞,起立,1
総合,名詞,同時代,1
総合,名詞,クラクション,1
総合,名詞,大差,1
総合,名詞,間違い,2
総合,名詞,河,1
総合,名詞,ネオン,1
総合,名詞,琥珀,1
総合,名詞,フォトグラフ,1
総合,名詞,Flashback,1
総合,名詞,ラララ,2
総合,名詞,向かい風,1
総合,名詞,渋滞,1
総合,名詞,river,1
総合,名詞,誇り,1
総合,名詞,スカイブルー,1
総合,名詞,往来,1
総合,名詞,またがり,1
総合,名詞,ありあ,1
総合,名詞,手打ち,1
総合,名詞,渇望,1
総合,名詞,難,1
総合,名詞,ばら,1
総合,名詞,センス,1
総合,名詞,後続,1
総合,名詞,50000,1
総合,名詞,ヤギ,1
総合,名詞,hatch,1
総合,名詞,民,1
総合,名詞,二十色,1
総合,名詞,game,1
総合,名詞,らし,1
総合,名詞,あらすじ,1
総合,名詞,切り取り,1
総合,名詞,無作為,1
総合,名詞,need,1
総合,名詞,幸,1
総合,名詞,動向,1
総合,名詞,両立,1
総合,名詞,行儀,1
総合,名詞,B,1
総合,名詞,愚者,1
総合,名詞,際限,1
総合,名詞,偏り,1
総合,名詞,20000,1
総合,名詞,定期,1
総合,名詞,定石,1
総合,名詞,鬼門,1
総合,名詞,勝者,1
総合,名詞,綽綽,1
総合,名詞,さよなら,1
総合,名詞,口癖,2
総合,名詞,順番,1
総合,名詞,勲章,1
総合,名詞,明かり,1
総合,名詞,循環,1
総合,名詞,エンジン,1
総合,名詞,インチキ,1
総合,名詞,逡巡,1
総合,名詞,優しさ,1
総合,名詞,なんとかなる,1
総合,名詞,おみやげ,2
総合,名詞,年月,1
総合,名詞,Ah,7
総合,名詞,不文律,1
総合,名詞,歩幅,2
総合,名詞,雨が降っても,1
総合,名詞,期,1
総合,名詞,海岸線,1
総合,名詞,おでかけ,1
総合,名詞,値,1
総合,名詞,暁,1
総合,名詞,はじまり,1
総合,名詞,プロローグ,1
総合,名詞,よ,3
総合,名詞,エピソード,1
総合,名詞,スキャンダラス,1
総合,名詞,願いごと,1
総合,名詞,暇,1
総合,名詞,空回,1
総合,名詞,違和感,2
総合,名詞,遺恨,1
総合,名詞,ごと,1
総合,名詞,伝説,1
総合,名詞,遊山,1
総合,名詞,伴,1
総合,名詞,消息,1
総合,名詞,浅瀬,1
総合,名詞,雑音,2
総合,名詞,きれいごと,1
総合,名詞,泡,1
総合,名詞,ないん,1
総合,名詞,ようやく,1
総合,名詞,恐怖,2
総合,名詞,耳鳴り,1
総合,名詞,悟り,1
総合,名詞,夢見,1
総合,名詞,物見,1
総合,名詞,マーメイド,1
総合,名詞,if,1
総合,名詞,痕跡,1
総合,名詞,スキャット,1
総合,名詞,我が身,1
総合,名詞,魅惑,1
総合,名詞,ツーストライク,1
総合,名詞,somebody,1
総合,名詞,すで,2
総合,名詞,同然,1
総合,名詞,ツーアウト,1
総合,名詞,確信,2
総合,名詞,アイズワイド,1
総合,名詞,music,1
総合,名詞,熱,1
総合,名詞,doubt,1
総合,名詞,ミット,1
総合,名詞,ワイド,1
総合,名詞,しな,1
総合,名詞,ベソ,1
総合,名詞,レイテンシー,2
総合,名詞,おやつ,1
総合,名詞,スタンプラリー,1
総合,名詞,腕,1
総合,名詞,解読,1
総合,名詞,pop,1
総合,名詞,ネジ,1
総合,名詞,festival,1
総合,名詞,rock,1
総合,名詞,go round,1
総合,名詞,あいつら,2
総合,名詞,点,2
総合,名詞,スカート,1
総合,名詞,解雇,1
総合,名詞,筆箱,1
総合,名詞,ジョーズ,1
総合,名詞,まばたき,2
総合,名詞,フルスイング,1
総合,名詞,暴投,1
総合,名詞,がん,1
総合,名詞,Somebody,1
総合,名詞,ハガネ,1
総合,名詞,凸凹,1
総合,名詞,地下室,2
総合,名詞,理,1
総合,名詞,即日,1
総合,名詞,内,1
総合,名詞,直球,1
総合,名詞,アイズ,1
総合,名詞,パパラパラ,1
総合,名詞,心肝,1
総合,名詞,ランダム,1
総合,名詞,クワイエット,1
総合,名詞,均等,1
総合,名詞,シンプル,1
総合,名詞,権,2
総合,名詞,禁物,1
総合,名詞,応答,2
総合,名詞,確実,1
総合,名詞,自爆,2
総合,名詞,敬具,1
総合,名詞,却下,1
総合,名詞,所望,1
総合,名詞,迅速,1
総合,名詞,ケア,1
総合,名詞,夜更け,1
総合,名詞,反撃,1
総合,名詞,七変化,1
総合,名詞,満を持す,1
総合,名詞,忠実,1
総合,名詞,不明瞭,1
総合,名詞,減点,1
総合,名詞,北極星,1
総合,名詞,フル,1
総合,名詞,脳髄,1
総合,名詞,宇宙船,1
総合,名詞,些末,1
総合,名詞,ヘクト,1
総合,名詞,拝啓,1
総合,名詞,対象,1
総合,名詞,パスカル,1
総合,名詞,枷,1
総合,名詞,逆戻り,1
総合,名詞,ニュース,1
総合,名詞,ちゃらちゃら,1
総合,名詞,意外,1
総合,名詞,頬,2
総合,名詞,四半世紀,1
総合,名詞,ハーモニー,1
総合,名詞,Xデー,1
総合,名詞,決定,1
総合,名詞,幾何学,1
総合,名詞,いずれ,1
総合,名詞,いい加減,1
総合,名詞,アリ,1
総合,名詞,サイン,1
総合,名詞,擬,1
総合,名詞,ナシ,1
総合,名詞,白状,1
総合,名詞,ボール,1
総合,名詞,先輩,1
総合,名詞,肥大化,1
総合,名詞,死,1
総合,名詞,ヴェール,1
総合,名詞,ヘイドクターメス,1
総合,名詞,バイアス,1
総合,名詞,浜崎,1
総合,名詞,句,1
総合,名詞,順応,1
総合,名詞,はしゃ,1
総合,名詞,む,1
総合,名詞,信心,1
総合,名詞,小林,1
総合,名詞,注射,1
総合,名詞,番号,1
総合,名詞,賤,2
総合,名詞,健全,1
総合,名詞,内外,1
総合,名詞,早合点,1
総合,名詞,留守番,1
総合,名詞,尊厳,1
総合,名詞,手遅れ,1
総合,名詞,向上心,1
総合,名詞,受け答え,1
総合,名詞,切り札,1
総合,名詞,有無,1
総合,名詞,くん,1
総合,名詞,独創性,1
総合,名詞,敗北,1
総合,名詞,手詰まり,1
総合,名詞,撤退,1
総合,名詞,万人,1
総合,名詞,常套,1
総合,名詞,淀み,1
総合,名詞,サヨナラ,1
総合,名詞,教育,1
総合,名詞,Miss,1
総合,名詞,検討事項,1
総合,名詞,器用,1
総合,名詞,ヘタ,1
総合,名詞,よね,1
総合,名詞,帳尻,1
総合,名詞,ヒビ,1
総合,名詞,この道,1
総合,名詞,方程式,1
総合,名詞,描き方,1
総合,名詞,事項,1
総合,名詞,夏影,1
総合,名詞,先回り,1
総合,名詞,ふいに,1
総合,名詞,夏の夜,1
総合,名詞,微か,1
総合,名詞,気丈,1
総合,名詞,テールライト,1
総合,名詞,仮説,1
総合,名詞,秒速,1
総合,名詞,蝶,1
総合,名詞,never,1
総合,名詞,裏腹,1
総合,名詞,catch,1
総合,名詞,不可解,1
総合,名詞,激流,1
総合,名詞,Phantom,1
総合,名詞,枯れ葉,1
総合,名詞,引き金,1
総合,名詞,納得,1
総合,名詞,蜃気楼,1
総合,名詞,begun,1
総合,名詞,スパイダー,1
総合,名詞,幕が上がる,1
総合,名詞,evidence,1
総合,名詞,露,1
総合,名詞,不整,1
総合,名詞,フェード,1
総合,名詞,野暮,1
総合,名詞,賞賛,1
総合,名詞,明,1
総合,名詞,辻褄,1
総合,名詞,足かせ,1
総合,名詞,ターゲット,1
総合,名詞,正体不明,1
総合,名詞,無慈悲,1
総合,名詞,fake,1
総合,名詞,無下,1
総合,名詞,理路,1
総合,名詞,暗々,1
総合,名詞,注意,1
総合,名詞,爆弾,1
総合,名詞,魂胆,1
総合,名詞,ベチャ,1
総合,名詞,どうする?,1
総合,名詞,マジチョロ,1
総合,名詞,じわり,1
総合,名詞,某,1
総合,名詞,背中合わせ,1
総合,名詞,将軍,1
総合,名詞,一丸,1
総合,名詞,泥沼,2
総合,名詞,ba,1
総合,名詞,たくない,1
総合,名詞,癇癪,1
総合,名詞,ハッピー!,1
総合,名詞,筆記,1
総合,名詞,the world,1
総合,名詞,造作,1
総合,名詞,Reborn,1
総合,名詞,次元,1
総合,名詞,ぎるるるるるるるるる,1
総合,名詞,コントロール,1
総合,名詞,その間,1
総合,名詞,高揚,1
総合,名詞,歴代,2
総合,名詞,何色,1
総合,名詞,態度,1
総合,名詞,da-da,1
総合,名詞,正味,1
総合,名詞,不在,1
総合,名詞,fantastic,1
総合,名詞,二次関数,1
総合,名詞,da,1
総合,名詞,修了,1
総合,名詞,My,2
総合,名詞,アポイント,1
総合,名詞,担当者,1
総合,名詞,口実,1
総合,名詞,world,1
総合,名詞,どうなる?,1
総合,名詞,six,1
総合,名詞,シータタンジェント,1
総合,名詞,有機物,1
総合,名詞,Continue?,1
総合,名詞,ゴツゴツ,1
総合,名詞,Five,1
総合,名詞,fancy,1
総合,名詞,変幻,1
総合,名詞,革命,1
総合,名詞,与奪,1
総合,名詞,ロールシャッハ,1
総合,名詞,Fancy,1
総合,名詞,guitar,1
総合,名詞,Sha,1
総合,名詞,孤独な惑星,1
総合,名詞,ほん,1
総合,名詞,ぼくら,1
総合,名詞,予定,1
総合,名詞,独りぼっち,1
総合,名詞,坂,1
総合,名詞,晩御飯,1
総合,名詞,ごめんね,3
総合,名詞,みじめ,1
総合,名詞,お互い,1
総合,名詞,不透明,1
総合,名詞,しあわせ,1
総合,名詞,たいせつ,1
総合,名詞,あいまい,1
総合,名詞,かえり,1
総合,名詞,ケンカ,1
総合,名詞,たんぽぽ,1
総合,名詞,舌,2
総合,名詞,ナナメ,1
総合,名詞,追い風,1
総合,名詞,髪型,1
総合,名詞,パチリ,1
総合,名詞,傘,1
総合,名詞,水たまり,1
総合,名詞,飛沫,1
総合,名詞,コトリ,1
総合,名詞,筆,1
総合,名詞,ろ,2
総合,名詞,高,1
総合,名詞,ちぐはぐ,1
総合,名詞,雫,1
総合,名詞,い色,1
総合,名詞,暖か,1
総合,名詞,右左,1
総合,名詞,ざまみ,1
総合,名詞,泣き顔,1
総合,名詞,木漏れ日,2
総合,名詞,万華鏡,1
総合,名詞,かしこ,1
総合,名詞,大気圏,1
総合,名詞,みだり,1
総合,名詞,選択,1
総合,名詞,軽はずみ,1
総合,名詞,健闘,1
総合,名詞,決心,1
総合,名詞,スペースシャトル,1
総合,名詞,淹,1
総合,名詞,燃料,1
総合,名詞,はりぼて,1
総合,名詞,愛されたいの,1
総合,名詞,いちか,1
総合,名詞,是非,1
総合,名詞,あっち,1
総合,名詞,可逆,1
総合,名詞,風向き,1
総合,名詞,合わせ,1
総合,名詞,そんじゃ,1
総合,名詞,最終回,1
総合,名詞,そりゃ,1
総合,名詞,手招き,1
総合,名詞,悲喜,1
総合,名詞,インタレス,1
総合,名詞,かじ,1
総合,名詞,表情,1
総合,名詞,再来,1
総合,名詞,お前,1
総合,名詞,プログラム,1
総合,名詞,日替わり,1
総合,名詞,陰口,1
総合,名詞,全否定,1
総合,名詞,前人未踏,1
総合,名詞,peekaboo,1
総合,名詞,デザイン,1
総合,名詞,掛け,1
総合,名詞,極,1
総合,名詞,黎明,1
総合,名詞,補足,1
総合,名詞,文明,1
総合,名詞,ランキング,1
総合,名詞,いただき,1
総合,名詞,Peeka,1
総合,名詞,どころ,1
総合,名詞,大爆笑,1
総合,名詞,必死,2
総合,名詞,落とし穴,1
総合,名詞,印象,1
総合,名詞,方位,1
総合,名詞,宇宙飛行士,1
総合,名詞,均衡,1
総合,名詞,正念場,1
総合,名詞,周回,1
総合,名詞,遊泳,1
総合,名詞,ah,1
総合,名詞,アピール,1
総合,名詞,ぼつ,1
総合,名詞,空前,1
総合,名詞,dancing,1
総合,名詞,利用,1
総合,名詞,恰好,1
総合,名詞,スターダスト,1
総合,名詞,ウィット,1
総合,名詞,恋する惑星,1
総合,名詞,ロマンティック,1
総合,名詞,ユニバース,1
総合,名詞,軌道,1
総合,名詞,解析,1
総合,名詞,cheese,1
総合,名詞,Baby,1
総合,名詞,制御,1
総合,名詞,ベーター,1
総合,名詞,アヒル,1
総合,名詞,催し,1
総合,名詞,ヒッピー,1
総合,名詞,インフレ,1
総合,名詞,エレ,1
総合,名詞,ウイスキー,1
総合,名詞,戦法,1
総合,名詞,そっち,1
総合,名詞,ソーダ,1
総合,名詞,スープ,1
総合,名詞,オーバーウェイト,1
総合,名詞,世紀,1
総合,名詞,裏の裏,1
総合,名詞,ねずみ,1
総合,名詞,メインディッシュ,1
総合,名詞,白旗,1
総合,名詞,ジャンク,1
総合,名詞,前例,1
総合,名詞,骨身,1
総合,名詞,Damn,1
総合,名詞,rare,1
総合,名詞,analyze,1
総合,名詞,とめど,1
総合,名詞,着地,1
総合,名詞,一線,1
総合,名詞,memorize,1
総合,名詞,ばす,1
総合,名詞,become,1
総合,名詞,foot,1
総合,名詞,地獄,1
総合,名詞,カオス,1
総合,名詞,How,1
総合,名詞,息もできない,1
総合,名詞,美化,1
総合,名詞,ねえや,1
総合,名詞,錦,1
総合,名詞,DNA,1
総合,名詞,正気,1
総合,名詞,ごっこ遊び,1
総合,名詞,行方,1
総合,名詞,賛美歌,1
総合,名詞,かよ,1
総合,名詞,誠実,1
総合,名詞,アリアドネの糸,1
総合,名詞,逆恨み,1
総合,名詞,タイムオーバー,1
総合,名詞,Find,1
総合,名詞,ぎん,1
総合,名詞,ボルテージ,1
総合,名詞,秒針,1
総合,名詞,配達員,1
総合,名詞,カラメル,1
総合,名詞,ぼんやり,1
総合,名詞,げ,1
総合,名詞,薄め,1
総合,名詞,テラス,1
総合,名詞,ドミノ,1
総合,名詞,伸び,1
総合,名詞,フシギ,1
総合,名詞,Free,1
総合,名詞,紅茶,1
総合,名詞,色彩,1
総合,名詞,７割,1
総合,名詞,雑踏,1
総合,名詞,毛並み,1
総合,名詞,心地,1
総合,名詞,本当の話,1
総合,名詞,良さ,1
総合,名詞,異世界,1
総合,名詞,peel,1
総合,名詞,視線,1
総合,名詞,１３時,1
総合,名詞,スロー,1
総合,名詞,ブレーキ,1
総合,名詞,ズレ,1
総合,名詞,不可思議,1
総合,名詞,椅子,1
総合,名詞,City,1
総合,名詞,人々,1
総合,名詞,スローペース,1
総合,名詞,エントランス,1
総合,名詞,close,1
総合,名詞,茶,1
総合,名詞,頼み,1
総合,名詞,Maybe,1
総合,名詞,ニュージャージー,1
総合,名詞,お気,2
総合,名詞,ダンス,1
総合,名詞,オーバー,1
総合,名詞,Make,1
総合,名詞,shut,1
総合,名詞,Viper,1
総合,名詞,Viber,1
総合,名詞,肘,1
総合,名詞,照れ,1
総合,名詞,運命共同体,1
総合,名詞,hazy,1
総合,名詞,しょう,2
総合,名詞,Slave,1
総合,名詞,Life goes on,1
総合,名詞,Nihil,1
総合,名詞,耳,1
総合,名詞,刺激,1
総合,名詞,毀誉褒貶,1
総合,名詞,Error,1
総合,名詞,ポーズ,1
総合,名詞,ジェントルメン,1
総合,名詞,ストンプ,1
総合,名詞,全身,1
総合,名詞,骨抜き,1
総合,名詞,カスタマイジー,1
総合,名詞,ワンツーアッパー,1
総合,名詞,Ever,1
総合,名詞,ドクターストップ,1
総合,名詞,ラブリーアウトサイドステップ,1
総合,名詞,観念,1
総合,名詞,オシャレ,1
総合,名詞,構え,1
総合,名詞,計画通り,1
総合,名詞,あいさつ,1
総合,名詞,しこ,1
総合,名詞,ズル,1
総合,名詞,お嬢さん,1
総合,名詞,top,1
総合,名詞,強権,1
総合,名詞,審判,1
総合,名詞,スパゲッティ,1
総合,名詞,敬意,1
総合,名詞,大地,1
総合,名詞,get,1
総合,名詞,間近,1
総合,名詞,余力,1
総合,名詞,Pip,1
総合,名詞,お家,1
総合,名詞,仲良,1
総合,名詞,ガキ,1
総合,名詞,キュート,1
総合,名詞,終着,1
総合,名詞,喉,1
総合,名詞,傷跡,1
総合,名詞,もう一歩,1
総合,名詞,いきさつ,1
総合,名詞,ちの,1
総合,名詞,ginger,1
総合,名詞,最悪,1
総合,名詞,采配,1
総合,名詞,Numbness,1
総合,名詞,僕のこと,1
総合,名詞,果実,1
総合,名詞,genger,1
総合,名詞,話して,1
総合,名詞,放置,1
総合,名詞,がま,1
総合,名詞,キャラクター,1
総合,名詞,ビール,1
総合,名詞,曲,1
総合,名詞,プレイリスト,1
総合,名詞,マンガ,1
総合,名詞,救い,1
総合,名詞,Ｔシャツ,1
総合,名詞,脈絡,1
総合,名詞,駅,1
総合,名詞,ピュア,1
総合,名詞,ハマ,1
総合,名詞,解像度,1
総合,名詞,犬,1
総合,名詞,魂,1
総合,名詞,つなぎ,1
総合,名詞,イヤホン,1
総合,名詞,海,1
総合,名詞,リ方,1
総合,名詞,ホーム,1
総合,名詞,扇動,1
総合,名詞,地盤沈下,1
総合,名詞,化石,1
総合,名詞,禁止,1
総合,名詞,エニグマ,1
総合,名詞,コツ,1
総合,名詞,おととい,1
総合,名詞,マガジン,1
総合,名詞,悪鬼,1
総合,名詞,無双,1
総合,名詞,はずれ,1
総合,名詞,鎮火,1
総合,名詞,必至,1
総合,名詞,廃棄,1
総合,名詞,鼻高々,1
総合,名詞,紳士,1
総合,名詞,番付,1
総合,名詞,偉人,1
総合,名詞,順当,1
総合,名詞,hear,1
総合,名詞,セレブ,1
総合,名詞,シカト,1
総合,名詞,アクション,1
総合,名詞,助け,1
総合,名詞,景観,1
総合,名詞,生産性,1
総合,名詞,意,1
総合,名詞,地盤,1
総合,名詞,戦略,1
総合,名詞,諸行,1
総合,名詞,博打,1
総合,名詞,瀕死,1
総合,名詞,シラバス,1
総合,名詞,トレンディ,1
総合,名詞,レンジ,1
総合,名詞,レガシー,1
総合,名詞,差分,1
総合,名詞,大使,1
総合,名詞,極み,1
総合,名詞,罵詈,1
総合,名詞,理解,1
総合,名詞,シェア,1
総合,名詞,類,1
総合,名詞,much,1
総合,名詞,トップスピード,1
総合,名詞,ノクターン,1
総合,名詞,あなたと,1
総合,名詞,ロマンチック,1
総合,名詞,DJ,1
総合,名詞,祝祭,1
総合,名詞,きれい,1
総合,名詞,プレリュード,1
総合,名詞,等比,1
総合,名詞,kareido,1
総合,名詞,シークエンス,1
総合,名詞,kaleido,1
総合,名詞,Play,1
総合,名詞,fiesta,1
総合,名詞,ロードサイド,1
総合,名詞,高説,1
総合,名詞,Louder,1
総合,名詞,進撃,1
総合,名詞,級数,1
総合,名詞,譚,1
総合,名詞,幾,1
総合,名詞,後日,1
総合,名詞,C'mon,1
総合,名詞,傑作,1
総合,名詞,権利,1
総合,名詞,Please,1
総合,名詞,側,1
総合,副詞,どう,24
総合,副詞,こう,3
総合,副詞,どうせ,13
総合,副詞,金輪際,2
総合,副詞,もう,47
総合,副詞,どうにも,9
総合,副詞,キラキラ,2
総合,副詞,そっと,4
総合,副詞,別に,2
総合,副詞,まるで,5
総合,副詞,せいぜい,2
総合,副詞,それだけ,3
総合,副詞,ちょっと,35
総合,副詞,なかなか,6
総合,副詞,全然,8
総合,副詞,いっそ,4
総合,副詞,そう,28
総合,副詞,早々,2
総合,副詞,まだまだ,5
総合,副詞,ああ,2
総合,副詞,一躍,1
総合,副詞,未だ,4
総合,副詞,かつて,3
総合,副詞,よく,5
総合,副詞,ずっと,15
総合,副詞,いわば,1
総合,副詞,最早,3
総合,副詞,ひょっとしたら,1
総合,副詞,もう少し,4
総合,副詞,少し,31
総合,副詞,すぐ,6
総合,副詞,まだ,38
総合,副詞,きっと,20
総合,副詞,いざ,2
総合,副詞,そんなに,6
総合,副詞,実際,1
総合,副詞,やけに,1
総合,副詞,こんなにも,2
総合,副詞,少なくとも,1
総合,副詞,また,9
総合,副詞,さ,3
総合,副詞,ふらりふらり,1
総合,副詞,ふわふわ,2
総合,副詞,バラバラ,1
総合,副詞,はたまた,1
総合,副詞,おそらく,1
総合,副詞,ふわり,3
総合,副詞,何で,1
総合,副詞,決して,4
総合,副詞,本当は,3
総合,副詞,既に,5
総合,副詞,やっぱり,3
総合,副詞,段々,2
総合,副詞,時として,1
総合,副詞,随分,1
総合,副詞,どの道,2
総合,副詞,ただただ,1
総合,副詞,いよいよ,2
総合,副詞,果たして,1
総合,副詞,ついに,1
総合,副詞,じっと,1
総合,副詞,もっと,10
総合,副詞,いっぱい,4
総合,副詞,ちっとも,4
総合,副詞,どうやら,1
総合,副詞,結構,2
総合,副詞,グダグダ,1
総合,副詞,必ず,3
総合,副詞,大分,1
総合,副詞,楽楽,1
総合,副詞,ぐるぐる,4
総合,副詞,延々と,1
総合,副詞,なんだかんだ,1
総合,副詞,当然,3
総合,副詞,微塵も,2
総合,副詞,もうすぐ,1
総合,副詞,そろそろ,8
総合,副詞,べたべた,1
総合,副詞,なんとか,1
総合,副詞,まっすぐ,1
総合,副詞,とかく,2
総合,副詞,なんとも,2
総合,副詞,一斉に,3
総合,副詞,あまりに,3
総合,副詞,共に,1
総合,副詞,本当に,5
総合,副詞,これから,1
総合,副詞,もし,1
総合,副詞,どうか,5
総合,副詞,ちゃんと,15
総合,副詞,なるべく,1
総合,副詞,いい加減,2
総合,副詞,至って,3
総合,副詞,ふとして,1
総合,副詞,いつの間にか,2
総合,副詞,いつも,3
総合,副詞,次々,1
総合,副詞,なんだか,8
総合,副詞,一旦,1
総合,副詞,どうも,7
総合,副詞,とにかく,1
総合,副詞,まあ,3
総合,副詞,どうぞ,1
総合,副詞,相変わらず,2
総合,副詞,よろしく,2
総合,副詞,遥か,2
総合,副詞,わずか,1
総合,副詞,初めて,1
総合,副詞,せっかく,2
総合,副詞,目の当たり,1
総合,副詞,やたら,1
総合,副詞,さらに,1
総合,副詞,ハッと,1
総合,副詞,グッ,1
総合,副詞,何しろ,1
総合,副詞,思い通り,1
総合,副詞,なんて,4
総合,副詞,うんざり,1
総合,副詞,相当,1
総合,副詞,多分,9
総合,副詞,ごちゃごちゃ,1
総合,副詞,ここだ,1
総合,副詞,どうして,5
総合,副詞,しかして,1
総合,副詞,余りに,1
総合,副詞,にっちもさっちも,1
総合,副詞,さらさら,1
総合,副詞,もしも,3
総合,副詞,チクリ,1
総合,副詞,やむを得ず,1
総合,副詞,何故,2
総合,副詞,突然,1
総合,副詞,うろうろ,1
総合,副詞,長々,1
総合,副詞,あまつさえ,1
総合,副詞,やがて,4
総合,副詞,バン,1
総合,副詞,毛頭,1
総合,副詞,そっくり,1
総合,副詞,ゆっくり,1
総合,副詞,何にも,1
総合,副詞,あらかじめ,1
総合,副詞,確か,1
総合,副詞,ニコニコ,1
総合,副詞,いつしか,1
総合,副詞,できるだけ,3
総合,副詞,丁度,2
総合,副詞,つい,1
総合,副詞,こんなに,1
総合,副詞,ふと,3
総合,副詞,所詮,2
総合,副詞,やっと,2
総合,副詞,そのまま,5
総合,副詞,キラリ,1
総合,副詞,少々,3
総合,副詞,チカチカ,1
総合,副詞,ぺこぺこ,1
総合,副詞,早,1
総合,副詞,せめて,2
総合,副詞,ぐちゃぐちゃ,2
総合,副詞,とうに,4
総合,副詞,依然,7
総合,副詞,精一杯,1
総合,副詞,終ぞ,1
総合,副詞,終始,2
総合,副詞,並べて,1
総合,副詞,じゃーん,1
総合,副詞,ちらり,1
総合,副詞,だーだー,1
総合,副詞,とりあえず,4
総合,副詞,がっかり,2
総合,副詞,ちらほら,1
総合,副詞,千万,1
総合,副詞,ひらりひらり,1
総合,副詞,心から,1
総合,副詞,時々,2
総合,副詞,はて,1
総合,副詞,もしかして,2
総合,副詞,ふらっと,1
総合,副詞,まにまに,1
総合,副詞,こぞって,2
総合,副詞,何とか,1
総合,副詞,余り,1
総合,副詞,ちらちら,1
総合,副詞,軽々,1
総合,副詞,挙げて,1
総合,副詞,へらへら,1
総合,副詞,到底,5
総合,副詞,なんで,1
総合,副詞,粛々と,1
総合,副詞,イライラ,1
総合,副詞,おしなべて,1
総合,副詞,まるごと,1
総合,副詞,たって,2
総合,副詞,再び,1
総合,副詞,カンカン,1
総合,副詞,いちいち,1
総合,副詞,もちろん,1
総合,副詞,さして,1
総合,副詞,難なく,2
総合,副詞,てんで,1
総合,副詞,ちょうど,2
総合,副詞,二度と,1
総合,副詞,さっと,1
総合,副詞,いくら,1
総合,副詞,ジリジリ,1
総合,副詞,たった,1
総合,副詞,あんまり,2
総合,副詞,げに,3
総合,副詞,ダー,1
総合,副詞,フッ,1
総合,副詞,やんわり,1
総合,副詞,黒々,1
総合,副詞,まさか,2
総合,副詞,くしゃくしゃ,1
総合,副詞,あれれ,1
総合,副詞,たたた,1
総合,副詞,とても,2
総合,副詞,パラパラ,1
総合,副詞,さほど,1
総合,副詞,ちょい,1
総合,副詞,しばらく,1
総合,副詞,もう一度,1
総合,副詞,やっぱ,2
総合,副詞,どきっと,1
総合,副詞,もしや,1
総合,副詞,一体,2
総合,副詞,皆目,1
総合,副詞,無理やり,2
総合,副詞,さながら,1
総合,副詞,ぐだぐだ,1
総合,副詞,程なく,1
総合,副詞,次第に,2
総合,副詞,じわじわ,1
総合,副詞,さっさと,2
総合,副詞,往々,1
総合,副詞,大して,1
総合,副詞,ズカズカ,1
総合,副詞,かく,2
総合,副詞,何様,1
総合,副詞,最も,1
総合,副詞,どうしても,1
総合,副詞,ろくに,1
総合,副詞,もしか,1
総合,副詞,漸う,1
総合,副詞,ゆうに,1
総合,副詞,ことは,1
総合,副詞,たまに,4
総合,副詞,なぜ,1
総合,副詞,薄ら,1
総合,副詞,やおら,1
総合,副詞,ひらひら,1
総合,副詞,モタモタ,1
総合,副詞,順序よく,1
総合,副詞,当て,2
総合,副詞,かなり,2
総合,副詞,勢い,1
総合,副詞,しゃしゃっ,1
総合,副詞,一気に,1
総合,副詞,思い切り,1
総合,副詞,ホロリ,1
総合,副詞,思わず,1
総合,副詞,かくかく,1
総合,副詞,数多,1
総合,副詞,まもなく,1
総合,副詞,ふんだんに,1
総合,副詞,せめても,1
総合,副詞,ざっ,1
総合,副詞,何より,1
総合,副詞,しゃにむに,1
総合,副詞,至極,1
総合,副詞,俄然,1
総合,副詞,断じて,1
総合,副詞,くるくる,1
総合,副詞,実に,1
総合,副詞,あいにく,1
総合,副詞,わざと,1
総合,副詞,まったく,1
総合,動詞,割れる,1
総合,動詞,変える,8
総合,動詞,止まる,13
総合,動詞,続く,17
総合,動詞,忘れる,15
総合,動詞,終わる,25
総合,動詞,見える,19
総合,動詞,なくなる,8
総合,動詞,気付く,2
総合,動詞,届く,12
総合,動詞,疼く,3
総合,動詞,える,3
総合,動詞,だす,13
総合,動詞,すむ,1
総合,動詞,告げる,2
総合,動詞,向ける,4
総合,動詞,辿る,3
総合,動詞,知る,37
総合,動詞,会う,3
総合,動詞,気づく,20
総合,動詞,覚える,1
総合,動詞,わく,9
総合,動詞,止める,11
総合,動詞,抜け出す,1
総合,動詞,隠す,8
総合,動詞,居る,6
総合,動詞,つなぐ,4
総合,動詞,落とす,6
総合,動詞,聞こえる,15
総合,動詞,しまう,37
総合,動詞,込める,2
総合,動詞,吸い込む,2
総合,動詞,回る,14
総合,動詞,走り出す,3
総合,動詞,着く,2
総合,動詞,かかる,4
総合,動詞,離す,8
総合,動詞,言う,42
総合,動詞,嫌う,4
総合,動詞,使い古す,1
総合,動詞,探す,9
総合,動詞,踏み締める,1
総合,動詞,暮らす,3
総合,動詞,走る,7
総合,動詞,映す,2
総合,動詞,かまう,1
総合,動詞,謳う,5
総合,動詞,放つ,5
総合,動詞,気取る,4
総合,動詞,鳴らす,4
総合,動詞,紐解く,1
総合,動詞,よろめく,1
総合,動詞,飛び乗る,2
総合,動詞,描く,6
総合,動詞,いける,6
総合,動詞,照らす,5
総合,動詞,見失う,3
総合,動詞,起こせる,1
総合,動詞,混じる,1
総合,動詞,買う,2
総合,動詞,つく,19
総合,動詞,入る,5
総合,動詞,消す,4
総合,動詞,輝く,6
総合,動詞,つける,17
総合,動詞,見る,32
総合,動詞,すませる,1
総合,動詞,揺るぐ,5
総合,動詞,来る,21
総合,動詞,引き下がる,1
総合,動詞,終わらす,1
総合,動詞,言える,10
総合,動詞,刺す,4
総合,動詞,泣く,11
総合,動詞,迎える,5
総合,動詞,食べる,7
総合,動詞,帰る,6
総合,動詞,はずす,1
総合,動詞,遊ぶ,9
総合,動詞,殴る,4
総合,動詞,捨てる,7
総合,動詞,経つ,1
総合,動詞,炊く,2
総合,動詞,壊す,6
総合,動詞,寝る,3
総合,動詞,汚す,2
総合,動詞,散りばめる,3
総合,動詞,づける,3
総合,動詞,乱れる,2
総合,動詞,欠かす,1
総合,動詞,消える,15
総合,動詞,飽きる,7
総合,動詞,鳴る,9
総合,動詞,踊る,8
総合,動詞,流す,4
総合,動詞,がる,14
総合,動詞,動き回る,1
総合,動詞,流れる,6
総合,動詞,決める,12
総合,動詞,語る,8
総合,動詞,違う,13
総合,動詞,触れる,6
総合,動詞,捉える,1
総合,動詞,惜しむ,1
総合,動詞,出る,8
総合,動詞,でる,9
総合,動詞,触れ合う,2
総合,動詞,入り込む,1
総合,動詞,行ける,6
総合,動詞,似る,5
総合,動詞,取れる,1
総合,動詞,思い出す,7
総合,動詞,振り返る,5
総合,動詞,もらう,3
総合,動詞,悩む,5
総合,動詞,困る,6
総合,動詞,持つ,9
総合,動詞,攻める,1
総合,動詞,付き合う,1
総合,動詞,あおる,2
総合,動詞,廃れる,1
総合,動詞,響く,6
総合,動詞,ずれる,3
総合,動詞,開ける,3
総合,動詞,合わせる,8
総合,動詞,燃える,2
総合,動詞,間違う,8
総合,動詞,飛ぶ,7
総合,動詞,突き刺す,1
総合,動詞,置く,5
総合,動詞,代わる,1
総合,動詞,わかる,33
総合,動詞,倒れる,4
総合,動詞,咲き誇る,2
総合,動詞,いやがる,1
総合,動詞,ぐずつく,2
総合,動詞,泣きつく,1
総合,動詞,信じる,17
総合,動詞,揺らす,2
総合,動詞,待つ,18
総合,動詞,片付ける,2
総合,動詞,落ちる,6
総合,動詞,繋げる,1
総合,動詞,巻く,4
総合,動詞,置き換える,2
総合,動詞,作る,7
総合,動詞,書く,8
総合,動詞,並べる,3
総合,動詞,離れる,5
総合,動詞,ふる,1
総合,動詞,いう,4
総合,動詞,呼び止める,1
総合,動詞,巡る,3
総合,動詞,囁く,3
総合,動詞,解き放つ,2
総合,動詞,飛べる,3
総合,動詞,重ねる,7
総合,動詞,開く,4
総合,動詞,乾く,1
総合,動詞,読み込む,1
総合,動詞,止む,4
総合,動詞,見れる,3
総合,動詞,溢れる,8
総合,動詞,負ける,4
総合,動詞,描ける,2
総合,動詞,続ける,14
総合,動詞,確かめる,3
総合,動詞,出す,18
総合,動詞,変わる,9
総合,動詞,見向く,2
総合,動詞,足りる,9
総合,動詞,歌う,15
総合,動詞,行く,30
総合,動詞,紡ぐ,3
総合,動詞,降りそそぐ,1
総合,動詞,思う,21
総合,動詞,生む,1
総合,動詞,暴ける,1
総合,動詞,いかす,1
総合,動詞,運べる,1
総合,動詞,つまる,1
総合,動詞,散らす,1
総合,動詞,舞う,6
総合,動詞,近づく,6
総合,動詞,刻む,4
総合,動詞,映る,3
総合,動詞,降りる,3
総合,動詞,望む,6
総合,動詞,染める,3
総合,動詞,追う,1
総合,動詞,舞い降りる,1
総合,動詞,振り払う,1
総合,動詞,眠らせる,1
総合,動詞,聞く,18
総合,動詞,色づく,1
総合,動詞,降り続く,1
総合,動詞,増える,1
総合,動詞,蹴る,2
総合,動詞,飛び交う,1
総合,動詞,諦める,7
総合,動詞,つながる,3
総合,動詞,のせる,2
総合,動詞,つかむ,1
総合,動詞,騙す,5
総合,動詞,歪む,3
総合,動詞,やれる,2
総合,動詞,彩る,3
総合,動詞,眠れる,1
総合,動詞,浮かぶ,10
総合,動詞,乗る,6
総合,動詞,握り締める,2
総合,動詞,揺らぐ,2
総合,動詞,たつ,3
総合,動詞,腐る,3
総合,動詞,まわす,1
総合,動詞,傷つく,5
総合,動詞,混ざる,1
総合,動詞,苛立つ,1
総合,動詞,まわる,1
総合,動詞,合う,10
総合,動詞,ぬける,1
総合,動詞,ためる,1
総合,動詞,やむ,2
総合,動詞,かかえる,1
総合,動詞,おいつける,1
総合,動詞,ぬけだす,1
総合,動詞,つかう,1
総合,動詞,たのむ,1
総合,動詞,かう,1
総合,動詞,かたづける,1
総合,動詞,問いかける,3
総合,動詞,貼る,5
総合,動詞,探し当てる,1
総合,動詞,繰り返す,11
総合,動詞,切り離す,1
総合,動詞,繋がる,4
総合,動詞,歩く,7
総合,動詞,なおす,1
総合,動詞,明ける,3
総合,動詞,使う,2
総合,動詞,乗せる,6
総合,動詞,紛れ込む,2
総合,動詞,つまずく,1
総合,動詞,あやかる,1
総合,動詞,迷う,11
総合,動詞,数える,5
総合,動詞,泣かす,1
総合,動詞,話す,7
総合,動詞,仰ぐ,2
総合,動詞,昇る,5
総合,動詞,驚く,2
総合,動詞,始まる,15
総合,動詞,黙る,7
総合,動詞,願う,8
総合,動詞,揃う,1
総合,動詞,降る,4
総合,動詞,動く,5
総合,動詞,見逃す,4
総合,動詞,入れる,5
総合,動詞,取る,7
総合,動詞,恨む,2
総合,動詞,光らせる,1
総合,動詞,乗っかる,2
総合,動詞,眺める,2
総合,動詞,思いつく,1
総合,動詞,乗り遅れる,1
総合,動詞,ほざく,1
総合,動詞,吐く,4
総合,動詞,突き止める,1
総合,動詞,見立てる,1
総合,動詞,越える,2
総合,動詞,背負う,4
総合,動詞,じゃう,5
総合,動詞,馴染む,1
総合,動詞,休める,1
総合,動詞,進む,9
総合,動詞,戻る,5
総合,動詞,めぐる,1
総合,動詞,覚める,3
総合,動詞,澄む,1
総合,動詞,昇れる,1
総合,動詞,預ける,2
総合,動詞,訪れる,1
総合,動詞,抱く,1
総合,動詞,足す,3
総合,動詞,割る,2
総合,動詞,返す,4
総合,動詞,揺れる,5
総合,動詞,憧れる,4
総合,動詞,ける,4
総合,動詞,こぼす,2
総合,動詞,歩ける,1
総合,動詞,こる,1
総合,動詞,こぼれおちる,1
総合,動詞,寝ぼける,1
総合,動詞,足る,2
総合,動詞,抜ける,5
総合,動詞,はしゃぐ,4
総合,動詞,誓う,4
総合,動詞,挟む,2
総合,動詞,愛せる,1
総合,動詞,笑わせる,5
総合,動詞,浮く,2
総合,動詞,守る,3
総合,動詞,過ぎる,12
総合,動詞,綴る,1
総合,動詞,果てる,1
総合,動詞,死ぬ,7
総合,動詞,あげる,6
総合,動詞,楽しむ,3
総合,動詞,立つ,4
総合,動詞,切れる,2
総合,動詞,光る,6
総合,動詞,伸ばす,3
総合,動詞,関す,1
総合,動詞,よろける,2
総合,動詞,飛ばす,2
総合,動詞,恵まれる,1
総合,動詞,切る,5
総合,動詞,笑える,7
総合,動詞,あきれ返る,1
総合,動詞,愛す,8
総合,動詞,立てる,5
総合,動詞,呼ぶ,6
総合,動詞,混ぜる,2
総合,動詞,始める,5
総合,動詞,聴く,1
総合,動詞,急かす,4
総合,動詞,届ける,4
総合,動詞,気に入る,1
総合,動詞,責め立てる,2
総合,動詞,掃く,1
総合,動詞,占う,1
総合,動詞,枯れる,2
総合,動詞,ありふれる,1
総合,動詞,見せる,6
総合,動詞,蹴飛ばす,2
総合,動詞,渦巻く,1
総合,動詞,飛び出す,1
総合,動詞,狂う,2
総合,動詞,あずける,2
総合,動詞,とりとめる,1
総合,動詞,塗りたくる,1
総合,動詞,むかつく,1
総合,動詞,笑う,18
総合,動詞,奏でる,9
総合,動詞,打つ,3
総合,動詞,行き交う,2
総合,動詞,連なる,2
総合,動詞,包む,2
総合,動詞,成す,1
総合,動詞,咲く,3
総合,動詞,泣かせる,2
総合,動詞,すぎる,18
総合,動詞,なれる,11
総合,動詞,張る,4
総合,動詞,会える,8
総合,動詞,生れ落ちる,1
総合,動詞,引く,5
総合,動詞,愛し合う,1
総合,動詞,なぞる,2
総合,動詞,こめる,1
総合,動詞,重なる,4
総合,動詞,暮れる,3
総合,動詞,追いつく,5
総合,動詞,目立つ,4
総合,動詞,くれる,18
総合,動詞,切らす,1
総合,動詞,濡らす,1
総合,動詞,踏む,2
総合,動詞,噛み締める,1
総合,動詞,祈る,2
総合,動詞,わける,3
総合,動詞,突き刺さる,2
総合,動詞,叶う,7
総合,動詞,駆け抜ける,1
総合,動詞,纏める,1
総合,動詞,つかえる,1
総合,動詞,振る,7
総合,動詞,通り過ぎる,1
総合,動詞,くださる,1
総合,動詞,閉まる,1
総合,動詞,乗り越す,1
総合,動詞,踏み出す,1
総合,動詞,震える,2
総合,動詞,吸う,2
総合,動詞,強がる,2
総合,動詞,思い切る,1
総合,動詞,思い出せる,3
総合,動詞,かける,11
総合,動詞,うつむく,1
総合,動詞,うなずく,1
総合,動詞,きらめく,3
総合,動詞,伝える,3
総合,動詞,薄れる,1
総合,動詞,浮かべる,1
総合,動詞,掴む,5
総合,動詞,抱える,6
総合,動詞,見つかる,4
総合,動詞,見つける,10
総合,動詞,似合う,1
総合,動詞,かむ,3
総合,動詞,騒ぐ,1
総合,動詞,稼ぐ,1
総合,動詞,生まれる,4
総合,動詞,束ねる,1
総合,動詞,がんばれる,1
総合,動詞,問い詰める,2
総合,動詞,走り回れる,1
総合,動詞,超える,2
総合,動詞,とる,4
総合,動詞,動ける,2
総合,動詞,させる,4
総合,動詞,許す,5
総合,動詞,堪える,1
総合,動詞,込む,2
総合,動詞,勝つ,2
総合,動詞,参る,1
総合,動詞,買える,1
総合,動詞,帰れる,3
総合,動詞,かしげる,1
総合,動詞,鳴く,1
総合,動詞,外す,1
総合,動詞,とぼける,1
総合,動詞,埋まる,1
総合,動詞,なさる,2
総合,動詞,生える,1
総合,動詞,叶える,3
総合,動詞,うろつく,1
総合,動詞,向かう,5
総合,動詞,ほっとく,2
総合,動詞,嘲笑う,1
総合,動詞,覚ます,2
総合,動詞,弄ぶ,2
総合,動詞,まかなえる,1
総合,動詞,考える,6
総合,動詞,頑張る,1
総合,動詞,招く,1
総合,動詞,惑う,1
総合,動詞,付ける,5
総合,動詞,出かける,1
総合,動詞,馴染める,3
総合,動詞,まかり通る,1
総合,動詞,落ち着く,4
総合,動詞,引っ張る,1
総合,動詞,叱る,2
総合,動詞,驕る,2
総合,動詞,叫ぶ,3
総合,動詞,閉ざす,1
総合,動詞,傷付ける,1
総合,動詞,受け止める,3
総合,動詞,たまる,3
総合,動詞,堪る,1
総合,動詞,憎む,1
総合,動詞,刻み込む,1
総合,動詞,向く,3
総合,動詞,積もる,1
総合,動詞,譲れる,3
総合,動詞,生きる,20
総合,動詞,話しかける,1
総合,動詞,愛する,1
総合,動詞,漂う,4
総合,動詞,上げる,2
総合,動詞,行き着く,2
総合,動詞,感じる,4
総合,動詞,踊れる,3
総合,動詞,握る,4
総合,動詞,通じる,1
総合,動詞,構う,7
総合,動詞,こぼれる,2
総合,動詞,とれる,1
総合,動詞,呼び出せる,1
総合,動詞,疑う,1
総合,動詞,選ぶ,8
総合,動詞,はじける,1
総合,動詞,ひらめく,1
総合,動詞,貫く,1
総合,動詞,貰える,1
総合,動詞,嵌める,1
総合,動詞,だらける,1
総合,動詞,駆け回れる,1
総合,動詞,尖る,2
総合,動詞,飲み込む,3
総合,動詞,得る,1
総合,動詞,持ち合わせる,1
総合,動詞,欠ける,1
総合,動詞,駆け回る,1
総合,動詞,呈す,2
総合,動詞,散る,4
総合,動詞,焦る,7
総合,動詞,担う,2
総合,動詞,止まれる,3
総合,動詞,ぶつかる,2
総合,動詞,近づける,1
総合,動詞,持ち越す,1
総合,動詞,夢見る,1
総合,動詞,迫る,1
総合,動詞,現れる,1
総合,動詞,叩く,4
総合,動詞,積み重なる,1
総合,動詞,しれる,5
総合,動詞,座る,1
総合,動詞,出会える,3
総合,動詞,終える,1
総合,動詞,くべる,1
総合,動詞,喋る,3
総合,動詞,見放す,1
総合,動詞,怖じる,1
総合,動詞,要る,5
総合,動詞,呼び戻す,1
総合,動詞,譲る,2
総合,動詞,おく,10
総合,動詞,賭す,1
総合,動詞,甘やかす,2
総合,動詞,名付ける,2
総合,動詞,折り重なる,1
総合,動詞,怖がる,3
総合,動詞,探し求める,1
総合,動詞,埋もれる,1
総合,動詞,慌てる,1
総合,動詞,生み出す,1
総合,動詞,おとる,1
総合,動詞,そらす,2
総合,動詞,戻す,3
総合,動詞,沈む,2
総合,動詞,近付く,1
総合,動詞,喜ぶ,1
総合,動詞,抑える,1
総合,動詞,逸る,2
総合,動詞,笑い飛ばす,1
総合,動詞,拾う,3
総合,動詞,はねる,1
総合,動詞,きれる,3
総合,動詞,見上げる,2
総合,動詞,毒づく,3
総合,動詞,教える,3
総合,動詞,飲む,4
総合,動詞,吹く,4
総合,動詞,懲りる,3
総合,動詞,あふれる,1
総合,動詞,さらう,1
総合,動詞,ふらつく,2
総合,動詞,埋める,2
総合,動詞,壊せる,1
総合,動詞,ためらう,1
総合,動詞,蘇る,1
総合,動詞,似通う,1
総合,動詞,思い過ごす,1
総合,動詞,涙する,1
総合,動詞,吠える,1
総合,動詞,残る,4
総合,動詞,起こる,2
総合,動詞,想う,5
総合,動詞,指す,3
総合,動詞,逸れる,1
総合,動詞,上がる,3
総合,動詞,傷つける,2
総合,動詞,限る,1
総合,動詞,無くなる,2
総合,動詞,間に合う,7
総合,動詞,賭ける,1
総合,動詞,染まる,1
総合,動詞,辿れる,1
総合,動詞,繋ぐ,3
総合,動詞,こだわる,1
総合,動詞,利く,2
総合,動詞,寄せる,1
総合,動詞,役に立つ,2
総合,動詞,浸かる,1
総合,動詞,乗っける,1
総合,動詞,託す,1
総合,動詞,拒む,2
総合,動詞,はらむ,1
総合,動詞,ありえる,3
総合,動詞,戸惑う,2
総合,動詞,なぞらえる,1
総合,動詞,下がる,1
総合,動詞,奪う,1
総合,動詞,がんばる,1
総合,動詞,押しつぶす,1
総合,動詞,履き違える,2
総合,動詞,はみ出す,1
総合,動詞,出そろう,1
総合,動詞,押す,4
総合,動詞,曇らせる,1
総合,動詞,書き換える,1
総合,動詞,置き忘れる,1
総合,動詞,呼び起こす,1
総合,動詞,寄り添う,2
総合,動詞,逃せる,1
総合,動詞,轢く,1
総合,動詞,吹き込む,1
総合,動詞,答える,3
総合,動詞,疲れる,3
総合,動詞,阻む,1
総合,動詞,痺れる,1
総合,動詞,みせる,2
総合,動詞,与える,1
総合,動詞,おくれる,1
総合,動詞,鳴らせる,1
総合,動詞,出来る,1
総合,動詞,計る,1
総合,動詞,躍る,2
総合,動詞,詰まる,1
総合,動詞,救える,1
総合,動詞,尽きる,1
総合,動詞,うなる,1
総合,動詞,言い聞かせる,3
総合,動詞,混ぜ合う,1
総合,動詞,使える,1
総合,動詞,磨く,1
総合,動詞,求める,5
総合,動詞,選びだす,1
総合,動詞,余す,1
総合,動詞,救う,3
総合,動詞,よす,1
総合,動詞,被る,1
総合,動詞,集める,1
総合,動詞,ひる,2
総合,動詞,刺せる,1
総合,動詞,張り付く,1
総合,動詞,返せる,2
総合,動詞,錆びる,1
総合,動詞,逸らす,1
総合,動詞,くわえる,1
総合,動詞,ふざける,3
総合,動詞,ちまう,4
総合,動詞,怒る,2
総合,動詞,くじける,1
総合,動詞,包み込む,1
総合,動詞,もうす,1
総合,動詞,溜め込む,1
総合,動詞,伝わる,2
総合,動詞,通る,1
総合,動詞,ばれる,2
総合,動詞,選び出す,1
総合,動詞,残す,3
総合,動詞,見つめる,1
総合,動詞,受け取る,2
総合,動詞,出せる,3
総合,動詞,持ち帰る,1
総合,動詞,送る,1
総合,動詞,撒く,1
総合,動詞,問い合わせる,1
総合,動詞,思い立つ,1
総合,動詞,壊れる,3
総合,動詞,履く,1
総合,動詞,蹴っ飛ばす,1
総合,動詞,旅立つ,2
総合,動詞,逆らえる,1
総合,動詞,開き直る,1
総合,動詞,潰す,1
総合,動詞,曲げる,1
総合,動詞,乱す,2
総合,動詞,捻じる,1
総合,動詞,繰り広げる,2
総合,動詞,乗れる,1
総合,動詞,守れる,2
総合,動詞,逃げる,3
総合,動詞,入り乱れる,1
総合,動詞,歌える,2
総合,動詞,洗える,1
総合,動詞,流行る,1
総合,動詞,留める,1
総合,動詞,つぶやく,1
総合,動詞,出会う,1
総合,動詞,開け放す,1
総合,動詞,当てはまる,1
総合,動詞,ふう,2
総合,動詞,導く,1
総合,動詞,痛める,1
総合,動詞,架かる,2
総合,動詞,満たす,2
総合,動詞,縛る,1
総合,動詞,追いかける,2
総合,動詞,色あせる,1
総合,動詞,飾る,1
総合,動詞,崩れる,1
総合,動詞,めす,1
総合,動詞,あそぶ,2
総合,動詞,殺す,1
総合,動詞,任せる,4
総合,動詞,なめる,1
総合,動詞,投げつける,1
総合,動詞,起きる,2
総合,動詞,やり過ごせる,1
総合,動詞,否める,1
総合,動詞,そぐう,1
総合,動詞,転がす,2
総合,動詞,晒す,2
総合,動詞,群がる,1
総合,動詞,興ずる,1
総合,動詞,目論む,1
総合,動詞,遊べる,2
総合,動詞,絶つ,1
総合,動詞,捻り出す,1
総合,動詞,もたげる,1
総合,動詞,括る,1
総合,動詞,煮詰める,1
総合,動詞,眠る,3
総合,動詞,配す,1
総合,動詞,閉じる,2
総合,動詞,飛び出る,1
総合,動詞,濡れる,2
総合,動詞,解ける,4
総合,動詞,逃げ出す,2
総合,動詞,間違える,3
総合,動詞,ふりだす,1
総合,動詞,生まれ変わる,2
総合,動詞,去る,5
総合,動詞,排す,1
総合,動詞,断る,1
総合,動詞,問う,2
総合,動詞,砕ける,1
総合,動詞,睨む,2
総合,動詞,狙う,3
総合,動詞,うる,2
総合,動詞,でしゃばる,2
総合,動詞,あがる,1
総合,動詞,ハマる,1
総合,動詞,くたばる,3
総合,動詞,減る,2
総合,動詞,かき回す,1
総合,動詞,挑む,2
総合,動詞,霞む,2
総合,動詞,伸ばせる,1
総合,動詞,投げ出す,1
総合,動詞,沸く,1
総合,動詞,揉む,1
総合,動詞,死ねる,1
総合,動詞,潜める,1
総合,動詞,揺さぶる,2
総合,動詞,目指す,2
総合,動詞,極まる,2
総合,動詞,飛び回る,1
総合,動詞,しめる,1
総合,動詞,成り下がる,1
総合,動詞,慣れる,3
総合,動詞,果たす,1
総合,動詞,昂る,1
総合,動詞,映し出せる,2
総合,動詞,切捨てる,2
総合,動詞,引っかかる,2
総合,動詞,炙る,2
総合,動詞,殺気だつ,2
総合,動詞,仕組む,2
総合,動詞,薄まる,2
総合,動詞,くゆらせる,2
総合,動詞,くすぶる,2
総合,動詞,送れる,2
総合,動詞,過ぎ去る,2
総合,動詞,待ちわびる,2
総合,動詞,噛む,3
総合,動詞,かねる,1
総合,動詞,従う,1
総合,動詞,掘る,1
総合,動詞,けす,1
総合,動詞,ふてくさる,1
総合,動詞,溶ける,4
総合,動詞,済ませる,2
総合,動詞,すます,1
総合,動詞,とく,3
総合,動詞,呆れる,2
総合,動詞,満ちる,1
総合,動詞,断つ,1
総合,動詞,つかる,1
総合,動詞,余る,1
総合,動詞,折れる,2
総合,動詞,遅れる,2
総合,動詞,失う,3
総合,動詞,沸き立つ,1
総合,動詞,もらえる,1
総合,動詞,あう,1
総合,動詞,貶める,1
総合,動詞,忍び寄る,1
総合,動詞,裏切る,1
総合,動詞,振れる,1
総合,動詞,洗う,1
総合,動詞,生き抜く,1
総合,動詞,暴れる,1
総合,動詞,磨る,1
総合,動詞,導ける,1
総合,動詞,捕まる,1
総合,動詞,育てる,1
総合,動詞,たどり着く,1
総合,動詞,引っぱる,1
総合,動詞,連れる,2
総合,動詞,ねじれる,1
総合,動詞,曲がりくねる,1
総合,動詞,交わる,3
総合,動詞,苦しめる,1
総合,動詞,交わす,1
総合,動詞,縮まる,1
総合,動詞,ぶっ飛ばす,2
総合,動詞,追い越す,2
総合,動詞,保つ,3
総合,動詞,落っこちる,1
総合,動詞,反る,1
総合,動詞,ふためく,1
総合,動詞,役立つ,2
総合,動詞,くぐり抜ける,1
総合,動詞,すれ違う,4
総合,動詞,溶け込む,1
総合,動詞,頼む,3
総合,動詞,差し出す,3
総合,動詞,馴れ合う,1
総合,動詞,ぐらつく,1
総合,動詞,まとめる,2
総合,動詞,はじまる,1
総合,動詞,着替える,1
総合,動詞,ざわつく,1
総合,動詞,読む,2
総合,動詞,踏み込む,1
総合,動詞,ぶつける,1
総合,動詞,われる,1
総合,動詞,照れる,1
総合,動詞,めくれる,1
総合,動詞,追いつける,1
総合,動詞,くらう,1
総合,動詞,煎じる,1
総合,動詞,覗く,1
総合,動詞,助ける,2
総合,動詞,生み出せる,1
総合,動詞,火照る,1
総合,動詞,走れる,3
総合,動詞,浸る,1
総合,動詞,芽生える,1
総合,動詞,奪える,1
総合,動詞,空ける,1
総合,動詞,反す,1
総合,動詞,揺れ動く,1
総合,動詞,張り合う,1
総合,動詞,膨れる,1
総合,動詞,横切る,1
総合,動詞,付く,2
総合,動詞,勝てる,1
総合,動詞,たせる,1
総合,動詞,立ち行く,1
総合,動詞,穢れる,1
総合,動詞,帰す,2
総合,動詞,伏す,1
総合,動詞,逃げ切る,1
総合,動詞,あつらえる,1
総合,動詞,巻き込む,2
総合,動詞,効く,2
総合,動詞,進める,3
総合,動詞,まとう,2
総合,動詞,並ぶ,1
総合,動詞,休む,1
総合,動詞,募る,1
総合,動詞,押し出す,1
総合,動詞,もつ,1
総合,動詞,零れる,1
総合,動詞,張りつめる,1
総合,動詞,広がる,2
総合,動詞,途切れる,1
総合,動詞,探し出す,1
総合,動詞,茶化す,1
総合,動詞,嗅ぐ,1
総合,動詞,こむ,2
総合,動詞,整う,1
総合,動詞,剥ぐ,1
総合,動詞,試す,1
総合,動詞,チラつく,1
総合,動詞,済む,1
総合,動詞,かき分ける,1
総合,動詞,いがみ合う,1
総合,動詞,触る,2
総合,動詞,張り切る,2
総合,動詞,構える,1
総合,動詞,殺せる,1
総合,動詞,生い茂る,1
総合,動詞,煉る,1
総合,動詞,溜めこむ,1
総合,動詞,こく,1
総合,動詞,振りかざす,2
総合,動詞,まくる,1
総合,動詞,透ける,1
総合,動詞,嘲る,1
総合,動詞,灯る,4
総合,動詞,掻く,1
総合,動詞,消せる,1
総合,動詞,手こずる,1
総合,動詞,売る,1
総合,動詞,渡れる,1
総合,動詞,面す,1
総合,動詞,命じる,1
総合,動詞,煮込む,1
総合,動詞,保てる,1
総合,動詞,頼る,1
総合,動詞,転がる,2
総合,動詞,つっかえる,1
総合,動詞,指さす,1
総合,動詞,誇れる,2
総合,動詞,踏み入れる,1
総合,動詞,出しゃばる,1
総合,動詞,ありあまる,1
総合,動詞,くすむ,1
総合,動詞,報う,1
総合,動詞,遠ざかる,1
総合,動詞,点く,1
総合,動詞,呟く,1
総合,動詞,よぎる,2
総合,動詞,企む,1
総合,動詞,持て余す,1
総合,動詞,併せ持つ,1
総合,動詞,折る,1
総合,動詞,為す,1
総合,動詞,侮る,1
総合,動詞,端折る,1
総合,動詞,至る,1
総合,動詞,凝らす,1
総合,動詞,砕く,1
総合,動詞,隠れる,1
総合,動詞,決まる,3
総合,動詞,呼び出す,1
総合,動詞,解き明かす,1
総合,動詞,取り繕う,1
総合,動詞,合える,1
総合,動詞,絡まる,1
総合,動詞,表せる,1
総合,動詞,数え切れる,1
総合,動詞,期する,1
総合,動詞,嘯く,1
総合,動詞,描き出す,1
総合,動詞,あえる,1
総合,動詞,見落とす,1
総合,動詞,縫う,1
総合,動詞,分かつ,1
総合,動詞,急ぐ,2
総合,動詞,ばる,1
総合,動詞,取り戻せる,1
総合,動詞,途絶える,1
総合,動詞,惑わす,1
総合,動詞,厭う,1
総合,動詞,塗りつぶせる,1
総合,動詞,恋焦がれる,1
総合,動詞,化かす,1
総合,動詞,駆ける,1
総合,動詞,古びる,1
総合,動詞,掘り返す,1
総合,動詞,聞ける,1
総合,動詞,張り切れる,1
総合,動詞,冷やす,1
総合,動詞,処す,1
総合,動詞,すり抜ける,1
総合,動詞,切羽詰まる,1
総合,動詞,振りかぶる,1
総合,動詞,打ち上げる,1
総合,動詞,穿つ,2
総合,動詞,かく,1
総合,動詞,かわいがれる,1
総合,動詞,ウケる,1
総合,動詞,称す,1
総合,動詞,導き出せる,1
総合,動詞,結ぶ,1
総合,動詞,潜り込む,1
総合,動詞,降り注ぐ,1
総合,動詞,みだす,1
総合,動詞,煽る,1
総合,動詞,曲がる,1
総合,動詞,やめる,3
総合,動詞,分かれる,1
総合,動詞,笑われる,1
総合,動詞,溶かす,1
総合,動詞,たどり着ける,1
総合,動詞,押し込む,1
総合,動詞,知れる,1
総合,動詞,つつく,1
総合,動詞,いつく,1
総合,動詞,知らせる,1
総合,動詞,抗う,1
総合,動詞,まみれる,2
総合,動詞,探せる,1
総合,動詞,動かす,1
総合,動詞,きる,1
総合,動詞,覚ませる,1
総合,動詞,欲する,1
総合,動詞,競る,1
総合,動詞,かき乱す,1
総合,動詞,暴く,1
総合,動詞,緩む,1
総合,動詞,ほる,2
総合,動詞,さす,1
総合,動詞,浴びせる,1
総合,動詞,見舞う,1
総合,動詞,欺く,1
総合,動詞,起こす,1
総合,動詞,轟く,1
総合,動詞,詰める,1
総合,動詞,抜かる,1
総合,動詞,省く,1
総合,動詞,起す,1
総合,動詞,惹く,1
総合,動詞,上る,1
総合,動詞,出来上がる,1
総合,動詞,ほころぶ,1
総合,動詞,こんがらがる,1
総合,動詞,滲む,1
総合,動詞,見守る,1
総合,動詞,欲張る,1
総合,動詞,差しだす,1
総合,動詞,伝う,1
総合,動詞,収まる,1
総合,動詞,祝う,1
総合,動詞,泳ぐ,1
総合,動詞,ちる,1
総合,動詞,回す,1
総合,動詞,見飽きる,1
総合,動詞,選べる,1
総合,動詞,貸す,1
総合,動詞,ぶちかます,2
総合,動詞,逃す,1
総合,動詞,わきまえる,1
総合,動詞,バレる,1
総合,動詞,富む,1
総合,動詞,待てる,1
総合,動詞,撮る,1
総合,動詞,冷める,1
総合,動詞,踏ん張る,1
総合,動詞,はめる,1
総合,動詞,載る,1
総合,動詞,運ぶ,2
総合,動詞,削れる,1
総合,動詞,画す,1
総合,動詞,抉る,1
総合,動詞,すっこむ,1
総合,動詞,突き詰める,1
総合,動詞,擦り切れる,1
総合,動詞,あがく,1
総合,動詞,割ける,1
総合,動詞,飾れる,1
総合,動詞,掛ける,1
総合,動詞,違える,1
総合,動詞,浸す,1
総合,動詞,焦げる,1
総合,動詞,待ち合わせる,1
総合,動詞,跳ぶ,1
総合,動詞,かじる,1
総合,動詞,ゆく,1
総合,動詞,汚れる,1
総合,動詞,紛れる,1
総合,動詞,存ずる,1
総合,動詞,沸かす,1
総合,動詞,召す,2
総合,動詞,比べる,1
総合,動詞,締め付ける,1
総合,動詞,はみ出る,1
総合,動詞,崩す,1
総合,動詞,踏み出せる,2
総合,動詞,甘える,1
総合,動詞,潜る,1
総合,動詞,熟れる,1
総合,動詞,引き返せる,1
総合,動詞,渇く,1
総合,動詞,座りこむ,1
総合,動詞,泣ける,1
総合,動詞,とめる,1
総合,動詞,遡る,1
総合,動詞,わる,1
総合,動詞,差し伸べる,1
総合,動詞,おさえる,1
総合,動詞,のぼれる,1
総合,動詞,介す,1
総合,動詞,いれる,1
総合,動詞,なおる,1
総合,動詞,飛び立つ,1
総合,動詞,控える,1
総合,動詞,問いただす,1
総合,動詞,促す,1
総合,動詞,集まる,1
総合,動詞,来れる,1
総合,動詞,誇る,1
総合,接続詞,ただ,13
総合,接続詞,また,26
総合,接続詞,そして,13
総合,接続詞,いや,5
総合,接続詞,それなら,3
総合,接続詞,そしたら,1
総合,接続詞,よって,1
総合,接続詞,だって,5
総合,接続詞,でも,9
総合,接続詞,それでも,12
総合,接続詞,ましてや,1
総合,接続詞,例えば,4
総合,接続詞,ないし,4
総合,接続詞,まずは,2
総合,接続詞,だけど,4
総合,接続詞,つまり,5
総合,接続詞,だから,13
総合,接続詞,だからこそ,4
総合,接続詞,追って,2
総合,接続詞,けど,4
総合,接続詞,じゃあ,2
総合,接続詞,で,2
総合,接続詞,尚,1
総合,接続詞,さて,1
総合,接続詞,じゃ,1
総合,接続詞,または,1
総合,接続詞,さりとて,2
総合,接続詞,しかし,3
総合,接続詞,んじゃ,1
総合,接続詞,ゆえに,1
総合,接続詞,それに,1
総合,接続詞,かくして,1
総合,感動詞,ありがとう,4
総合,感動詞,ほら,35
総合,感動詞,ぎゃふん,1
総合,感動詞,ああ,18
総合,感動詞,ねえ,4
総合,感動詞,さぁ,3
総合,感動詞,さよなら,5
総合,感動詞,さあ,12
総合,感動詞,おや,1
総合,感動詞,あぁ,2
総合,感動詞,ごきげんよう,1
総合,感動詞,ごめんなさい,1
総合,感動詞,何だ,2
総合,感動詞,こんばんは,1
総合,感動詞,いや,1
総合,感動詞,やあ,1
総合,感動詞,こんにちは,1
総合,感動詞,はてな,1
総合,感動詞,はて,1
総合,感動詞,あーあ,1
総合,感動詞,ごめん,2
総合,感動詞,ほらほら,1
総合,感動詞,おい,1
総合,感動詞,う,1
総合,連体詞,その,49
総合,連体詞,あの,12
総合,連体詞,この,40
総合,連体詞,同じ,13
総合,連体詞,そんな,32
総合,連体詞,どんな,9
総合,連体詞,こんな,15
総合,連体詞,小さな,6
総合,連体詞,どういう,1
総合,連体詞,ほんの,4
総合,連体詞,ちいさな,1
総合,連体詞,あらゆる,1
総合,連体詞,ある,4
総合,連体詞,大した,3
総合,連体詞,おんなじ,2
総合,連体詞,そういう,1
総合,連体詞,輝ける,1
総合,連体詞,素知らぬ,1
総合,連体詞,微々たる,1
総合,連体詞,さしたる,2
総合,連体詞,大いなる,1
総合,連体詞,どの,1
総合,連体詞,ふとした,1
総合,形容詞,新しい,2
総合,形容詞,悪い,11
総合,形容詞,くだらない,3
総合,形容詞,よい,20
総合,形容詞,気安い,4
総合,形容詞,でっかい,2
総合,形容詞,無い,21
総合,形容詞,優しい,6
総合,形容詞,遠い,4
総合,形容詞,楽しい,11
総合,形容詞,心細い,1
総合,形容詞,厳しい,2
総合,形容詞,正しい,3
総合,形容詞,暑い,1
総合,形容詞,汚い,3
総合,形容詞,暗い,6
総合,形容詞,程遠い,2
総合,形容詞,ふがいない,1
総合,形容詞,偉い,5
総合,形容詞,易い,1
総合,形容詞,たまらない,3
総合,形容詞,気持ちいい,3
総合,形容詞,白い,3
総合,形容詞,見にくい,1
総合,形容詞,もどかしい,3
総合,形容詞,痛い,5
総合,形容詞,ながい,1
総合,形容詞,うまい,5
総合,形容詞,わるい,2
総合,形容詞,甘い,10
総合,形容詞,歯がゆい,4
総合,形容詞,良い,12
総合,形容詞,悲しい,14
総合,形容詞,重い,1
総合,形容詞,強い,8
総合,形容詞,まぶしい,1
総合,形容詞,容易い,3
総合,形容詞,難しい,4
総合,形容詞,高い,1
総合,形容詞,辛い,3
総合,形容詞,嬉しい,4
総合,形容詞,冷たい,2
総合,形容詞,安っぽい,1
総合,形容詞,長い,2
総合,形容詞,怖い,3
総合,形容詞,すごい,3
総合,形容詞,軽い,3
総合,形容詞,深い,2
総合,形容詞,古い,1
総合,形容詞,うるさい,3
総合,形容詞,さびしい,1
総合,形容詞,悔しい,3
総合,形容詞,幼い,1
総合,形容詞,むず痒い,1
総合,形容詞,おかしい,1
総合,形容詞,近い,2
総合,形容詞,虚しい,5
総合,形容詞,儚い,2
総合,形容詞,眩しい,1
総合,形容詞,こい,1
総合,形容詞,広い,4
総合,形容詞,欲しい,17
総合,形容詞,わざとらしい,1
総合,形容詞,つまらない,3
総合,形容詞,お安い,1
総合,形容詞,揺るぎない,1
総合,形容詞,美しい,3
総合,形容詞,弱い,2
総合,形容詞,多い,4
総合,形容詞,気だるい,1
総合,形容詞,かたじけない,1
総合,形容詞,恥ずかしい,4
総合,形容詞,濃い,1
総合,形容詞,小さい,5
総合,形容詞,もったいない,5
総合,形容詞,照れくさい,1
総合,形容詞,かっこよい,1
総合,形容詞,煩わしい,1
総合,形容詞,四角い,1
総合,形容詞,何気ない,4
総合,形容詞,とめどない,1
総合,形容詞,切ない,1
総合,形容詞,親しい,1
総合,形容詞,忙しい,4
総合,形容詞,速い,3
総合,形容詞,少ない,1
総合,形容詞,苦しい,2
総合,形容詞,心無い,1
総合,形容詞,狭い,2
総合,形容詞,淋しい,1
総合,形容詞,大きい,1
総合,形容詞,暖かい,1
総合,形容詞,逞しい,1
総合,形容詞,面倒くさい,2
総合,形容詞,そぐわない,1
総合,形容詞,かぐわしい,1
総合,形容詞,やばい,5
総合,形容詞,恭しい,1
総合,形容詞,寂しい,2
総合,形容詞,野暮ったい,1
総合,形容詞,重たい,2
総合,形容詞,早い,3
総合,形容詞,空しい,2
総合,形容詞,まずい,2
総合,形容詞,浅ましい,1
総合,形容詞,誇らしい,1
総合,形容詞,惜しい,1
総合,形容詞,苦い,3
総合,形容詞,臭い,2
総合,形容詞,泥臭い,1
総合,形容詞,邪魔くさい,1
総合,形容詞,おめでたい,2
総合,形容詞,うい,1
総合,形容詞,美味しい,1
総合,形容詞,おぼつかない,1
総合,形容詞,酷い,1
総合,形容詞,づらい,1
総合,形容詞,騒々しい,1
総合,形容詞,またとない,1
総合,形容詞,淡い,1
総合,形容詞,涼しい,1
総合,形容詞,目覚ましい,1
総合,形容詞,たくましい,1
総合,形容詞,ほしい,4
総合,形容詞,たのしい,1
総合,形容詞,程よい,1
総合,形容詞,果てしない,1
総合,形容詞,心許ない,1
総合,形容詞,ダサい,3
総合,形容詞,情けない,1
総合,形容詞,よろしい,1
総合,形容詞,拙い,1
総合,形容詞,つたない,1
総合,形容詞,心地よい,1
総合,形容詞,ぬるい,2
総合,形容詞,短い,2
総合,形容詞,でかい,1
総合,形容詞,もろい,1
総合,形容詞,鬱陶しい,1
総合,形容詞,低い,2
総合,形容詞,かわいい,2
総合,形容詞,めんどい,1
総合,形容詞,訝しい,1
総合,形容詞,忌々しい,1
総合,形容詞,いたい,1
総合,形容詞,熱い,1
総合,形容詞,ちょろい,1
総合,形容詞,丸い,1
総合,形容詞,おいしい,2
総合,形容詞,寒い,2
総合,形容詞,怪しい,1
総合,形容詞,青い,1
総合,形容詞,つまんない,1
総合,形容詞,っぽい,2
総合,形容詞,女々しい,1
総合,形容詞,愛くるしい,1
総合,形容詞,すばらしい,1
総合,形容詞,がたい,1
総合,形容詞,気味が悪い,1
総合,形容詞,やかましい,1
総合,形容詞,こわい,1
総合,形容詞,馬鹿らしい,1
総合,形容詞,つよい,1
総合,形容詞,ばっちい,1
総合,形容詞,やさしい,1
総合,形容詞,たかい,1
2. JET CO,名詞,急,2
2. JET CO,名詞,自身,1
2. JET CO,名詞,大さじ,1
2. JET CO,名詞,もういいかい,2
2. JET CO,名詞,思い,3
2. JET CO,名詞,僕,7
2. JET CO,名詞,君,6
2. JET CO,名詞,力,2
2. JET CO,名詞,チヤホヤ,1
2. JET CO,名詞,誤解,1
2. JET CO,名詞,妥協,1
2. JET CO,名詞,固定観念,1
2. JET CO,名詞,ダメ人間,1
2. JET CO,名詞,有頂天,1
2. JET CO,名詞,自信,2
2. JET CO,名詞,シアワセ,1
2. JET CO,名詞,メッセンジャーフロム,1
2. JET CO,名詞,間,1
2. JET CO,名詞,ところ,1
2. JET CO,名詞,通り,3
2. JET CO,名詞,謎,1
2. JET CO,名詞,全世界,1
2. JET CO,名詞,小さじ,1
2. JET CO,名詞,力持ち,1
2. JET CO,名詞,分,1
2. JET CO,名詞,システム,2
2. JET CO,名詞,甘え,1
2. JET CO,名詞,声,2
2. JET CO,名詞,半端,1
2. JET CO,名詞,前人未到,1
2. JET CO,名詞,答え,5
2. JET CO,名詞,暗闇,1
2. JET CO,名詞,幕,1
2. JET CO,名詞,結晶,1
2. JET CO,名詞,中,4
2. JET CO,名詞,誰か,2
2. JET CO,名詞,時,2
2. JET CO,名詞,段,1
2. JET CO,名詞,幸せ,1
2. JET CO,名詞,一つ,2
2. JET CO,名詞,闇,1
2. JET CO,名詞,順,1
2. JET CO,名詞,目,3
2. JET CO,名詞,夜,4
2. JET CO,名詞,よそ,1
2. JET CO,名詞,キレイゴト,1
2. JET CO,名詞,鍵,1
2. JET CO,名詞,親切,1
2. JET CO,名詞,体,1
2. JET CO,名詞,時計,1
2. JET CO,名詞,この街,1
2. JET CO,名詞,朝,2
2. JET CO,名詞,手,4
2. JET CO,名詞,子,1
2. JET CO,名詞,全て,1
2. JET CO,名詞,バックグラウンド,1
2. JET CO,名詞,足音,1
2. JET CO,名詞,あと,1
2. JET CO,名詞,誰,3
2. JET CO,名詞,形,2
2. JET CO,名詞,季節,1
2. JET CO,名詞,ベル,1
2. JET CO,名詞,風,2
2. JET CO,名詞,せい,5
2. JET CO,名詞,息遣い,1
2. JET CO,名詞,不親切,1
2. JET CO,名詞,概念,1
2. JET CO,名詞,影,1
2. JET CO,名詞,雪,1
2. JET CO,名詞,キレイ,2
2. JET CO,名詞,色,3
2. JET CO,名詞,風景,1
2. JET CO,名詞,現実,1
2. JET CO,名詞,管制塔,1
2. JET CO,名詞,頓挫,1
2. JET CO,名詞,リポーター,1
2. JET CO,名詞,不安定,1
2. JET CO,名詞,探検,1
2. JET CO,名詞,人生,1
2. JET CO,名詞,七,1
2. JET CO,名詞,空模様,1
2. JET CO,名詞,あべこべ,1
2. JET CO,名詞,未定,1
2. JET CO,名詞,偶像,1
2. JET CO,名詞,抜け道,1
2. JET CO,名詞,あさきゆめみし,1
2. JET CO,名詞,タイミング,1
2. JET CO,名詞,金縛り,1
2. JET CO,名詞,世界,5
2. JET CO,名詞,右,1
2. JET CO,名詞,白鳥の湖,1
2. JET CO,名詞,台本,1
2. JET CO,名詞,昨日,2
2. JET CO,名詞,微妙,1
2. JET CO,名詞,地球,1
2. JET CO,名詞,ステージ,1
2. JET CO,名詞,全部,3
2. JET CO,名詞,花盛り,1
2. JET CO,名詞,年頃,1
2. JET CO,名詞,コーナー,1
2. JET CO,名詞,左,2
2. JET CO,名詞,連絡,1
2. JET CO,名詞,裏返し,1
2. JET CO,名詞,望遠鏡,1
2. JET CO,名詞,カーナビ,1
2. JET CO,名詞,球体,1
2. JET CO,名詞,光と影,1
2. JET CO,名詞,上,2
2. JET CO,名詞,さじ加減,1
2. JET CO,名詞,お天気,1
2. JET CO,名詞,千,1
2. JET CO,名詞,幻,1
2. JET CO,名詞,神,1
2. JET CO,名詞,ニュートラル,1
2. JET CO,名詞,雨ふらし,1
2. JET CO,名詞,もん,1
2. JET CO,名詞,今,4
2. JET CO,名詞,空,3
2. JET CO,名詞,一斉,1
2. JET CO,名詞,確率,1
2. JET CO,名詞,雨,2
2. JET CO,名詞,程,1
2. JET CO,名詞,薄弱,1
2. JET CO,名詞,一人ぼっち,2
2. JET CO,名詞,妄信,1
2. JET CO,名詞,薬,1
2. JET CO,名詞,ビート,1
2. JET CO,名詞,前,2
2. JET CO,名詞,ソーシャル,1
2. JET CO,名詞,コーヒーカップ,1
2. JET CO,名詞,現代,1
2. JET CO,名詞,太陽系,1
2. JET CO,名詞,お気に入り,2
2. JET CO,名詞,考案,1
2. JET CO,名詞,深呼吸,1
2. JET CO,名詞,この世,1
2. JET CO,名詞,自分,1
2. JET CO,名詞,アクセサリ,1
2. JET CO,名詞,ひとつ,1
2. JET CO,名詞,Living,1
2. JET CO,名詞,期待,1
2. JET CO,名詞,勘違い,1
2. JET CO,名詞,茶飯事,1
2. JET CO,名詞,たこ,1
2. JET CO,名詞,晴れ,1
2. JET CO,名詞,ぼっち,1
2. JET CO,名詞,夢のまにまに,1
2. JET CO,名詞,意志,1
2. JET CO,名詞,on,1
2. JET CO,名詞,迷信,1
2. JET CO,名詞,ティンカーベル,1
2. JET CO,名詞,まんま,2
2. JET CO,名詞,誰だ,1
2. JET CO,名詞,様,3
2. JET CO,名詞,時代,1
2. JET CO,名詞,日,2
2. JET CO,名詞,ルーフトップ,1
2. JET CO,名詞,バカ,1
2. JET CO,名詞,今日,2
2. JET CO,名詞,青い傘,1
2. JET CO,名詞,弊害,1
2. JET CO,名詞,メロディー,1
2. JET CO,名詞,二人,1
2. JET CO,名詞,可能性,1
2. JET CO,名詞,おかね,1
2. JET CO,名詞,戦,1
2. JET CO,名詞,オンネノン,1
2. JET CO,名詞,ホント,1
2. JET CO,名詞,ぜんぜん,1
2. JET CO,名詞,セ,1
2. JET CO,名詞,つり,1
2. JET CO,名詞,だいじ,1
2. JET CO,名詞,記念日,1
2. JET CO,名詞,はな,1
2. JET CO,名詞,ボス,1
2. JET CO,名詞,かざり,1
2. JET CO,名詞,がまん,1
2. JET CO,名詞,気,3
2. JET CO,名詞,ママ,1
2. JET CO,名詞,あいだ,1
2. JET CO,名詞,ノッテ,1
2. JET CO,名詞,一時間,1
2. JET CO,名詞,カールルイス,1
2. JET CO,名詞,やくそく,1
2. JET CO,名詞,ミマワリ,1
2. JET CO,名詞,ないか,1
2. JET CO,名詞,こはい,1
2. JET CO,名詞,大冒険,1
2. JET CO,名詞,きょうは,1
2. JET CO,名詞,箱庭,1
2. JET CO,名詞,グッバイ,1
2. JET CO,名詞,パパ,1
2. JET CO,名詞,ドリームランド,1
2. JET CO,名詞,カナアミ,1
2. JET CO,名詞,ぎりおかしをかうのさ,1
2. JET CO,名詞,せんせい,1
2. JET CO,名詞,500円,1
2. JET CO,名詞,せかい,1
2. JET CO,名詞,最高潮,1
2. JET CO,名詞,セイ,1
2. JET CO,名詞,チョコレイト,1
2. JET CO,名詞,たらふく,1
2. JET CO,名詞,ざんねん,1
2. JET CO,名詞,プラスチックチックノットペイパー,1
2. JET CO,名詞,アシカ,1
2. JET CO,名詞,ひざ,1
2. JET CO,名詞,いらいら,1
2. JET CO,名詞,ワールド,1
2. JET CO,名詞,セロファン,1
2. JET CO,名詞,足,2
2. JET CO,名詞,やつ,1
2. JET CO,名詞,予測,1
2. JET CO,名詞,きっと,1
2. JET CO,名詞,片思い,1
2. JET CO,名詞,方,3
2. JET CO,名詞,大人,1
2. JET CO,名詞,ラウド,1
2. JET CO,名詞,meets,1
2. JET CO,名詞,グラウンド,1
2. JET CO,名詞,末,1
2. JET CO,名詞,バランス,1
2. JET CO,名詞,遠く,1
2. JET CO,名詞,スピード,1
2. JET CO,名詞,何度,1
2. JET CO,名詞,仲直り,1
2. JET CO,名詞,点と線,1
2. JET CO,名詞,かっこ,1
2. JET CO,名詞,スウィート,1
2. JET CO,名詞,場所,1
2. JET CO,名詞,テープ,1
2. JET CO,名詞,どっか,1
2. JET CO,名詞,ボーイミーツガール,1
2. JET CO,名詞,he,1
2. JET CO,名詞,曖昧,2
2. JET CO,名詞,不能,1
2. JET CO,名詞,何事,1
2. JET CO,名詞,歪,1
2. JET CO,名詞,感じ,1
2. JET CO,名詞,her,1
2. JET CO,名詞,ペン,1
2. JET CO,名詞,蜜,1
2. JET CO,名詞,ハリボテ,1
2. JET CO,名詞,邪魔,1
2. JET CO,名詞,私,1
2. JET CO,名詞,気まぐれ,1
2. JET CO,名詞,照れ笑い,1
2. JET CO,名詞,魔法,1
2. JET CO,名詞,言葉少な,1
2. JET CO,名詞,模様,1
2. JET CO,名詞,お返し,1
2. JET CO,名詞,人形,1
2. JET CO,名詞,大型,1
2. JET CO,名詞,式,1
2. JET CO,名詞,関心,1
2. JET CO,名詞,域,1
2. JET CO,名詞,無表情,1
2. JET CO,名詞,カレンダー,1
2. JET CO,名詞,観覧車,1
2. JET CO,名詞,日めくり,1
2. JET CO,名詞,正直,2
2. JET CO,名詞,くま,1
2. JET CO,名詞,涙,1
2. JET CO,名詞,割,1
2. JET CO,名詞,ここ,1
2. JET CO,名詞,公園,1
2. JET CO,名詞,荷,1
2. JET CO,名詞,グダグダ,1
2. JET CO,名詞,夢,2
2. JET CO,名詞,あなた,1
2. JET CO,名詞,トラック,1
2. JET CO,名詞,日常,2
2. JET CO,名詞,簡単,2
2. JET CO,名詞,話,1
2. JET CO,名詞,単純,1
2. JET CO,名詞,存在,1
2. JET CO,名詞,模範,1
2. JET CO,名詞,不思議,1
2. JET CO,名詞,その他,1
2. JET CO,名詞,解答,1
2. JET CO,名詞,大分,1
2. JET CO,名詞,おしゃべり,1
2. JET CO,名詞,定義,1
2. JET CO,名詞,不安,1
2. JET CO,名詞,大勢,1
2. JET CO,名詞,道,2
2. JET CO,名詞,4つ,1
2. JET CO,名詞,大小,1
2. JET CO,名詞,感情,1
2. JET CO,名詞,いつか,1
2. JET CO,名詞,引き出し,1
2. JET CO,名詞,大事,1
2. JET CO,名詞,本当,2
2. JET CO,名詞,月,3
2. JET CO,名詞,僕ら,1
2. JET CO,名詞,ハードル,1
2. JET CO,名詞,大好き,2
2. JET CO,名詞,教室,1
2. JET CO,名詞,5,1
2. JET CO,名詞,イメージ,1
2. JET CO,名詞,ごろうじろ,1
2. JET CO,名詞,キライキライキライキライ,1
2. JET CO,名詞,キライキライ,1
2. JET CO,名詞,とこ,1
2. JET CO,名詞,脳みそ,1
2. JET CO,名詞,基準値,1
2. JET CO,名詞,気分,1
2. JET CO,名詞,ざまぁ,1
2. JET CO,名詞,ダイアリー,1
2. JET CO,名詞,ご破算,1
2. JET CO,名詞,show time,1
2. JET CO,名詞,まみれ,1
2. JET CO,名詞,昼夜,1
2. JET CO,名詞,ミラーボール,1
2. JET CO,名詞,絶対,2
2. JET CO,名詞,イェイイェイイェイ,1
2. JET CO,名詞,スタイル,1
2. JET CO,名詞,正体,1
2. JET CO,名詞,ダンサブル,1
2. JET CO,名詞,言葉,1
2. JET CO,名詞,呼ばわり,1
2. JET CO,名詞,コマ,2
2. JET CO,名詞,心,1
2. JET CO,名詞,オッケー,1
2. JET CO,名詞,2,3
2. JET CO,名詞,スタートライン,1
2. JET CO,名詞,準備,2
2. JET CO,名詞,分の,1
2. JET CO,名詞,格闘,1
2. JET CO,名詞,理由,1
2. JET CO,名詞,怪訝,1
2. JET CO,名詞,星,1
2. JET CO,名詞,憂鬱,1
2. JET CO,名詞,たち,1
2. JET CO,名詞,世迷言,1
2. JET CO,名詞,人,1
2. JET CO,名詞,宇宙,1
2. JET CO,名詞,度目,1
2. JET CO,名詞,ミュージシャン,1
2. JET CO,名詞,3,2
2. JET CO,名詞,ガラクタ,1
2. JET CO,名詞,何,2
2. JET CO,名詞,はず,1
2. JET CO,名詞,大丈夫,1
2. JET CO,名詞,まだ生きてるよ,1
2. JET CO,名詞,だめ,1
2. JET CO,名詞,勝手,1
2. JET CO,名詞,適当,1
2. JET CO,名詞,俺,2
2. JET CO,名詞,縄張り,1
2. JET CO,名詞,惑星,1
2. JET CO,名詞,ライドオンタイム,1
2. JET CO,名詞,埃,1
2. JET CO,名詞,手玉,1
2. JET CO,名詞,とっく,1
2. JET CO,名詞,お次,1
2. JET CO,名詞,美男,1
2. JET CO,名詞,すごろく,1
2. JET CO,名詞,勢ぞろい,1
2. JET CO,名詞,海蛍,1
2. JET CO,名詞,ハローグーテンタークブエノスタルデス,1
2. JET CO,名詞,パーティー,1
2. JET CO,名詞,悲しみ,1
2. JET CO,名詞,悪いこと,1
2. JET CO,名詞,ムード,1
2. JET CO,名詞,回,1
2. JET CO,名詞,場面,1
2. JET CO,名詞,美女,1
2. JET CO,名詞,夢なら,1
2. JET CO,名詞,メリーゴーランド,1
2. JET CO,名詞,太陽,1
2. JET CO,名詞,喜び,1
2. JET CO,名詞,夏,2
2. JET CO,名詞,冬,2
2. JET CO,名詞,そば,1
2. JET CO,名詞,スパゲッティー,1
2. JET CO,名詞,十,1
2. JET CO,名詞,トロピカル,1
2. JET CO,名詞,いや,1
2. JET CO,名詞,ボーナスゲーム,1
2. JET CO,名詞,6,1
2. JET CO,名詞,億,1
2. JET CO,名詞,ワンチャンス,1
2. JET CO,名詞,線,1
2. JET CO,名詞,一周,1
2. JET CO,名詞,一,1
2. JET CO,名詞,桜,1
2. JET CO,名詞,景色,1
2. JET CO,名詞,バイバイ,1
2. JET CO,名詞,空気,1
2. JET CO,名詞,い事,1
2. JET CO,名詞,暗がり,1
2. JET CO,名詞,意味ありげ,1
2. JET CO,名詞,嫌い,1
2. JET CO,名詞,花火,1
2. JET CO,名詞,嫌,1
2. JET CO,名詞,事,1
2. JET CO,名詞,空白,1
2. JET CO,名詞,暮れ,1
2. JET CO,名詞,春,1
2. JET CO,名詞,秋,1
2. JET CO,名詞,落ち葉,1
2. JET CO,名詞,半分,1
2. JET CO,名詞,刹那,1
2. JET CO,名詞,1,1
2. JET CO,名詞,待ち,1
2. JET CO,名詞,ピンチ,1
2. JET CO,名詞,似て非なるもの,1
2. JET CO,名詞,マイ,1
2. JET CO,名詞,マスコミ,1
2. JET CO,名詞,端,1
2. JET CO,名詞,平和,1
2. JET CO,名詞,日向ぼっこ,1
2. JET CO,名詞,劣等感,1
2. JET CO,名詞,ABCDFG,1
2. JET CO,名詞,暗室,1
2. JET CO,名詞,ライブ,1
2. JET CO,名詞,主義,1
2. JET CO,名詞,ドキュメント,1
2. JET CO,名詞,シュークリーム,1
2. JET CO,名詞,噂,1
2. JET CO,名詞,技,1
2. JET CO,名詞,複合,1
2. JET CO,名詞,熱い,1
2. JET CO,名詞,E,1
2. JET CO,名詞,コードネーム,1
2. JET CO,名詞,今夜,1
2. JET CO,名詞,サンキュー,1
2. JET CO,名詞,妄想,1
2. JET CO,名詞,ジョーク,1
2. JET CO,名詞,蜂蜜,1
2. JET CO,名詞,パンチ,1
2. JET CO,名詞,勇気,1
2. JET CO,名詞,アイラブニージュー,1
2. JET CO,名詞,語彙,1
2. JET CO,名詞,秘密,1
2. JET CO,名詞,つまり,1
2. JET CO,名詞,どこ,1
2. JET CO,名詞,合言葉,1
2. JET CO,名詞,最高,1
2. JET CO,名詞,ミュージック,1
2. JET CO,名詞,ガラガラポッチ,1
2. JET CO,名詞,立ち話,1
2. JET CO,形容詞,偉い,2
2. JET CO,形容詞,易い,1
2. JET CO,形容詞,たまらない,1
2. JET CO,形容詞,気持ちいい,1
2. JET CO,形容詞,白い,1
2. JET CO,形容詞,優しい,1
2. JET CO,形容詞,見にくい,1
2. JET CO,形容詞,もどかしい,1
2. JET CO,形容詞,痛い,1
2. JET CO,形容詞,ながい,1
2. JET CO,形容詞,うまい,1
2. JET CO,形容詞,わるい,1
2. JET CO,形容詞,甘い,1
2. JET CO,形容詞,歯がゆい,1
2. JET CO,形容詞,悪い,1
2. JET CO,形容詞,良い,1
2. JET CO,形容詞,悲しい,2
2. JET CO,形容詞,重い,1
2. JET CO,形容詞,強い,2
2. JET CO,形容詞,まぶしい,1
2. JET CO,形容詞,容易い,1
2. JET CO,形容詞,難しい,1
2. JET CO,形容詞,高い,1
2. JET CO,形容詞,よい,1
2. JET CO,形容詞,辛い,1
2. JET CO,形容詞,楽しい,1
2. JET CO,形容詞,嬉しい,1
2. JET CO,動詞,思う,2
2. JET CO,動詞,生む,1
2. JET CO,動詞,暴ける,1
2. JET CO,動詞,つく,1
2. JET CO,動詞,輝く,1
2. JET CO,動詞,揺るぐ,1
2. JET CO,動詞,いかす,1
2. JET CO,動詞,がる,1
2. JET CO,動詞,運べる,1
2. JET CO,動詞,つまる,1
2. JET CO,動詞,言う,5
2. JET CO,動詞,散らす,1
2. JET CO,動詞,舞う,1
2. JET CO,動詞,近づく,1
2. JET CO,動詞,刻む,1
2. JET CO,動詞,知る,6
2. JET CO,動詞,探す,1
2. JET CO,動詞,開く,1
2. JET CO,動詞,映る,1
2. JET CO,動詞,降りる,1
2. JET CO,動詞,見える,2
2. JET CO,動詞,望む,1
2. JET CO,動詞,なくなる,1
2. JET CO,動詞,染める,1
2. JET CO,動詞,追う,1
2. JET CO,動詞,舞い降りる,1
2. JET CO,動詞,振り払う,1
2. JET CO,動詞,眠らせる,1
2. JET CO,動詞,聞こえる,1
2. JET CO,動詞,聞く,1
2. JET CO,動詞,見る,2
2. JET CO,動詞,しまう,4
2. JET CO,動詞,鳴る,1
2. JET CO,動詞,色づく,1
2. JET CO,動詞,降り続く,1
2. JET CO,動詞,来る,1
2. JET CO,動詞,待つ,3
2. JET CO,動詞,増える,1
2. JET CO,動詞,蹴る,1
2. JET CO,動詞,飛び交う,1
2. JET CO,動詞,間違う,1
2. JET CO,動詞,飛べる,1
2. JET CO,動詞,諦める,1
2. JET CO,動詞,でる,2
2. JET CO,動詞,変える,1
2. JET CO,動詞,つながる,1
2. JET CO,動詞,わく,2
2. JET CO,動詞,続く,2
2. JET CO,動詞,帰る,1
2. JET CO,動詞,のせる,1
2. JET CO,動詞,つかむ,1
2. JET CO,動詞,騙す,1
2. JET CO,動詞,歪む,2
2. JET CO,動詞,やれる,1
2. JET CO,動詞,彩る,1
2. JET CO,動詞,走り出す,1
2. JET CO,動詞,眠れる,1
2. JET CO,動詞,浮かぶ,2
2. JET CO,動詞,乗る,1
2. JET CO,動詞,行く,6
2. JET CO,動詞,握り締める,1
2. JET CO,動詞,揺らぐ,1
2. JET CO,動詞,たつ,1
2. JET CO,動詞,腐る,1
2. JET CO,動詞,まわす,1
2. JET CO,動詞,気づく,1
2. JET CO,動詞,傷つく,2
2. JET CO,動詞,つなぐ,1
2. JET CO,動詞,混ざる,1
2. JET CO,動詞,つける,4
2. JET CO,動詞,苛立つ,1
2. JET CO,動詞,まわる,1
2. JET CO,動詞,合う,2
2. JET CO,動詞,ぬける,1
2. JET CO,動詞,ためる,1
2. JET CO,動詞,やむ,1
2. JET CO,動詞,かかえる,1
2. JET CO,動詞,おいつける,1
2. JET CO,動詞,ぬけだす,1
2. JET CO,動詞,つかう,1
2. JET CO,動詞,たのむ,1
2. JET CO,動詞,かう,1
2. JET CO,動詞,かたづける,1
2. JET CO,動詞,問いかける,1
2. JET CO,動詞,貼る,1
2. JET CO,動詞,見失う,1
2. JET CO,動詞,探し当てる,1
2. JET CO,動詞,繰り返す,1
2. JET CO,動詞,切り離す,1
2. JET CO,動詞,繋がる,1
2. JET CO,動詞,歩く,1
2. JET CO,動詞,忘れる,1
2. JET CO,動詞,出す,2
2. JET CO,動詞,なおす,1
2. JET CO,動詞,明ける,1
2. JET CO,動詞,語る,1
2. JET CO,動詞,違う,1
2. JET CO,動詞,使う,1
2. JET CO,動詞,出る,1
2. JET CO,動詞,乗せる,1
2. JET CO,動詞,紛れ込む,1
2. JET CO,動詞,つまずく,1
2. JET CO,動詞,終わる,1
2. JET CO,動詞,あやかる,1
2. JET CO,動詞,回る,3
2. JET CO,動詞,迷う,1
2. JET CO,動詞,数える,1
2. JET CO,動詞,泣かす,1
2. JET CO,動詞,話す,1
2. JET CO,動詞,仰ぐ,1
2. JET CO,動詞,わかる,1
2. JET CO,動詞,昇る,2
2. JET CO,動詞,驚く,1
2. JET CO,動詞,始まる,3
2. JET CO,動詞,黙る,2
2. JET CO,動詞,願う,1
2. JET CO,動詞,揃う,1
2. JET CO,動詞,降る,1
2. JET CO,動詞,動く,1
2. JET CO,動詞,見逃す,1
2. JET CO,動詞,並べる,1
2. JET CO,動詞,入れる,1
2. JET CO,動詞,捨てる,1
2. JET CO,動詞,取る,1
2. JET CO,動詞,恨む,1
2. JET CO,動詞,光らせる,1
2. JET CO,動詞,乗っかる,1
2. JET CO,動詞,眺める,1
2. JET CO,動詞,思いつく,1
2. JET CO,動詞,乗り遅れる,1
2. JET CO,動詞,ほざく,1
2. JET CO,動詞,歌う,1
2. JET CO,動詞,吐く,1
2. JET CO,動詞,突き止める,1
2. JET CO,動詞,見立てる,1
2. JET CO,動詞,越える,1
2. JET CO,動詞,背負う,1
2. JET CO,動詞,じゃう,1
2. JET CO,動詞,食べる,2
2. JET CO,動詞,馴染む,1
2. JET CO,動詞,休める,1
2. JET CO,動詞,変わる,1
2. JET CO,動詞,進む,1
2. JET CO,動詞,踊る,1
2. JET CO,動詞,戻る,1
2. JET CO,動詞,向ける,1
2. JET CO,動詞,めぐる,1
2. JET CO,動詞,覚める,1
2. JET CO,動詞,落ちる,1
2. JET CO,動詞,消える,1
2. JET CO,動詞,澄む,1
2. JET CO,動詞,昇れる,1
2. JET CO,動詞,預ける,1
2. JET CO,動詞,訪れる,1
2. JET CO,動詞,抱く,1
2. JET CO,動詞,足す,1
2. JET CO,動詞,割る,1
2. JET CO,動詞,返す,1
2. JET CO,動詞,揺れる,1
2. JET CO,動詞,憧れる,1
2. JET CO,動詞,ける,1
2. JET CO,動詞,行ける,1
2. JET CO,動詞,遊ぶ,1
2. JET CO,動詞,信じる,1
2. JET CO,動詞,こぼす,1
2. JET CO,動詞,歩ける,1
2. JET CO,副詞,何で,1
2. JET CO,副詞,そう,4
2. JET CO,副詞,決して,1
2. JET CO,副詞,本当は,1
2. JET CO,副詞,少し,4
2. JET CO,副詞,まだ,5
2. JET CO,副詞,ちょっと,3
2. JET CO,副詞,ずっと,1
2. JET CO,副詞,既に,2
2. JET CO,副詞,もう,5
2. JET CO,副詞,やっぱり,1
2. JET CO,副詞,段々,1
2. JET CO,副詞,時として,1
2. JET CO,副詞,キラキラ,1
2. JET CO,副詞,また,1
2. JET CO,副詞,未だ,1
2. JET CO,副詞,かつて,1
2. JET CO,副詞,きっと,2
2. JET CO,副詞,いっそ,1
2. JET CO,副詞,随分,1
2. JET CO,副詞,どの道,1
2. JET CO,副詞,ただただ,1
2. JET CO,副詞,いよいよ,1
2. JET CO,副詞,果たして,1
2. JET CO,副詞,ついに,1
2. JET CO,副詞,じっと,1
2. JET CO,副詞,そんなに,1
2. JET CO,副詞,もっと,1
2. JET CO,副詞,いっぱい,1
2. JET CO,副詞,こう,1
2. JET CO,副詞,どうにも,1
2. JET CO,副詞,ちっとも,2
2. JET CO,副詞,なかなか,1
2. JET CO,副詞,どうやら,1
2. JET CO,副詞,結構,1
2. JET CO,副詞,グダグダ,1
2. JET CO,副詞,必ず,1
2. JET CO,副詞,どう,3
2. JET CO,副詞,大分,1
2. JET CO,副詞,楽楽,1
2. JET CO,副詞,ぐるぐる,1
2. JET CO,副詞,延々と,1
2. JET CO,副詞,なんだかんだ,1
2. JET CO,副詞,当然,1
2. JET CO,副詞,微塵も,1
2. JET CO,副詞,もうすぐ,1
2. JET CO,副詞,そろそろ,1
2. JET CO,副詞,べたべた,1
2. JET CO,副詞,なんとか,1
2. JET CO,副詞,まっすぐ,1
2. JET CO,副詞,とかく,1
2. JET CO,副詞,なんとも,1
2. JET CO,連体詞,その,6
2. JET CO,連体詞,どういう,1
2. JET CO,連体詞,そんな,5
2. JET CO,連体詞,あの,1
2. JET CO,連体詞,ほんの,1
2. JET CO,連体詞,こんな,1
2. JET CO,連体詞,この,5
2. JET CO,連体詞,ちいさな,1
2. JET CO,連体詞,どんな,1
2. JET CO,連体詞,小さな,1
2. JET CO,接続詞,また,4
2. JET CO,接続詞,いや,1
2. JET CO,接続詞,それなら,1
2. JET CO,接続詞,ないし,1
2. JET CO,接続詞,まずは,1
2. JET CO,感動詞,ほら,4
2. JET CO,感動詞,ああ,1
2. JET CO,感動詞,さあ,1
2. JET CO,感動詞,おや,1
2. JET CO,感動詞,ありがとう,1
2. JET CO,感動詞,さよなら,1
2. JET CO,感動詞,あぁ,1
3. Populus Populus,副詞,どう,2
3. Populus Populus,副詞,一斉に,1
3. Populus Populus,副詞,最早,1
3. Populus Populus,副詞,あまりに,1
3. Populus Populus,副詞,まだ,2
3. Populus Populus,副詞,きっと,1
3. Populus Populus,副詞,共に,1
3. Populus Populus,副詞,本当に,1
3. Populus Populus,副詞,そっと,1
3. Populus Populus,副詞,決して,1
3. Populus Populus,副詞,もっと,3
3. Populus Populus,副詞,これから,1
3. Populus Populus,副詞,そろそろ,1
3. Populus Populus,副詞,もし,1
3. Populus Populus,副詞,どうか,1
3. Populus Populus,副詞,ちゃんと,1
3. Populus Populus,副詞,なるべく,1
3. Populus Populus,副詞,いい加減,1
3. Populus Populus,副詞,なんとも,1
3. Populus Populus,副詞,至って,1
3. Populus Populus,副詞,ふとして,1
3. Populus Populus,副詞,いつの間にか,1
3. Populus Populus,副詞,ああ,1
3. Populus Populus,副詞,いつも,2
3. Populus Populus,副詞,それだけ,1
3. Populus Populus,副詞,次々,1
3. Populus Populus,副詞,なんだか,2
3. Populus Populus,副詞,一旦,1
3. Populus Populus,副詞,どうも,1
3. Populus Populus,副詞,ちょっと,2
3. Populus Populus,副詞,そう,1
3. Populus Populus,副詞,とにかく,1
3. Populus Populus,副詞,まあ,1
3. Populus Populus,副詞,結構,1
3. Populus Populus,副詞,どうぞ,1
3. Populus Populus,副詞,相変わらず,1
3. Populus Populus,副詞,よろしく,1
3. Populus Populus,副詞,ずっと,2
3. Populus Populus,副詞,もう,3
3. Populus Populus,副詞,少し,4
3. Populus Populus,副詞,どうにも,2
3. Populus Populus,副詞,遥か,2
3. Populus Populus,副詞,わずか,1
3. Populus Populus,副詞,いっぱい,1
3. Populus Populus,副詞,初めて,1
3. Populus Populus,副詞,すぐ,1
3. Populus Populus,副詞,せっかく,1
3. Populus Populus,副詞,目の当たり,1
3. Populus Populus,副詞,全然,1
3. Populus Populus,副詞,やたら,1
3. Populus Populus,副詞,ちっとも,1
3. Populus Populus,副詞,さらに,1
3. Populus Populus,副詞,ハッと,1
3. Populus Populus,副詞,グッ,1
3. Populus Populus,副詞,いよいよ,1
3. Populus Populus,副詞,また,1
3. Populus Populus,副詞,何しろ,1
3. Populus Populus,副詞,思い通り,1
3. Populus Populus,副詞,そんなに,1
3. Populus Populus,副詞,なんて,1
3. Populus Populus,名詞,後悔,1
3. Populus Populus,名詞,興味,3
3. Populus Populus,名詞,気分,2
3. Populus Populus,名詞,存在,2
3. Populus Populus,名詞,強制,1
3. Populus Populus,名詞,正面,1
3. Populus Populus,名詞,明日,5
3. Populus Populus,名詞,ひとりぼっち,2
3. Populus Populus,名詞,無い,1
3. Populus Populus,名詞,粉砕,1
3. Populus Populus,名詞,僕,9
3. Populus Populus,名詞,君,7
3. Populus Populus,名詞,海王星,1
3. Populus Populus,名詞,関係,1
3. Populus Populus,名詞,リプレイ,1
3. Populus Populus,名詞,命令,1
3. Populus Populus,名詞,心,4
3. Populus Populus,名詞,世界,7
3. Populus Populus,名詞,us,1
3. Populus Populus,名詞,for,1
3. Populus Populus,名詞,地球,3
3. Populus Populus,名詞,後ろ,2
3. Populus Populus,名詞,全部,2
3. Populus Populus,名詞,救済,1
3. Populus Populus,名詞,ステージ,1
3. Populus Populus,名詞,奥,3
3. Populus Populus,名詞,太陽,3
3. Populus Populus,名詞,忘れ物,1
3. Populus Populus,名詞,朝,2
3. Populus Populus,名詞,大事,1
3. Populus Populus,名詞,アトラクション,1
3. Populus Populus,名詞,魔法使い,2
3. Populus Populus,名詞,何,7
3. Populus Populus,名詞,誰,3
3. Populus Populus,名詞,3分間,1
3. Populus Populus,名詞,どこ,2
3. Populus Populus,名詞,様,4
3. Populus Populus,名詞,中心,1
3. Populus Populus,名詞,絶妙,1
3. Populus Populus,名詞,今日,5
3. Populus Populus,名詞,存外,1
3. Populus Populus,名詞,イメージ,2
3. Populus Populus,名詞,夢,3
3. Populus Populus,名詞,確か,4
3. Populus Populus,名詞,崇拝,1
3. Populus Populus,名詞,ぞんざい,1
3. Populus Populus,名詞,お気に召すまま,1
3. Populus Populus,名詞,それなり,1
3. Populus Populus,名詞,大切,2
3. Populus Populus,名詞,夢語り,1
3. Populus Populus,名詞,ダイアリー,1
3. Populus Populus,名詞,痛み,1
3. Populus Populus,名詞,絶対,2
3. Populus Populus,名詞,平坦,1
3. Populus Populus,名詞,長い,1
3. Populus Populus,名詞,信頼,1
3. Populus Populus,名詞,幸せ,3
3. Populus Populus,名詞,気,1
3. Populus Populus,名詞,先,2
3. Populus Populus,名詞,頼り,1
3. Populus Populus,名詞,歯,1
3. Populus Populus,名詞,ブランコ,1
3. Populus Populus,名詞,毎日,1
3. Populus Populus,名詞,一瞬,3
3. Populus Populus,名詞,デイジー,1
3. Populus Populus,名詞,数,2
3. Populus Populus,名詞,未来へ,1
3. Populus Populus,名詞,道,1
3. Populus Populus,名詞,怪訝,1
3. Populus Populus,名詞,幸福,1
3. Populus Populus,名詞,子供,2
3. Populus Populus,名詞,いつか,2
3. Populus Populus,名詞,呼吸,1
3. Populus Populus,名詞,未完成,1
3. Populus Populus,名詞,シーソー,1
3. Populus Populus,名詞,続き,1
3. Populus Populus,名詞,失望,1
3. Populus Populus,名詞,好き,1
3. Populus Populus,名詞,わけ,2
3. Populus Populus,名詞,公園,1
3. Populus Populus,名詞,最後,4
3. Populus Populus,名詞,トンネル,1
3. Populus Populus,名詞,絶望,1
3. Populus Populus,名詞,二人,3
3. Populus Populus,名詞,一緒,1
3. Populus Populus,名詞,ココデオワルハズガナイノニ,1
3. Populus Populus,名詞,底,1
3. Populus Populus,名詞,ヴィーナスサステイン,1
3. Populus Populus,名詞,オーディエンス,1
3. Populus Populus,名詞,技術,1
3. Populus Populus,名詞,半信半疑,1
3. Populus Populus,名詞,紡,1
3. Populus Populus,名詞,千里眼,1
3. Populus Populus,名詞,あっちこっち,1
3. Populus Populus,名詞,意味,2
3. Populus Populus,名詞,日々,2
3. Populus Populus,名詞,未来,1
3. Populus Populus,名詞,Perfectly,1
3. Populus Populus,名詞,盛大,1
3. Populus Populus,名詞,達,1
3. Populus Populus,名詞,さっき,4
3. Populus Populus,名詞,闇,1
3. Populus Populus,名詞,げる,1
3. Populus Populus,名詞,歌,1
3. Populus Populus,名詞,Euphoria,1
3. Populus Populus,名詞,言葉,2
3. Populus Populus,名詞,夜,4
3. Populus Populus,名詞,景色,2
3. Populus Populus,名詞,青春,1
3. Populus Populus,名詞,顔,2
3. Populus Populus,名詞,判定,1
3. Populus Populus,名詞,ガール,1
3. Populus Populus,名詞,十分,1
3. Populus Populus,名詞,発表,1
3. Populus Populus,名詞,昨日,3
3. Populus Populus,名詞,スーパースター,1
3. Populus Populus,名詞,テンション,2
3. Populus Populus,名詞,遠くへ,1
3. Populus Populus,名詞,めっそう,1
3. Populus Populus,名詞,本当,2
3. Populus Populus,名詞,宙,1
3. Populus Populus,名詞,時間,4
3. Populus Populus,名詞,連続,1
3. Populus Populus,名詞,ドラマチック,1
3. Populus Populus,名詞,適度,1
3. Populus Populus,名詞,最新,1
3. Populus Populus,名詞,街並み,1
3. Populus Populus,名詞,MAX,1
3. Populus Populus,名詞,恋,1
3. Populus Populus,名詞,右手,1
3. Populus Populus,名詞,今,3
3. Populus Populus,名詞,ナイフ,1
3. Populus Populus,名詞,お宝,1
3. Populus Populus,名詞,審議,1
3. Populus Populus,名詞,度,2
3. Populus Populus,名詞,たん,1
3. Populus Populus,名詞,感動,1
3. Populus Populus,名詞,声,5
3. Populus Populus,名詞,乾杯,1
3. Populus Populus,名詞,あなたに,1
3. Populus Populus,名詞,オリオンをなぞる,1
3. Populus Populus,名詞,あなた,3
3. Populus Populus,名詞,空前絶後,1
3. Populus Populus,名詞,退屈,2
3. Populus Populus,名詞,面影,1
3. Populus Populus,名詞,いない,2
3. Populus Populus,名詞,言い訳,2
3. Populus Populus,名詞,やり方,1
3. Populus Populus,名詞,不器用,1
3. Populus Populus,名詞,必要,1
3. Populus Populus,名詞,パレット,1
3. Populus Populus,名詞,街,5
3. Populus Populus,名詞,ヒーロー,1
3. Populus Populus,名詞,前,3
3. Populus Populus,名詞,いつまでも,1
3. Populus Populus,名詞,フレーズ,1
3. Populus Populus,名詞,自分,2
3. Populus Populus,名詞,ゴミ箱,1
3. Populus Populus,名詞,夜が明ける前に,1
3. Populus Populus,名詞,無限,1
3. Populus Populus,名詞,今世紀,2
3. Populus Populus,名詞,エメラルド,1
3. Populus Populus,名詞,有象無象,1
3. Populus Populus,名詞,星,1
3. Populus Populus,名詞,頭,3
3. Populus Populus,名詞,無敵,1
3. Populus Populus,名詞,何度でも,1
3. Populus Populus,名詞,何度も,1
3. Populus Populus,名詞,レコード,1
3. Populus Populus,名詞,囁き,1
3. Populus Populus,名詞,風,1
3. Populus Populus,名詞,僕ら,4
3. Populus Populus,名詞,行く先,1
3. Populus Populus,名詞,小波,1
3. Populus Populus,名詞,シュプレヒコール,1
3. Populus Populus,名詞,闇夜,1
3. Populus Populus,名詞,ここ,1
3. Populus Populus,名詞,ロックンローラー,1
3. Populus Populus,名詞,絵の具,1
3. Populus Populus,名詞,空,2
3. Populus Populus,名詞,自由,1
3. Populus Populus,名詞,生活,2
3. Populus Populus,名詞,残像,1
3. Populus Populus,名詞,無意識,1
3. Populus Populus,名詞,名前,1
3. Populus Populus,名詞,ラブソング,1
3. Populus Populus,名詞,think,1
3. Populus Populus,名詞,情景,1
3. Populus Populus,名詞,答え,3
3. Populus Populus,名詞,sing,1
3. Populus Populus,名詞,that,1
3. Populus Populus,名詞,ふざけんなよ,1
3. Populus Populus,名詞,you,1
3. Populus Populus,名詞,like,1
3. Populus Populus,名詞,合図,1
3. Populus Populus,名詞,コントラスト,1
3. Populus Populus,名詞,feel,2
3. Populus Populus,名詞,頃,3
3. Populus Populus,名詞,一期一会,1
3. Populus Populus,名詞,誰か,3
3. Populus Populus,名詞,時,2
3. Populus Populus,名詞,開放弦,1
3. Populus Populus,名詞,桜,1
3. Populus Populus,名詞,彷彿,1
3. Populus Populus,名詞,鬼ごっこ,1
3. Populus Populus,名詞,as,1
3. Populus Populus,名詞,大音量,1
3. Populus Populus,名詞,何処,1
3. Populus Populus,名詞,思い出,1
3. Populus Populus,名詞,too shy,1
3. Populus Populus,名詞,ハリケーン,1
3. Populus Populus,名詞,調子,1
3. Populus Populus,名詞,頂戴,1
3. Populus Populus,名詞,そん,1
3. Populus Populus,名詞,kid,1
3. Populus Populus,名詞,alright,1
3. Populus Populus,名詞,ヘッドフォン,1
3. Populus Populus,名詞,I,1
3. Populus Populus,名詞,感情,1
3. Populus Populus,名詞,かくれんぼ,1
3. Populus Populus,名詞,この街,2
3. Populus Populus,名詞,オリジナル,1
3. Populus Populus,名詞,it,1
3. Populus Populus,名詞,メッキ,1
3. Populus Populus,名詞,s,2
3. Populus Populus,名詞,光と影,1
3. Populus Populus,名詞,都合,1
3. Populus Populus,名詞,quartet,1
3. Populus Populus,名詞,喜怒哀楽,1
3. Populus Populus,名詞,静か,2
3. Populus Populus,名詞,ところ,2
3. Populus Populus,名詞,都会,1
3. Populus Populus,名詞,Beat,1
3. Populus Populus,名詞,just,1
3. Populus Populus,名詞,造形,1
3. Populus Populus,名詞,当たり前,1
3. Populus Populus,名詞,おしまい,1
3. Populus Populus,名詞,涙,2
3. Populus Populus,名詞,四つ,1
3. Populus Populus,名詞,listen,1
3. Populus Populus,名詞,バカ,1
3. Populus Populus,名詞,陽,1
3. Populus Populus,名詞,What,1
3. Populus Populus,名詞,オブラート,1
3. Populus Populus,名詞,夜桜,1
3. Populus Populus,名詞,Catch,1
3. Populus Populus,名詞,うやむや,1
3. Populus Populus,名詞,is,1
3. Populus Populus,名詞,チューニング,1
3. Populus Populus,名詞,キレイ,1
3. Populus Populus,名詞,tell,1
3. Populus Populus,名詞,色,1
3. Populus Populus,名詞,or,1
3. Populus Populus,名詞,君の声,1
3. Populus Populus,名詞,限界,1
3. Populus Populus,名詞,一方的,1
3. Populus Populus,名詞,彼ら,1
3. Populus Populus,名詞,きっと,2
3. Populus Populus,名詞,雨,2
3. Populus Populus,名詞,方,1
3. Populus Populus,名詞,カウントダウン,1
3. Populus Populus,名詞,こだま,1
3. Populus Populus,名詞,ビスケット,1
3. Populus Populus,名詞,お返し,1
3. Populus Populus,名詞,雲の上,1
3. Populus Populus,名詞,疑問,1
3. Populus Populus,名詞,胸,1
3. Populus Populus,名詞,今年,1
3. Populus Populus,名詞,みんな,1
3. Populus Populus,名詞,四苦八苦,1
3. Populus Populus,名詞,天の川,1
3. Populus Populus,名詞,時計,1
3. Populus Populus,名詞,準備,1
3. Populus Populus,名詞,大冒険,1
3. Populus Populus,名詞,状況,1
3. Populus Populus,名詞,ポッケ,1
3. Populus Populus,名詞,宇宙,3
3. Populus Populus,名詞,待ちぼうけ,1
3. Populus Populus,名詞,子,2
3. Populus Populus,名詞,今週末,1
3. Populus Populus,名詞,正直,1
3. Populus Populus,名詞,あと,2
3. Populus Populus,名詞,辞書,1
3. Populus Populus,名詞,チクタクチクタクチクタクチク,1
3. Populus Populus,名詞,どっか,1
3. Populus Populus,名詞,時代,1
3. Populus Populus,名詞,行こう,1
3. Populus Populus,名詞,愛,1
3. Populus Populus,名詞,膠着,1
3. Populus Populus,名詞,スタジオ,1
3. Populus Populus,名詞,チクタクチクタクチク,1
3. Populus Populus,名詞,線,1
3. Populus Populus,名詞,ナイショ,1
3. Populus Populus,名詞,どれ,1
3. Populus Populus,名詞,天気,1
3. Populus Populus,名詞,とこ,1
3. Populus Populus,名詞,リハーサル,1
3. Populus Populus,名詞,現実,2
3. Populus Populus,名詞,気持ち,2
3. Populus Populus,名詞,ステップ,1
3. Populus Populus,名詞,年,1
3. Populus Populus,名詞,仮想,1
3. Populus Populus,名詞,中,2
3. Populus Populus,名詞,どこか,2
3. Populus Populus,名詞,熱中,1
3. Populus Populus,名詞,want,1
3. Populus Populus,名詞,しびれ,1
3. Populus Populus,名詞,脳内,1
3. Populus Populus,名詞,元,1
3. Populus Populus,名詞,温もり,1
3. Populus Populus,名詞,インスタント,1
3. Populus Populus,名詞,ブレイク,1
3. Populus Populus,名詞,コンスタント,1
3. Populus Populus,名詞,献立,1
3. Populus Populus,名詞,体,1
3. Populus Populus,名詞,メッセージ,1
3. Populus Populus,名詞,嘘,2
3. Populus Populus,名詞,弾丸,1
3. Populus Populus,名詞,笑み,1
3. Populus Populus,名詞,来年,1
3. Populus Populus,名詞,to,1
3. Populus Populus,名詞,be,1
3. Populus Populus,名詞,勇気,1
3. Populus Populus,名詞,息,1
3. Populus Populus,名詞,心臓,1
3. Populus Populus,名詞,2つ,1
3. Populus Populus,名詞,離れ離れ,1
3. Populus Populus,名詞,枕,1
3. Populus Populus,名詞,コンビニ,1
3. Populus Populus,名詞,晩,1
3. Populus Populus,名詞,明後日,1
3. Populus Populus,名詞,くるりくるり,1
3. Populus Populus,名詞,フォーミング,1
3. Populus Populus,名詞,5時,1
3. Populus Populus,名詞,精算,1
3. Populus Populus,名詞,ため息,2
3. Populus Populus,名詞,夕方,1
3. Populus Populus,名詞,瞬間,1
3. Populus Populus,名詞,small,1
3. Populus Populus,名詞,指,1
3. Populus Populus,名詞,too,1
3. Populus Populus,名詞,箇条書き,1
3. Populus Populus,名詞,神様,1
3. Populus Populus,名詞,ピース,1
3. Populus Populus,名詞,空模様,1
3. Populus Populus,名詞,OK,1
3. Populus Populus,名詞,倍,1
3. Populus Populus,名詞,別れ,1
3. Populus Populus,名詞,ほう,1
3. Populus Populus,名詞,たくさん,2
3. Populus Populus,名詞,一人,1
3. Populus Populus,名詞,フラッシュバック,1
3. Populus Populus,名詞,昔話,1
3. Populus Populus,名詞,200,1
3. Populus Populus,名詞,手,3
3. Populus Populus,名詞,通過,1
3. Populus Populus,名詞,はず,1
3. Populus Populus,名詞,ベル,1
3. Populus Populus,名詞,背,2
3. Populus Populus,名詞,改札,1
3. Populus Populus,名詞,事,1
3. Populus Populus,名詞,余裕,1
3. Populus Populus,名詞,内緒,1
3. Populus Populus,名詞,影,1
3. Populus Populus,名詞,西日,1
3. Populus Populus,名詞,一,3
3. Populus Populus,名詞,気球に乗って,1
3. Populus Populus,名詞,このまま,1
3. Populus Populus,名詞,1,1
3. Populus Populus,名詞,夜空,1
3. Populus Populus,名詞,傷,1
3. Populus Populus,名詞,隠し事,1
3. Populus Populus,名詞,始まり,1
3. Populus Populus,名詞,魔法,1
3. Populus Populus,名詞,目,2
3. Populus Populus,名詞,大切さ,1
3. Populus Populus,名詞,不安,2
3. Populus Populus,名詞,2,2
3. Populus Populus,名詞,夢の中,1
3. Populus Populus,名詞,何度,1
3. Populus Populus,名詞,そこ,2
3. Populus Populus,名詞,音,1
3. Populus Populus,名詞,歩いて行こう,1
3. Populus Populus,名詞,かな,1
3. Populus Populus,名詞,3,1
3. Populus Populus,名詞,過去,1
3. Populus Populus,名詞,物,1
3. Populus Populus,名詞,地図,1
3. Populus Populus,名詞,宝物,1
3. Populus Populus,名詞,場所,1
3. Populus Populus,名詞,キャッチ,1
3. Populus Populus,名詞,日,1
3. Populus Populus,名詞,最大,1
3. Populus Populus,名詞,ナヨナヨパンチ,1
3. Populus Populus,名詞,ガタガタ,1
3. Populus Populus,名詞,散々,1
3. Populus Populus,名詞,ファイティングポーズ,2
3. Populus Populus,名詞,期待はずれ,1
3. Populus Populus,名詞,上等,1
3. Populus Populus,名詞,的,1
3. Populus Populus,名詞,いかが,1
3. Populus Populus,名詞,ピアス,1
3. Populus Populus,名詞,一つ,1
3. Populus Populus,名詞,コーズ,1
3. Populus Populus,名詞,蚊,1
3. Populus Populus,名詞,明日の天気,1
3. Populus Populus,名詞,満点,1
3. Populus Populus,名詞,サイクル,1
3. Populus Populus,名詞,回,2
3. Populus Populus,名詞,了解,1
3. Populus Populus,名詞,水浸し,1
3. Populus Populus,名詞,予報,1
3. Populus Populus,名詞,自信,1
3. Populus Populus,名詞,彼女,1
3. Populus Populus,名詞,科学,1
3. Populus Populus,名詞,居眠り,1
3. Populus Populus,名詞,間,1
3. Populus Populus,名詞,ご都合主義,1
3. Populus Populus,名詞,最高潮,1
3. Populus Populus,名詞,かなり,1
3. Populus Populus,名詞,ワールドワイド,1
3. Populus Populus,名詞,勝ち,2
3. Populus Populus,名詞,割,1
3. Populus Populus,名詞,俺,1
3. Populus Populus,名詞,もん,1
3. Populus Populus,名詞,Yeah,1
3. Populus Populus,名詞,秘策,1
3. Populus Populus,名詞,麦わら帽子,1
3. Populus Populus,名詞,感じ,1
3. Populus Populus,名詞,この方,1
3. Populus Populus,名詞,しゃれ,1
3. Populus Populus,名詞,寝ても覚めても,1
3. Populus Populus,名詞,そうだ,1
3. Populus Populus,名詞,我慢,1
3. Populus Populus,名詞,ドラマ,1
3. Populus Populus,名詞,ちょうだい,1
3. Populus Populus,名詞,限り,2
3. Populus Populus,名詞,キャパシティ,1
3. Populus Populus,名詞,かわり,1
3. Populus Populus,名詞,お手上げ,1
3. Populus Populus,名詞,泣いても笑っても,1
3. Populus Populus,名詞,楽しみ,1
3. Populus Populus,名詞,冷蔵庫,1
3. Populus Populus,名詞,野原,1
3. Populus Populus,名詞,なっちゃった,1
3. Populus Populus,名詞,大嫌い,1
3. Populus Populus,名詞,金縛り,1
3. Populus Populus,名詞,プティング,1
3. Populus Populus,名詞,先週末,1
3. Populus Populus,名詞,マスター,1
3. Populus Populus,名詞,理由,1
3. Populus Populus,名詞,高飛び,1
3. Populus Populus,名詞,サンデイ,1
3. Populus Populus,名詞,事例,1
3. Populus Populus,名詞,ミュージシャン,1
3. Populus Populus,名詞,この国,1
3. Populus Populus,名詞,上,1
3. Populus Populus,名詞,会い,1
3. Populus Populus,名詞,一緒に,1
3. Populus Populus,名詞,キャラ,1
3. Populus Populus,名詞,立て,1
3. Populus Populus,名詞,扉,1
3. Populus Populus,名詞,ご飯,1
3. Populus Populus,名詞,大好き,1
3. Populus Populus,名詞,マンデイ,1
3. Populus Populus,名詞,とって置き,1
3. Populus Populus,名詞,トシッチャ,1
3. Populus Populus,名詞,テレビ,1
3. Populus Populus,名詞,お願い,1
3. Populus Populus,名詞,バカンス,1
3. Populus Populus,名詞,悪役,1
3. Populus Populus,名詞,オーライ,1
3. Populus Populus,名詞,night,1
3. Populus Populus,名詞,アドレス,1
3. Populus Populus,名詞,こちら,1
3. Populus Populus,名詞,全快,1
3. Populus Populus,名詞,お知らせ,1
3. Populus Populus,名詞,手ごろ,1
3. Populus Populus,名詞,反動,1
3. Populus Populus,名詞,fu,1
3. Populus Populus,名詞,恒例,1
3. Populus Populus,名詞,第六感,1
3. Populus Populus,名詞,切符,1
3. Populus Populus,名詞,迷子,1
3. Populus Populus,名詞,fu-fu,1
3. Populus Populus,名詞,手術中,1
3. Populus Populus,名詞,スタンディングダウン,1
3. Populus Populus,名詞,ヴィーナス,1
3. Populus Populus,名詞,わたくし,1
3. Populus Populus,名詞,め,1
3. Populus Populus,名詞,サバイバー,1
3. Populus Populus,名詞,当たり,1
3. Populus Populus,名詞,Hard,1
3. Populus Populus,名詞,場違い,1
3. Populus Populus,名詞,口笛,1
3. Populus Populus,名詞,ご法度,1
3. Populus Populus,名詞,命日,1
3. Populus Populus,名詞,負け惜しみ,1
3. Populus Populus,名詞,所,1
3. Populus Populus,名詞,バランス,1
3. Populus Populus,名詞,るつぼ,1
3. Populus Populus,名詞,Bang,1
3. Populus Populus,名詞,歳,1
3. Populus Populus,名詞,体制,1
3. Populus Populus,名詞,今夜,1
3. Populus Populus,名詞,首,1
3. Populus Populus,名詞,値段,1
3. Populus Populus,名詞,ラララララ,1
3. Populus Populus,名詞,ジョーク,1
3. Populus Populus,名詞,新た,1
3. Populus Populus,名詞,さん,1
3. Populus Populus,名詞,残念,1
3. Populus Populus,名詞,ネット,1
3. Populus Populus,名詞,ハミングバード,1
3. Populus Populus,名詞,不愉快,1
3. Populus Populus,名詞,トゥー・トゥー・トゥー,1
3. Populus Populus,名詞,day,1
3. Populus Populus,名詞,せい,1
3. Populus Populus,名詞,エイプリルフール,1
3. Populus Populus,名詞,皮肉,1
3. Populus Populus,名詞,タフ,1
3. Populus Populus,名詞,うち,1
3. Populus Populus,名詞,.com,1
3. Populus Populus,名詞,5センチ,1
3. Populus Populus,名詞,キス,1
3. Populus Populus,名詞,誇らしげ,1
3. Populus Populus,名詞,ライドオンタイム,1
3. Populus Populus,名詞,半端,1
3. Populus Populus,名詞,様々,1
3. Populus Populus,名詞,光,1
3. Populus Populus,名詞,もんじゃ,1
3. Populus Populus,名詞,百,1
3. Populus Populus,名詞,尋常,1
3. Populus Populus,名詞,問題,1
3. Populus Populus,名詞,モウマンタイ,1
3. Populus Populus,名詞,芽,1
3. Populus Populus,名詞,不特定,1
3. Populus Populus,名詞,御用,1
3. Populus Populus,名詞,三十本,1
3. Populus Populus,名詞,一切,1
3. Populus Populus,名詞,束,1
3. Populus Populus,名詞,大勢,1
3. Populus Populus,名詞,解決,1
3. Populus Populus,名詞,たち,1
3. Populus Populus,名詞,シアワセ,1
3. Populus Populus,名詞,全て,1
3. Populus Populus,名詞,後,1
3. Populus Populus,名詞,要素,1
3. Populus Populus,名詞,普通,1
3. Populus Populus,名詞,自由自在,1
3. Populus Populus,名詞,サンプリング,1
3. Populus Populus,名詞,真似,1
3. Populus Populus,名詞,つもり,1
3. Populus Populus,名詞,モノ,1
3. Populus Populus,接続詞,そして,5
3. Populus Populus,接続詞,だけど,1
3. Populus Populus,接続詞,それでも,2
3. Populus Populus,接続詞,つまり,1
3. Populus Populus,接続詞,でも,1
3. Populus Populus,接続詞,また,1
3. Populus Populus,接続詞,まずは,1
3. Populus Populus,接続詞,ただ,1
3. Populus Populus,動詞,持つ,3
3. Populus Populus,動詞,知る,5
3. Populus Populus,動詞,思う,3
3. Populus Populus,動詞,飽きる,1
3. Populus Populus,動詞,歩く,2
3. Populus Populus,動詞,こる,1
3. Populus Populus,動詞,こぼれおちる,1
3. Populus Populus,動詞,見る,3
3. Populus Populus,動詞,変わる,1
3. Populus Populus,動詞,寝ぼける,1
3. Populus Populus,動詞,回る,3
3. Populus Populus,動詞,足る,1
3. Populus Populus,動詞,行く,7
3. Populus Populus,動詞,抜ける,1
3. Populus Populus,動詞,刻む,2
3. Populus Populus,動詞,はしゃぐ,1
3. Populus Populus,動詞,誓う,2
3. Populus Populus,動詞,挟む,1
3. Populus Populus,動詞,愛せる,1
3. Populus Populus,動詞,笑わせる,2
3. Populus Populus,動詞,浮く,2
3. Populus Populus,動詞,じゃう,1
3. Populus Populus,動詞,守る,1
3. Populus Populus,動詞,続く,3
3. Populus Populus,動詞,降りる,1
3. Populus Populus,動詞,続ける,3
3. Populus Populus,動詞,過ぎる,1
3. Populus Populus,動詞,綴る,1
3. Populus Populus,動詞,果てる,1
3. Populus Populus,動詞,彩る,2
3. Populus Populus,動詞,死ぬ,1
3. Populus Populus,動詞,あげる,1
3. Populus Populus,動詞,飛び乗る,1
3. Populus Populus,動詞,楽しむ,1
3. Populus Populus,動詞,紡ぐ,1
3. Populus Populus,動詞,立つ,2
3. Populus Populus,動詞,切れる,1
3. Populus Populus,動詞,光る,1
3. Populus Populus,動詞,伸ばす,1
3. Populus Populus,動詞,探す,1
3. Populus Populus,動詞,止まる,3
3. Populus Populus,動詞,つながる,1
3. Populus Populus,動詞,泣く,3
3. Populus Populus,動詞,関す,1
3. Populus Populus,動詞,よろける,1
3. Populus Populus,動詞,飛ばす,1
3. Populus Populus,動詞,恵まれる,1
3. Populus Populus,動詞,わかる,2
3. Populus Populus,動詞,倒れる,1
3. Populus Populus,動詞,居る,2
3. Populus Populus,動詞,謳う,2
3. Populus Populus,動詞,切る,1
3. Populus Populus,動詞,笑える,2
3. Populus Populus,動詞,踊る,1
3. Populus Populus,動詞,あきれ返る,1
3. Populus Populus,動詞,愛す,1
3. Populus Populus,動詞,離す,2
3. Populus Populus,動詞,歌う,1
3. Populus Populus,動詞,願う,1
3. Populus Populus,動詞,立てる,2
3. Populus Populus,動詞,呼ぶ,1
3. Populus Populus,動詞,囁く,1
3. Populus Populus,動詞,混ぜる,1
3. Populus Populus,動詞,飛ぶ,1
3. Populus Populus,動詞,消える,2
3. Populus Populus,動詞,繰り返す,4
3. Populus Populus,動詞,始める,1
3. Populus Populus,動詞,聴く,1
3. Populus Populus,動詞,数える,1
3. Populus Populus,動詞,終わる,4
3. Populus Populus,動詞,溢れる,2
3. Populus Populus,動詞,急かす,2
3. Populus Populus,動詞,届ける,1
3. Populus Populus,動詞,気に入る,1
3. Populus Populus,動詞,責め立てる,1
3. Populus Populus,動詞,捨てる,2
3. Populus Populus,動詞,聞こえる,1
3. Populus Populus,動詞,掃く,1
3. Populus Populus,動詞,占う,1
3. Populus Populus,動詞,枯れる,2
3. Populus Populus,動詞,ありふれる,1
3. Populus Populus,動詞,浮かぶ,1
3. Populus Populus,動詞,言う,4
3. Populus Populus,動詞,憧れる,1
3. Populus Populus,動詞,乱れる,1
3. Populus Populus,動詞,解き放つ,1
3. Populus Populus,動詞,言える,1
3. Populus Populus,動詞,重ねる,2
3. Populus Populus,動詞,見せる,1
3. Populus Populus,動詞,暮らす,1
3. Populus Populus,動詞,蹴飛ばす,1
3. Populus Populus,動詞,渦巻く,1
3. Populus Populus,動詞,飛び出す,1
3. Populus Populus,動詞,食べる,1
3. Populus Populus,動詞,止める,3
3. Populus Populus,動詞,狂う,1
3. Populus Populus,動詞,あずける,1
3. Populus Populus,動詞,出す,2
3. Populus Populus,動詞,昇る,1
3. Populus Populus,動詞,とりとめる,1
3. Populus Populus,動詞,輝く,2
3. Populus Populus,動詞,塗りたくる,1
3. Populus Populus,動詞,むかつく,1
3. Populus Populus,動詞,笑う,4
3. Populus Populus,動詞,恨む,1
3. Populus Populus,動詞,奏でる,1
3. Populus Populus,動詞,打つ,2
3. Populus Populus,動詞,行き交う,1
3. Populus Populus,動詞,連なる,1
3. Populus Populus,動詞,包む,1
3. Populus Populus,動詞,成す,1
3. Populus Populus,動詞,合う,1
3. Populus Populus,動詞,散りばめる,1
3. Populus Populus,動詞,咲く,1
3. Populus Populus,動詞,違う,1
3. Populus Populus,動詞,降る,1
3. Populus Populus,動詞,諦める,2
3. Populus Populus,動詞,泣かせる,2
3. Populus Populus,動詞,気づく,3
3. Populus Populus,動詞,すぎる,2
3. Populus Populus,動詞,走る,1
3. Populus Populus,動詞,なれる,2
3. Populus Populus,動詞,書く,1
3. Populus Populus,動詞,張る,1
3. Populus Populus,動詞,会える,1
3. Populus Populus,動詞,しまう,2
3. Populus Populus,動詞,ぐずつく,1
3. Populus Populus,動詞,走り出す,1
3. Populus Populus,動詞,だす,1
3. Populus Populus,動詞,生れ落ちる,1
3. Populus Populus,動詞,引く,1
3. Populus Populus,動詞,愛し合う,1
3. Populus Populus,動詞,なぞる,1
3. Populus Populus,動詞,こめる,1
3. Populus Populus,動詞,重なる,1
3. Populus Populus,動詞,暮れる,1
3. Populus Populus,動詞,会う,1
3. Populus Populus,動詞,使う,1
3. Populus Populus,動詞,追いつく,1
3. Populus Populus,動詞,つく,2
3. Populus Populus,動詞,染める,1
3. Populus Populus,動詞,目立つ,1
3. Populus Populus,動詞,くれる,2
3. Populus Populus,動詞,届く,2
3. Populus Populus,動詞,切らす,1
3. Populus Populus,動詞,濡らす,1
3. Populus Populus,動詞,踏む,1
3. Populus Populus,動詞,噛み締める,1
3. Populus Populus,動詞,祈る,1
3. Populus Populus,動詞,わける,1
3. Populus Populus,動詞,突き刺さる,2
3. Populus Populus,動詞,叶う,1
3. Populus Populus,動詞,駆け抜ける,1
3. Populus Populus,動詞,纏める,1
3. Populus Populus,動詞,つかえる,1
3. Populus Populus,動詞,振る,1
3. Populus Populus,動詞,落ちる,1
3. Populus Populus,動詞,通り過ぎる,1
3. Populus Populus,動詞,くださる,1
3. Populus Populus,動詞,話す,1
3. Populus Populus,動詞,閉まる,1
3. Populus Populus,動詞,乗り越す,1
3. Populus Populus,動詞,踏み出す,1
3. Populus Populus,動詞,震える,1
3. Populus Populus,動詞,吸う,1
3. Populus Populus,動詞,強がる,1
3. Populus Populus,動詞,吐く,1
3. Populus Populus,動詞,思い切る,1
3. Populus Populus,動詞,思い出せる,1
3. Populus Populus,動詞,かける,1
3. Populus Populus,動詞,触れる,1
3. Populus Populus,動詞,うつむく,1
3. Populus Populus,動詞,迷う,2
3. Populus Populus,動詞,うなずく,1
3. Populus Populus,動詞,きらめく,1
3. Populus Populus,動詞,伝える,1
3. Populus Populus,動詞,薄れる,1
3. Populus Populus,動詞,見える,2
3. Populus Populus,動詞,描ける,1
3. Populus Populus,動詞,隠す,1
3. Populus Populus,動詞,作る,1
3. Populus Populus,動詞,浮かべる,1
3. Populus Populus,動詞,掴む,1
3. Populus Populus,動詞,入れる,1
3. Populus Populus,動詞,つける,1
3. Populus Populus,動詞,抱える,2
3. Populus Populus,動詞,見つかる,1
3. Populus Populus,動詞,握り締める,1
3. Populus Populus,動詞,見つける,1
3. Populus Populus,動詞,似合う,1
3. Populus Populus,動詞,かむ,1
3. Populus Populus,動詞,騒ぐ,1
3. Populus Populus,動詞,あおる,1
3. Populus Populus,動詞,稼ぐ,1
3. Populus Populus,動詞,負ける,1
3. Populus Populus,動詞,生まれる,2
3. Populus Populus,動詞,束ねる,1
3. Populus Populus,動詞,がんばれる,1
3. Populus Populus,動詞,信じる,2
3. Populus Populus,動詞,がる,2
3. Populus Populus,動詞,問い詰める,1
3. Populus Populus,動詞,腐る,1
3. Populus Populus,動詞,困る,1
3. Populus Populus,動詞,走り回れる,1
3. Populus Populus,動詞,開く,1
3. Populus Populus,動詞,置く,1
3. Populus Populus,動詞,超える,1
3. Populus Populus,動詞,とる,2
3. Populus Populus,動詞,忘れる,1
3. Populus Populus,動詞,行ける,1
3. Populus Populus,動詞,動ける,1
3. Populus Populus,動詞,望む,2
3. Populus Populus,動詞,させる,1
3. Populus Populus,動詞,許す,2
3. Populus Populus,動詞,堪える,1
3. Populus Populus,動詞,炊く,1
3. Populus Populus,動詞,進む,2
3. Populus Populus,動詞,込む,1
3. Populus Populus,動詞,勝つ,1
3. Populus Populus,動詞,参る,1
3. Populus Populus,動詞,買える,1
3. Populus Populus,動詞,帰れる,1
3. Populus Populus,動詞,かしげる,1
3. Populus Populus,動詞,鳴く,1
3. Populus Populus,動詞,外す,1
3. Populus Populus,動詞,とぼける,1
3. Populus Populus,動詞,いう,1
3. Populus Populus,動詞,埋まる,1
3. Populus Populus,動詞,なさる,1
3. Populus Populus,動詞,生える,1
3. Populus Populus,動詞,でる,1
3. Populus Populus,動詞,叶える,1
3. Populus Populus,動詞,紛れ込む,1
3. Populus Populus,動詞,うろつく,1
3. Populus Populus,動詞,向かう,1
3. Populus Populus,動詞,ほっとく,1
3. Populus Populus,動詞,始まる,1
3. Populus Populus,動詞,黙る,1
3. Populus Populus,動詞,向ける,1
3. Populus Populus,動詞,嘲笑う,1
3. Populus Populus,動詞,覚ます,1
3. Populus Populus,動詞,弄ぶ,1
3. Populus Populus,動詞,まかなえる,1
3. Populus Populus,形容詞,冷たい,1
3. Populus Populus,形容詞,よい,3
3. Populus Populus,形容詞,安っぽい,1
3. Populus Populus,形容詞,無い,1
3. Populus Populus,形容詞,長い,1
3. Populus Populus,形容詞,怖い,1
3. Populus Populus,形容詞,楽しい,2
3. Populus Populus,形容詞,すごい,1
3. Populus Populus,形容詞,嬉しい,2
3. Populus Populus,形容詞,暗い,2
3. Populus Populus,形容詞,軽い,1
3. Populus Populus,形容詞,深い,1
3. Populus Populus,形容詞,甘い,1
3. Populus Populus,形容詞,古い,1
3. Populus Populus,形容詞,うるさい,2
3. Populus Populus,形容詞,もどかしい,1
3. Populus Populus,形容詞,さびしい,1
3. Populus Populus,形容詞,汚い,1
3. Populus Populus,形容詞,悔しい,3
3. Populus Populus,形容詞,幼い,1
3. Populus Populus,形容詞,むず痒い,1
3. Populus Populus,形容詞,おかしい,1
3. Populus Populus,形容詞,近い,1
3. Populus Populus,形容詞,虚しい,1
3. Populus Populus,形容詞,儚い,1
3. Populus Populus,形容詞,悲しい,1
3. Populus Populus,形容詞,歯がゆい,1
3. Populus Populus,形容詞,眩しい,1
3. Populus Populus,形容詞,こい,1
3. Populus Populus,形容詞,広い,1
3. Populus Populus,形容詞,欲しい,1
3. Populus Populus,形容詞,わざとらしい,1
3. Populus Populus,形容詞,つまらない,1
3. Populus Populus,形容詞,偉い,1
3. Populus Populus,形容詞,悪い,1
3. Populus Populus,形容詞,お安い,1
3. Populus Populus,形容詞,痛い,1
3. Populus Populus,連体詞,この,3
3. Populus Populus,連体詞,同じ,1
3. Populus Populus,連体詞,その,6
3. Populus Populus,連体詞,こんな,2
3. Populus Populus,連体詞,そんな,3
3. Populus Populus,連体詞,あらゆる,1
3. Populus Populus,連体詞,あの,1
3. Populus Populus,連体詞,ほんの,2
3. Populus Populus,連体詞,ある,1
3. Populus Populus,連体詞,大した,2
3. Populus Populus,連体詞,おんなじ,1
3. Populus Populus,感動詞,ほら,2
3. Populus Populus,感動詞,ごきげんよう,1
3. Populus Populus,感動詞,さあ,3
3. Populus Populus,感動詞,ああ,3
3. Populus Populus,感動詞,ごめんなさい,1
4. CIDER ROAD,動詞,決める,3
4. CIDER ROAD,動詞,考える,2
4. CIDER ROAD,動詞,光る,3
4. CIDER ROAD,動詞,頑張る,1
4. CIDER ROAD,動詞,追いつく,1
4. CIDER ROAD,動詞,飽きる,1
4. CIDER ROAD,動詞,招く,1
4. CIDER ROAD,動詞,惑う,1
4. CIDER ROAD,動詞,付ける,3
4. CIDER ROAD,動詞,謳う,1
4. CIDER ROAD,動詞,出かける,1
4. CIDER ROAD,動詞,届く,6
4. CIDER ROAD,動詞,切る,2
4. CIDER ROAD,動詞,しまう,5
4. CIDER ROAD,動詞,信じる,5
4. CIDER ROAD,動詞,離す,4
4. CIDER ROAD,動詞,行く,3
4. CIDER ROAD,動詞,馴染める,2
4. CIDER ROAD,動詞,語る,2
4. CIDER ROAD,動詞,振る,1
4. CIDER ROAD,動詞,思う,4
4. CIDER ROAD,動詞,まかり通る,1
4. CIDER ROAD,動詞,落ち着く,2
4. CIDER ROAD,動詞,引っ張る,1
4. CIDER ROAD,動詞,叱る,2
4. CIDER ROAD,動詞,終わる,2
4. CIDER ROAD,動詞,わかる,7
4. CIDER ROAD,動詞,驕る,1
4. CIDER ROAD,動詞,書く,2
4. CIDER ROAD,動詞,向かう,1
4. CIDER ROAD,動詞,見る,3
4. CIDER ROAD,動詞,笑える,2
4. CIDER ROAD,動詞,だす,3
4. CIDER ROAD,動詞,叫ぶ,2
4. CIDER ROAD,動詞,来る,3
4. CIDER ROAD,動詞,思い出す,2
4. CIDER ROAD,動詞,閉ざす,1
4. CIDER ROAD,動詞,傷付ける,1
4. CIDER ROAD,動詞,呼ぶ,3
4. CIDER ROAD,動詞,持つ,1
4. CIDER ROAD,動詞,受け止める,1
4. CIDER ROAD,動詞,知る,7
4. CIDER ROAD,動詞,見せる,3
4. CIDER ROAD,動詞,気づく,5
4. CIDER ROAD,動詞,始める,1
4. CIDER ROAD,動詞,繋がる,3
4. CIDER ROAD,動詞,たまる,1
4. CIDER ROAD,動詞,堪る,1
4. CIDER ROAD,動詞,憎む,1
4. CIDER ROAD,動詞,見える,2
4. CIDER ROAD,動詞,なれる,1
4. CIDER ROAD,動詞,刻み込む,1
4. CIDER ROAD,動詞,続ける,3
4. CIDER ROAD,動詞,向く,1
4. CIDER ROAD,動詞,積もる,1
4. CIDER ROAD,動詞,譲れる,2
4. CIDER ROAD,動詞,つける,1
4. CIDER ROAD,動詞,聞こえる,4
4. CIDER ROAD,動詞,抱える,2
4. CIDER ROAD,動詞,笑う,4
4. CIDER ROAD,動詞,生きる,2
4. CIDER ROAD,動詞,話しかける,1
4. CIDER ROAD,動詞,がる,2
4. CIDER ROAD,動詞,もらう,1
4. CIDER ROAD,動詞,愛する,1
4. CIDER ROAD,動詞,漂う,2
4. CIDER ROAD,動詞,重なる,1
4. CIDER ROAD,動詞,上げる,1
4. CIDER ROAD,動詞,動く,2
4. CIDER ROAD,動詞,繰り返す,2
4. CIDER ROAD,動詞,刺す,1
4. CIDER ROAD,動詞,行き着く,1
4. CIDER ROAD,動詞,感じる,2
4. CIDER ROAD,動詞,じゃう,1
4. CIDER ROAD,動詞,走る,1
4. CIDER ROAD,動詞,遊ぶ,1
4. CIDER ROAD,動詞,踊れる,1
4. CIDER ROAD,動詞,握る,1
4. CIDER ROAD,動詞,放つ,1
4. CIDER ROAD,動詞,通じる,1
4. CIDER ROAD,動詞,輝く,1
4. CIDER ROAD,動詞,進む,1
4. CIDER ROAD,動詞,構う,3
4. CIDER ROAD,動詞,こぼれる,1
4. CIDER ROAD,動詞,とれる,1
4. CIDER ROAD,動詞,奏でる,2
4. CIDER ROAD,動詞,死ぬ,1
4. CIDER ROAD,動詞,流す,1
4. CIDER ROAD,動詞,始まる,2
4. CIDER ROAD,動詞,待つ,4
4. CIDER ROAD,動詞,合う,3
4. CIDER ROAD,動詞,かける,3
4. CIDER ROAD,動詞,見つける,4
4. CIDER ROAD,動詞,呼び出せる,1
4. CIDER ROAD,動詞,暮れる,1
4. CIDER ROAD,動詞,伸ばす,2
4. CIDER ROAD,動詞,疑う,1
4. CIDER ROAD,動詞,選ぶ,1
4. CIDER ROAD,動詞,はじける,1
4. CIDER ROAD,動詞,ひらめく,1
4. CIDER ROAD,動詞,貫く,1
4. CIDER ROAD,動詞,続く,2
4. CIDER ROAD,動詞,仰ぐ,1
4. CIDER ROAD,動詞,貰える,1
4. CIDER ROAD,動詞,嵌める,1
4. CIDER ROAD,動詞,だらける,1
4. CIDER ROAD,動詞,させる,1
4. CIDER ROAD,動詞,駆け回れる,1
4. CIDER ROAD,動詞,尖る,1
4. CIDER ROAD,動詞,飲み込む,1
4. CIDER ROAD,動詞,くれる,2
4. CIDER ROAD,動詞,得る,1
4. CIDER ROAD,動詞,離れる,2
4. CIDER ROAD,動詞,割る,1
4. CIDER ROAD,動詞,持ち合わせる,1
4. CIDER ROAD,動詞,欠ける,1
4. CIDER ROAD,動詞,駆け回る,1
4. CIDER ROAD,動詞,呈す,1
4. CIDER ROAD,動詞,散る,1
4. CIDER ROAD,動詞,抜ける,2
4. CIDER ROAD,動詞,焦る,2
4. CIDER ROAD,動詞,問いかける,1
4. CIDER ROAD,動詞,担う,1
4. CIDER ROAD,動詞,止まれる,2
4. CIDER ROAD,動詞,舞う,1
4. CIDER ROAD,動詞,触れる,3
4. CIDER ROAD,動詞,重ねる,1
4. CIDER ROAD,動詞,降る,1
4. CIDER ROAD,動詞,諦める,2
4. CIDER ROAD,動詞,ぶつかる,1
4. CIDER ROAD,動詞,止まる,2
4. CIDER ROAD,動詞,近づける,1
4. CIDER ROAD,動詞,わく,1
4. CIDER ROAD,動詞,行ける,1
4. CIDER ROAD,動詞,倒れる,1
4. CIDER ROAD,動詞,過ぎる,3
4. CIDER ROAD,動詞,染める,1
4. CIDER ROAD,動詞,持ち越す,1
4. CIDER ROAD,動詞,消す,1
4. CIDER ROAD,動詞,夢見る,1
4. CIDER ROAD,動詞,迫る,1
4. CIDER ROAD,動詞,あげる,2
4. CIDER ROAD,動詞,足りる,2
4. CIDER ROAD,動詞,言う,4
4. CIDER ROAD,動詞,描く,1
4. CIDER ROAD,動詞,立つ,2
4. CIDER ROAD,動詞,現れる,1
4. CIDER ROAD,動詞,叩く,1
4. CIDER ROAD,動詞,触れ合う,1
4. CIDER ROAD,動詞,忘れる,1
4. CIDER ROAD,動詞,帰る,1
4. CIDER ROAD,動詞,確かめる,1
4. CIDER ROAD,動詞,居る,1
4. CIDER ROAD,動詞,作る,1
4. CIDER ROAD,動詞,積み重なる,1
4. CIDER ROAD,動詞,寝る,1
4. CIDER ROAD,動詞,回る,2
4. CIDER ROAD,動詞,浮かぶ,2
4. CIDER ROAD,動詞,しれる,1
4. CIDER ROAD,動詞,座る,1
4. CIDER ROAD,動詞,出会える,1
4. CIDER ROAD,動詞,歌う,2
4. CIDER ROAD,動詞,引く,2
4. CIDER ROAD,動詞,終える,1
4. CIDER ROAD,動詞,振り返る,1
4. CIDER ROAD,動詞,くべる,1
4. CIDER ROAD,動詞,喋る,1
4. CIDER ROAD,動詞,見放す,1
4. CIDER ROAD,動詞,怖じる,1
4. CIDER ROAD,動詞,迷う,3
4. CIDER ROAD,動詞,暮らす,1
4. CIDER ROAD,動詞,帰れる,1
4. CIDER ROAD,動詞,要る,1
4. CIDER ROAD,動詞,呼び戻す,1
4. CIDER ROAD,動詞,目立つ,1
4. CIDER ROAD,動詞,掴む,2
4. CIDER ROAD,動詞,捨てる,1
4. CIDER ROAD,動詞,聞く,3
4. CIDER ROAD,動詞,譲る,2
4. CIDER ROAD,動詞,おく,1
4. CIDER ROAD,動詞,賭す,1
4. CIDER ROAD,動詞,似る,1
4. CIDER ROAD,動詞,甘やかす,1
4. CIDER ROAD,動詞,返す,1
4. CIDER ROAD,動詞,流れる,1
4. CIDER ROAD,動詞,燃える,1
4. CIDER ROAD,動詞,揺れる,1
4. CIDER ROAD,動詞,消える,1
4. CIDER ROAD,動詞,名付ける,1
4. CIDER ROAD,動詞,折り重なる,1
4. CIDER ROAD,動詞,巻く,1
4. CIDER ROAD,動詞,怖がる,1
4. CIDER ROAD,動詞,探し求める,1
4. CIDER ROAD,動詞,埋もれる,1
4. CIDER ROAD,動詞,慌てる,1
4. CIDER ROAD,動詞,届ける,1
4. CIDER ROAD,動詞,隠す,1
4. CIDER ROAD,動詞,生み出す,1
4. CIDER ROAD,動詞,おとる,1
4. CIDER ROAD,動詞,そらす,1
4. CIDER ROAD,動詞,戻す,1
4. CIDER ROAD,動詞,沈む,1
4. CIDER ROAD,動詞,近付く,1
4. CIDER ROAD,動詞,喜ぶ,1
4. CIDER ROAD,動詞,抑える,1
4. CIDER ROAD,動詞,逸る,1
4. CIDER ROAD,動詞,笑い飛ばす,1
4. CIDER ROAD,動詞,乗せる,1
4. CIDER ROAD,動詞,変える,1
4. CIDER ROAD,動詞,話す,1
4. CIDER ROAD,動詞,拾う,1
4. CIDER ROAD,動詞,はねる,1
4. CIDER ROAD,動詞,きれる,1
4. CIDER ROAD,動詞,見上げる,1
4. CIDER ROAD,動詞,毒づく,1
4. CIDER ROAD,動詞,愛す,2
4. CIDER ROAD,動詞,教える,1
4. CIDER ROAD,動詞,嫌う,1
4. CIDER ROAD,動詞,たつ,1
4. CIDER ROAD,動詞,貼る,1
4. CIDER ROAD,動詞,出る,1
4. CIDER ROAD,動詞,飲む,1
4. CIDER ROAD,動詞,吹く,1
4. CIDER ROAD,動詞,負ける,1
4. CIDER ROAD,動詞,懲りる,1
4. CIDER ROAD,動詞,出す,1
4. CIDER ROAD,動詞,あふれる,1
4. CIDER ROAD,動詞,さらう,1
4. CIDER ROAD,動詞,なくなる,1
4. CIDER ROAD,動詞,会える,2
4. CIDER ROAD,動詞,ふらつく,1
4. CIDER ROAD,動詞,埋める,1
4. CIDER ROAD,動詞,壊せる,1
4. CIDER ROAD,動詞,ためらう,1
4. CIDER ROAD,動詞,蘇る,1
4. CIDER ROAD,動詞,わける,1
4. CIDER ROAD,動詞,似通う,1
4. CIDER ROAD,動詞,願う,2
4. CIDER ROAD,動詞,思い過ごす,1
4. CIDER ROAD,動詞,涙する,1
4. CIDER ROAD,動詞,吠える,1
4. CIDER ROAD,動詞,残る,1
4. CIDER ROAD,動詞,起こる,1
4. CIDER ROAD,動詞,想う,1
4. CIDER ROAD,動詞,会う,1
4. CIDER ROAD,動詞,指す,1
4. CIDER ROAD,動詞,逸れる,1
4. CIDER ROAD,動詞,探す,1
4. CIDER ROAD,動詞,映る,1
4. CIDER ROAD,動詞,上がる,1
4. CIDER ROAD,動詞,傷つける,1
4. CIDER ROAD,動詞,限る,1
4. CIDER ROAD,動詞,見つかる,1
4. CIDER ROAD,動詞,無くなる,1
4. CIDER ROAD,動詞,間に合う,1
4. CIDER ROAD,動詞,賭ける,1
4. CIDER ROAD,動詞,染まる,1
4. CIDER ROAD,動詞,辿れる,1
4. CIDER ROAD,動詞,すぎる,1
4. CIDER ROAD,動詞,歩く,1
4. CIDER ROAD,動詞,数える,1
4. CIDER ROAD,動詞,繋ぐ,1
4. CIDER ROAD,動詞,こだわる,1
4. CIDER ROAD,動詞,利く,1
4. CIDER ROAD,動詞,合わせる,1
4. CIDER ROAD,動詞,着く,1
4. CIDER ROAD,動詞,寄せる,1
4. CIDER ROAD,形容詞,容易い,1
4. CIDER ROAD,形容詞,揺るぎない,1
4. CIDER ROAD,形容詞,強い,2
4. CIDER ROAD,形容詞,美しい,1
4. CIDER ROAD,形容詞,弱い,1
4. CIDER ROAD,形容詞,多い,1
4. CIDER ROAD,形容詞,気だるい,1
4. CIDER ROAD,形容詞,かたじけない,1
4. CIDER ROAD,形容詞,よい,3
4. CIDER ROAD,形容詞,悲しい,3
4. CIDER ROAD,形容詞,優しい,1
4. CIDER ROAD,形容詞,恥ずかしい,2
4. CIDER ROAD,形容詞,うまい,1
4. CIDER ROAD,形容詞,無い,5
4. CIDER ROAD,形容詞,濃い,1
4. CIDER ROAD,形容詞,小さい,2
4. CIDER ROAD,形容詞,もったいない,1
4. CIDER ROAD,形容詞,もどかしい,1
4. CIDER ROAD,形容詞,照れくさい,1
4. CIDER ROAD,形容詞,かっこよい,1
4. CIDER ROAD,形容詞,正しい,1
4. CIDER ROAD,形容詞,歯がゆい,1
4. CIDER ROAD,形容詞,くだらない,1
4. CIDER ROAD,形容詞,広い,1
4. CIDER ROAD,形容詞,欲しい,1
4. CIDER ROAD,形容詞,暗い,1
4. CIDER ROAD,形容詞,つまらない,1
4. CIDER ROAD,形容詞,煩わしい,1
4. CIDER ROAD,形容詞,四角い,1
4. CIDER ROAD,形容詞,遠い,1
4. CIDER ROAD,形容詞,何気ない,1
4. CIDER ROAD,形容詞,とめどない,1
4. CIDER ROAD,形容詞,切ない,1
4. CIDER ROAD,形容詞,難しい,1
4. CIDER ROAD,形容詞,親しい,1
4. CIDER ROAD,名詞,1,2
4. CIDER ROAD,名詞,十二分,1
4. CIDER ROAD,名詞,ハレルヤ,1
4. CIDER ROAD,名詞,きっと,5
4. CIDER ROAD,名詞,選択肢,1
4. CIDER ROAD,名詞,邪魔,1
4. CIDER ROAD,名詞,幅,1
4. CIDER ROAD,名詞,キリ,1
4. CIDER ROAD,名詞,trick,1
4. CIDER ROAD,名詞,誰か,5
4. CIDER ROAD,名詞,リズム,1
4. CIDER ROAD,名詞,君,10
4. CIDER ROAD,名詞,予感,1
4. CIDER ROAD,名詞,魔法,4
4. CIDER ROAD,名詞,雑誌,1
4. CIDER ROAD,名詞,ビート,1
4. CIDER ROAD,名詞,目,5
4. CIDER ROAD,名詞,前,3
4. CIDER ROAD,名詞,おまえ,2
4. CIDER ROAD,名詞,物知り,1
4. CIDER ROAD,名詞,流行,1
4. CIDER ROAD,名詞,CIDER ROAD,1
4. CIDER ROAD,名詞,今年,1
4. CIDER ROAD,名詞,世界,6
4. CIDER ROAD,名詞,オッケー,1
4. CIDER ROAD,名詞,どっち,1
4. CIDER ROAD,名詞,2,1
4. CIDER ROAD,名詞,大袈裟,1
4. CIDER ROAD,名詞,遠く,1
4. CIDER ROAD,名詞,性,1
4. CIDER ROAD,名詞,advertisement,1
4. CIDER ROAD,名詞,音,3
4. CIDER ROAD,名詞,両手,1
4. CIDER ROAD,名詞,十全,1
4. CIDER ROAD,名詞,左,1
4. CIDER ROAD,名詞,道しるべ,2
4. CIDER ROAD,名詞,レモネード,1
4. CIDER ROAD,名詞,手,8
4. CIDER ROAD,名詞,3,1
4. CIDER ROAD,名詞,節操,1
4. CIDER ROAD,名詞,な!,1
4. CIDER ROAD,名詞,過去,1
4. CIDER ROAD,名詞,何,8
4. CIDER ROAD,名詞,右折禁止,1
4. CIDER ROAD,名詞,誰,4
4. CIDER ROAD,名詞,迷わないで,1
4. CIDER ROAD,名詞,キレイだ,1
4. CIDER ROAD,名詞,好き,4
4. CIDER ROAD,名詞,どこ,5
4. CIDER ROAD,名詞,風,5
4. CIDER ROAD,名詞,有用,1
4. CIDER ROAD,名詞,涙,2
4. CIDER ROAD,名詞,今,8
4. CIDER ROAD,名詞,次,2
4. CIDER ROAD,名詞,声,4
4. CIDER ROAD,名詞,バカ野郎,1
4. CIDER ROAD,名詞,ハート,1
4. CIDER ROAD,名詞,sweet,1
4. CIDER ROAD,名詞,あれこれ,1
4. CIDER ROAD,名詞,退屈,3
4. CIDER ROAD,名詞,5時,1
4. CIDER ROAD,名詞,盲目,1
4. CIDER ROAD,名詞,限界,1
4. CIDER ROAD,名詞,再生,1
4. CIDER ROAD,名詞,気分,1
4. CIDER ROAD,名詞,happy birthday,1
4. CIDER ROAD,名詞,事態,1
4. CIDER ROAD,名詞,You,1
4. CIDER ROAD,名詞,すか,1
4. CIDER ROAD,名詞,素人,1
4. CIDER ROAD,名詞,瞬間,5
4. CIDER ROAD,名詞,you,2
4. CIDER ROAD,名詞,like,3
4. CIDER ROAD,名詞,好球,1
4. CIDER ROAD,名詞,birthday,1
4. CIDER ROAD,名詞,crazy,1
4. CIDER ROAD,名詞,中,5
4. CIDER ROAD,名詞,達者,1
4. CIDER ROAD,名詞,see,1
4. CIDER ROAD,名詞,時,4
4. CIDER ROAD,名詞,ゃなきゃじゃなくって,1
4. CIDER ROAD,名詞,劣等感,1
4. CIDER ROAD,名詞,あからさま,1
4. CIDER ROAD,名詞,絶,1
4. CIDER ROAD,名詞,フライ,1
4. CIDER ROAD,名詞,チェンジ,1
4. CIDER ROAD,名詞,1番,1
4. CIDER ROAD,名詞,残暑,1
4. CIDER ROAD,名詞,文面,1
4. CIDER ROAD,名詞,はねずみ,1
4. CIDER ROAD,名詞,顔,3
4. CIDER ROAD,名詞,more,1
4. CIDER ROAD,名詞,わき目,1
4. CIDER ROAD,名詞,時計,3
4. CIDER ROAD,名詞,絶賛,2
4. CIDER ROAD,名詞,面,1
4. CIDER ROAD,名詞,八つ裂き,1
4. CIDER ROAD,名詞,今夜,2
4. CIDER ROAD,名詞,ノーモア,1
4. CIDER ROAD,名詞,I,1
4. CIDER ROAD,名詞,頭,2
4. CIDER ROAD,名詞,大正解,1
4. CIDER ROAD,名詞,稽古,1
4. CIDER ROAD,名詞,ここら,1
4. CIDER ROAD,名詞,hey,1
4. CIDER ROAD,名詞,ポテンシャル,1
4. CIDER ROAD,名詞,上,2
4. CIDER ROAD,名詞,シュレッダー,1
4. CIDER ROAD,名詞,常時,1
4. CIDER ROAD,名詞,並々,1
4. CIDER ROAD,名詞,玄人,1
4. CIDER ROAD,名詞,oh,1
4. CIDER ROAD,名詞,白目,1
4. CIDER ROAD,名詞,NO,1
4. CIDER ROAD,名詞,猛暑,1
4. CIDER ROAD,名詞,稀,1
4. CIDER ROAD,名詞,花火,1
4. CIDER ROAD,名詞,根気,1
4. CIDER ROAD,名詞,当たり前,1
4. CIDER ROAD,名詞,真実,2
4. CIDER ROAD,名詞,We,1
4. CIDER ROAD,名詞,ー,2
4. CIDER ROAD,名詞,日,2
4. CIDER ROAD,名詞,恋,2
4. CIDER ROAD,名詞,やる気,1
4. CIDER ROAD,名詞,バカ,1
4. CIDER ROAD,名詞,今日,3
4. CIDER ROAD,名詞,道理,1
4. CIDER ROAD,名詞,感動,1
4. CIDER ROAD,名詞,時系列,1
4. CIDER ROAD,名詞,最高,2
4. CIDER ROAD,名詞,モーツァルト,1
4. CIDER ROAD,名詞,歩,1
4. CIDER ROAD,名詞,友達,1
4. CIDER ROAD,名詞,大切,1
4. CIDER ROAD,名詞,独り,1
4. CIDER ROAD,名詞,やつ,1
4. CIDER ROAD,名詞,想い,5
4. CIDER ROAD,名詞,気まぐれ,1
4. CIDER ROAD,名詞,意味,3
4. CIDER ROAD,名詞,傷,1
4. CIDER ROAD,名詞,他,1
4. CIDER ROAD,名詞,僕,9
4. CIDER ROAD,名詞,acquaintance,1
4. CIDER ROAD,名詞,先,3
4. CIDER ROAD,名詞,言葉,5
4. CIDER ROAD,名詞,心,5
4. CIDER ROAD,名詞,こっち,1
4. CIDER ROAD,名詞,根拠,1
4. CIDER ROAD,名詞,理由,4
4. CIDER ROAD,名詞,裏,2
4. CIDER ROAD,名詞,オリジナル,1
4. CIDER ROAD,名詞,heart,1
4. CIDER ROAD,名詞,大事,4
4. CIDER ROAD,名詞,to,1
4. CIDER ROAD,名詞,歴史,1
4. CIDER ROAD,名詞,本当,2
4. CIDER ROAD,名詞,無理,1
4. CIDER ROAD,名詞,ところ,1
4. CIDER ROAD,名詞,君の名前,1
4. CIDER ROAD,名詞,precious,1
4. CIDER ROAD,名詞,きた,1
4. CIDER ROAD,名詞,レシピ,1
4. CIDER ROAD,名詞,嫌い,3
4. CIDER ROAD,名詞,様,4
4. CIDER ROAD,名詞,宝物,2
4. CIDER ROAD,名詞,friend,1
4. CIDER ROAD,名詞,同情,1
4. CIDER ROAD,名詞,word,1
4. CIDER ROAD,名詞,沢山,3
4. CIDER ROAD,名詞,事,7
4. CIDER ROAD,名詞,ともだち,1
4. CIDER ROAD,名詞,響き,1
4. CIDER ROAD,名詞,名前,4
4. CIDER ROAD,名詞,一,3
4. CIDER ROAD,名詞,守りたいもの,1
4. CIDER ROAD,名詞,cool,1
4. CIDER ROAD,名詞,単純,1
4. CIDER ROAD,名詞,約束,3
4. CIDER ROAD,名詞,ステップ,1
4. CIDER ROAD,名詞,確認,1
4. CIDER ROAD,名詞,指,1
4. CIDER ROAD,名詞,自在,1
4. CIDER ROAD,名詞,suddenly,1
4. CIDER ROAD,名詞,by,1
4. CIDER ROAD,名詞,進行中,1
4. CIDER ROAD,名詞,ハチミツ,1
4. CIDER ROAD,名詞,レンガ,1
4. CIDER ROAD,名詞,絶対,3
4. CIDER ROAD,名詞,願い,1
4. CIDER ROAD,名詞,yourself,1
4. CIDER ROAD,名詞,大人,2
4. CIDER ROAD,名詞,整合性,1
4. CIDER ROAD,名詞,造り,1
4. CIDER ROAD,名詞,ワルツ,1
4. CIDER ROAD,名詞,希望,1
4. CIDER ROAD,名詞,気,7
4. CIDER ROAD,名詞,猫,1
4. CIDER ROAD,名詞,OK,1
4. CIDER ROAD,名詞,眠り,1
4. CIDER ROAD,名詞,逆,1
4. CIDER ROAD,名詞,ムード,1
4. CIDER ROAD,名詞,暫定,1
4. CIDER ROAD,名詞,ウォール,1
4. CIDER ROAD,名詞,調子,1
4. CIDER ROAD,名詞,奥手,1
4. CIDER ROAD,名詞,仲,2
4. CIDER ROAD,名詞,トレンド,1
4. CIDER ROAD,名詞,自分,5
4. CIDER ROAD,名詞,朝が来る,1
4. CIDER ROAD,名詞,じゃなくて,2
4. CIDER ROAD,名詞,down,1
4. CIDER ROAD,名詞,夢見てる,1
4. CIDER ROAD,名詞,ローリング,1
4. CIDER ROAD,名詞,シャンデリア,1
4. CIDER ROAD,名詞,針,1
4. CIDER ROAD,名詞,加速,1
4. CIDER ROAD,名詞,全部,2
4. CIDER ROAD,名詞,スピード,1
4. CIDER ROAD,名詞,何度,2
4. CIDER ROAD,名詞,A,1
4. CIDER ROAD,名詞,感情,5
4. CIDER ROAD,名詞,この街,2
4. CIDER ROAD,名詞,ゲーム,1
4. CIDER ROAD,名詞,フィット,1
4. CIDER ROAD,名詞,重力,1
4. CIDER ROAD,名詞,ハローグッバイ,1
4. CIDER ROAD,名詞,時間,2
4. CIDER ROAD,名詞,引力,1
4. CIDER ROAD,名詞,息,1
4. CIDER ROAD,名詞,季節,1
4. CIDER ROAD,名詞,物,1
4. CIDER ROAD,名詞,stand up,1
4. CIDER ROAD,名詞,通り,1
4. CIDER ROAD,名詞,ハッピー,1
4. CIDER ROAD,名詞,目と,1
4. CIDER ROAD,名詞,ロード,1
4. CIDER ROAD,名詞,僕ら,3
4. CIDER ROAD,名詞,shout,1
4. CIDER ROAD,名詞,the,2
4. CIDER ROAD,名詞,眠れない夜,1
4. CIDER ROAD,名詞,徐々,2
4. CIDER ROAD,名詞,嫌,2
4. CIDER ROAD,名詞,pardon,1
4. CIDER ROAD,名詞,up,1
4. CIDER ROAD,名詞,テーマソング,1
4. CIDER ROAD,名詞,システム,1
4. CIDER ROAD,名詞,差し,1
4. CIDER ROAD,名詞,度,1
4. CIDER ROAD,名詞,曖昧,2
4. CIDER ROAD,名詞,way,2
4. CIDER ROAD,名詞,路地,1
4. CIDER ROAD,名詞,確か,1
4. CIDER ROAD,名詞,教会,1
4. CIDER ROAD,名詞,三,1
4. CIDER ROAD,名詞,ため息,2
4. CIDER ROAD,名詞,Hey,1
4. CIDER ROAD,名詞,簡単,1
4. CIDER ROAD,名詞,that,1
4. CIDER ROAD,名詞,鼻,1
4. CIDER ROAD,名詞,影響,1
4. CIDER ROAD,名詞,最近,1
4. CIDER ROAD,名詞,林,1
4. CIDER ROAD,名詞,ハーレム,1
4. CIDER ROAD,名詞,観測,1
4. CIDER ROAD,名詞,それぞれ,1
4. CIDER ROAD,名詞,華,1
4. CIDER ROAD,名詞,流れ星,1
4. CIDER ROAD,名詞,いっせー,1
4. CIDER ROAD,名詞,サイズ,1
4. CIDER ROAD,名詞,shiny,1
4. CIDER ROAD,名詞,ある日,1
4. CIDER ROAD,名詞,内容,1
4. CIDER ROAD,名詞,街,4
4. CIDER ROAD,名詞,景色,1
4. CIDER ROAD,名詞,肉,1
4. CIDER ROAD,名詞,六,1
4. CIDER ROAD,名詞,拍子,1
4. CIDER ROAD,名詞,酒池,1
4. CIDER ROAD,名詞,世の常,1
4. CIDER ROAD,名詞,小学校,1
4. CIDER ROAD,名詞,疑問,2
4. CIDER ROAD,名詞,ready?,1
4. CIDER ROAD,名詞,タダ,1
4. CIDER ROAD,名詞,たくさん,1
4. CIDER ROAD,名詞,大勢,1
4. CIDER ROAD,名詞,準備,3
4. CIDER ROAD,名詞,空気,2
4. CIDER ROAD,名詞,正義,3
4. CIDER ROAD,名詞,自慢,2
4. CIDER ROAD,名詞,データ,1
4. CIDER ROAD,名詞,逃走,1
4. CIDER ROAD,名詞,代用,1
4. CIDER ROAD,名詞,one,2
4. CIDER ROAD,名詞,上手,1
4. CIDER ROAD,名詞,人間,1
4. CIDER ROAD,名詞,朝,2
4. CIDER ROAD,名詞,it,1
4. CIDER ROAD,名詞,価値,1
4. CIDER ROAD,名詞,s,1
4. CIDER ROAD,名詞,still alive,1
4. CIDER ROAD,名詞,途方,1
4. CIDER ROAD,名詞,少年少女,1
4. CIDER ROAD,名詞,いつ,3
4. CIDER ROAD,名詞,回避,1
4. CIDER ROAD,名詞,培養,1
4. CIDER ROAD,名詞,満月,1
4. CIDER ROAD,名詞,月,1
4. CIDER ROAD,名詞,遜色,1
4. CIDER ROAD,名詞,正解,1
4. CIDER ROAD,名詞,沙汰,1
4. CIDER ROAD,名詞,二,1
4. CIDER ROAD,名詞,in,1
4. CIDER ROAD,名詞,from,1
4. CIDER ROAD,名詞,0円,1
4. CIDER ROAD,名詞,スマイル,1
4. CIDER ROAD,名詞,イノベート,1
4. CIDER ROAD,名詞,know,1
4. CIDER ROAD,名詞,energy,1
4. CIDER ROAD,名詞,思考停止,1
4. CIDER ROAD,名詞,空,4
4. CIDER ROAD,名詞,運命,1
4. CIDER ROAD,名詞,ベルリンの壁,1
4. CIDER ROAD,名詞,むしろ,1
4. CIDER ROAD,名詞,Are,1
4. CIDER ROAD,名詞,テレビ,1
4. CIDER ROAD,名詞,どれ,1
4. CIDER ROAD,名詞,意識,1
4. CIDER ROAD,名詞,no,1
4. CIDER ROAD,名詞,場合,1
4. CIDER ROAD,名詞,一緒,1
4. CIDER ROAD,名詞,リニア,1
4. CIDER ROAD,名詞,ブルー,1
4. CIDER ROAD,名詞,ショウ,1
4. CIDER ROAD,名詞,明日,2
4. CIDER ROAD,名詞,頃,1
4. CIDER ROAD,名詞,容易,1
4. CIDER ROAD,名詞,万事,1
4. CIDER ROAD,名詞,無い,1
4. CIDER ROAD,名詞,果て,1
4. CIDER ROAD,名詞,未来,2
4. CIDER ROAD,名詞,イミテーション,1
4. CIDER ROAD,名詞,幸せ,2
4. CIDER ROAD,名詞,リプレイ,1
4. CIDER ROAD,名詞,ビッグ,1
4. CIDER ROAD,名詞,夜,3
4. CIDER ROAD,名詞,夕焼け,2
4. CIDER ROAD,名詞,メロディ,1
4. CIDER ROAD,名詞,インスタント,1
4. CIDER ROAD,名詞,些細な,1
4. CIDER ROAD,名詞,そっと,1
4. CIDER ROAD,名詞,無我夢中,1
4. CIDER ROAD,名詞,リニアブルーを聴きながら,1
4. CIDER ROAD,名詞,不正解,1
4. CIDER ROAD,名詞,十分,3
4. CIDER ROAD,名詞,大丈夫だよ,1
4. CIDER ROAD,名詞,一人,3
4. CIDER ROAD,名詞,アンバランス,1
4. CIDER ROAD,名詞,意図,1
4. CIDER ROAD,名詞,逆境,1
4. CIDER ROAD,名詞,人,1
4. CIDER ROAD,名詞,平気,1
4. CIDER ROAD,名詞,本気,1
4. CIDER ROAD,名詞,順繰り,1
4. CIDER ROAD,名詞,宙,2
4. CIDER ROAD,名詞,天文学的,1
4. CIDER ROAD,名詞,放物線,1
4. CIDER ROAD,名詞,きり,1
4. CIDER ROAD,名詞,day,1
4. CIDER ROAD,名詞,もん,1
4. CIDER ROAD,名詞,今すぐ,1
4. CIDER ROAD,名詞,最後,2
4. CIDER ROAD,名詞,重要,1
4. CIDER ROAD,名詞,狙い,1
4. CIDER ROAD,名詞,躊躇,1
4. CIDER ROAD,名詞,あなた,1
4. CIDER ROAD,名詞,可能性,1
4. CIDER ROAD,名詞,史上,1
4. CIDER ROAD,名詞,僕は君,2
4. CIDER ROAD,名詞,シロップ,1
4. CIDER ROAD,名詞,ラビット,1
4. CIDER ROAD,名詞,出て,1
4. CIDER ROAD,名詞,カフェテラス,1
4. CIDER ROAD,名詞,small,1
4. CIDER ROAD,名詞,スタート,1
4. CIDER ROAD,名詞,The,1
4. CIDER ROAD,名詞,says,1
4. CIDER ROAD,名詞,あまり,1
4. CIDER ROAD,名詞,出会い,1
4. CIDER ROAD,名詞,悩み,1
4. CIDER ROAD,名詞,ドア,1
4. CIDER ROAD,名詞,丁寧,2
4. CIDER ROAD,名詞,最初,1
4. CIDER ROAD,名詞,偶然,1
4. CIDER ROAD,名詞,シーン,1
4. CIDER ROAD,名詞,手と手,1
4. CIDER ROAD,名詞,場面,1
4. CIDER ROAD,名詞,黄昏,1
4. CIDER ROAD,名詞,バイバイ,2
4. CIDER ROAD,名詞,spell,1
4. CIDER ROAD,名詞,ミルク,1
4. CIDER ROAD,名詞,ご機嫌,1
4. CIDER ROAD,名詞,地点,1
4. CIDER ROAD,名詞,一番,1
4. CIDER ROAD,名詞,step by step,1
4. CIDER ROAD,名詞,そこ,2
4. CIDER ROAD,名詞,呪文,1
4. CIDER ROAD,名詞,喜び,2
4. CIDER ROAD,名詞,big bang!,1
4. CIDER ROAD,名詞,run,1
4. CIDER ROAD,名詞,and,1
4. CIDER ROAD,名詞,後,1
4. CIDER ROAD,名詞,coffee,1
4. CIDER ROAD,名詞,check,1
4. CIDER ROAD,名詞,knock,1
4. CIDER ROAD,名詞,譜面,1
4. CIDER ROAD,名詞,はず,6
4. CIDER ROAD,名詞,大丈夫,1
4. CIDER ROAD,名詞,形,1
4. CIDER ROAD,名詞,彼,1
4. CIDER ROAD,名詞,おじぎ,1
4. CIDER ROAD,名詞,章,1
4. CIDER ROAD,名詞,少年,1
4. CIDER ROAD,名詞,ボーイ・ミーツ・ガール,1
4. CIDER ROAD,名詞,Rabbit,1
4. CIDER ROAD,名詞,face to face,1
4. CIDER ROAD,名詞,almost,1
4. CIDER ROAD,名詞,夢,1
4. CIDER ROAD,名詞,door,1
4. CIDER ROAD,名詞,僕にできること,1
4. CIDER ROAD,名詞,slow,1
4. CIDER ROAD,名詞,答え,3
4. CIDER ROAD,名詞,チェック,1
4. CIDER ROAD,名詞,最低,1
4. CIDER ROAD,名詞,地面,1
4. CIDER ROAD,名詞,遊び,1
4. CIDER ROAD,名詞,周り,2
4. CIDER ROAD,名詞,ブックマーク,1
4. CIDER ROAD,名詞,平和,1
4. CIDER ROAD,名詞,万,1
4. CIDER ROAD,名詞,切り売り,1
4. CIDER ROAD,名詞,歩いた,1
4. CIDER ROAD,名詞,半数,1
4. CIDER ROAD,名詞,別,1
4. CIDER ROAD,名詞,物怖じ,1
4. CIDER ROAD,名詞,毎日,3
4. CIDER ROAD,名詞,目覚まし,1
4. CIDER ROAD,名詞,カメレオン,1
4. CIDER ROAD,名詞,みんな,2
4. CIDER ROAD,名詞,渦,1
4. CIDER ROAD,名詞,所,1
4. CIDER ROAD,名詞,道,3
4. CIDER ROAD,名詞,地球,1
4. CIDER ROAD,名詞,slow down,1
4. CIDER ROAD,名詞,仲間入り,1
4. CIDER ROAD,名詞,片手間,1
4. CIDER ROAD,名詞,デジタルカメラ,1
4. CIDER ROAD,名詞,全て,1
4. CIDER ROAD,名詞,素敵,1
4. CIDER ROAD,名詞,灰色,1
4. CIDER ROAD,名詞,未知,1
4. CIDER ROAD,名詞,握り,1
4. CIDER ROAD,名詞,千,1
4. CIDER ROAD,名詞,出口,1
4. CIDER ROAD,名詞,法律,1
4. CIDER ROAD,名詞,地球儀,1
4. CIDER ROAD,名詞,お人好し,1
4. CIDER ROAD,名詞,喧騒,1
4. CIDER ROAD,名詞,適当,1
4. CIDER ROAD,名詞,作りもの,1
4. CIDER ROAD,名詞,一生,1
4. CIDER ROAD,名詞,拍子抜け,1
4. CIDER ROAD,名詞,火,1
4. CIDER ROAD,名詞,かも,1
4. CIDER ROAD,名詞,色,1
4. CIDER ROAD,名詞,画素,1
4. CIDER ROAD,名詞,このまま,2
4. CIDER ROAD,名詞,端っこ,1
4. CIDER ROAD,名詞,話,2
4. CIDER ROAD,名詞,難解,1
4. CIDER ROAD,名詞,おとぎ,1
4. CIDER ROAD,名詞,あてずっぽう,1
4. CIDER ROAD,名詞,秘密基地,1
4. CIDER ROAD,名詞,延長線,1
4. CIDER ROAD,名詞,dong,1
4. CIDER ROAD,名詞,星,1
4. CIDER ROAD,名詞,王様,1
4. CIDER ROAD,名詞,太陽,1
4. CIDER ROAD,名詞,カレンダー,1
4. CIDER ROAD,名詞,午後,1
4. CIDER ROAD,名詞,視界,1
4. CIDER ROAD,名詞,右手,1
4. CIDER ROAD,名詞,うち,1
4. CIDER ROAD,名詞,春,1
4. CIDER ROAD,名詞,ナイショ,1
4. CIDER ROAD,名詞,角度,1
4. CIDER ROAD,名詞,ding,1
4. CIDER ROAD,名詞,20度,1
4. CIDER ROAD,名詞,四角,1
4. CIDER ROAD,名詞,気持ち,1
4. CIDER ROAD,名詞,スペース,1
4. CIDER ROAD,名詞,紙,1
4. CIDER ROAD,名詞,約束の日,1
4. CIDER ROAD,名詞,欲望,1
4. CIDER ROAD,名詞,元,1
4. CIDER ROAD,名詞,アスファルト,1
4. CIDER ROAD,名詞,あるかな,1
4. CIDER ROAD,名詞,飛行機,1
4. CIDER ROAD,名詞,わがまま,3
4. CIDER ROAD,名詞,不安,2
4. CIDER ROAD,名詞,孤独,2
4. CIDER ROAD,名詞,子,1
4. CIDER ROAD,名詞,入り混じり,1
4. CIDER ROAD,名詞,かな,1
4. CIDER ROAD,名詞,片隅,1
4. CIDER ROAD,名詞,笑い話,1
4. CIDER ROAD,名詞,ウロウロ,1
4. CIDER ROAD,名詞,一緒に,1
4. CIDER ROAD,名詞,あと,1
4. CIDER ROAD,名詞,好きだから,1
4. CIDER ROAD,名詞,三角,1
4. CIDER ROAD,名詞,電話,1
4. CIDER ROAD,名詞,半端,1
4. CIDER ROAD,名詞,おまけ,1
4. CIDER ROAD,名詞,モドカシフロー,1
4. CIDER ROAD,名詞,あの日,1
4. CIDER ROAD,名詞,星座,1
4. CIDER ROAD,名詞,幕,1
4. CIDER ROAD,名詞,不思議,1
4. CIDER ROAD,名詞,スパイラル,1
4. CIDER ROAD,名詞,精,1
4. CIDER ROAD,名詞,無尽蔵,1
4. CIDER ROAD,名詞,いつまでも,1
4. CIDER ROAD,名詞,前哨戦,1
4. CIDER ROAD,名詞,深呼吸,1
4. CIDER ROAD,名詞,フレーズ,1
4. CIDER ROAD,名詞,フリ,1
4. CIDER ROAD,名詞,コーヒー,1
4. CIDER ROAD,名詞,only,1
4. CIDER ROAD,名詞,分の,1
4. CIDER ROAD,名詞,for,1
4. CIDER ROAD,名詞,step,1
4. CIDER ROAD,名詞,嘘,1
4. CIDER ROAD,名詞,ピエロ,1
4. CIDER ROAD,名詞,wait,1
4. CIDER ROAD,名詞,数多,1
4. CIDER ROAD,名詞,セレナーデ,1
4. CIDER ROAD,名詞,たる,1
4. CIDER ROAD,名詞,ケース,1
4. CIDER ROAD,名詞,誰だ,1
4. CIDER ROAD,名詞,十,1
4. CIDER ROAD,名詞,幻,1
4. CIDER ROAD,名詞,一方,1
4. CIDER ROAD,名詞,わけ,1
4. CIDER ROAD,名詞,話題,1
4. CIDER ROAD,名詞,lonely,1
4. CIDER ROAD,名詞,億,1
4. CIDER ROAD,名詞,質問,1
4. CIDER ROAD,名詞,アイテム,1
4. CIDER ROAD,名詞,ラベル,1
4. CIDER ROAD,名詞,ラブソング,1
4. CIDER ROAD,名詞,そうだ,1
4. CIDER ROAD,名詞,記憶,1
4. CIDER ROAD,名詞,心拍数,1
4. CIDER ROAD,名詞,方,1
4. CIDER ROAD,名詞,チャンス,1
4. CIDER ROAD,名詞,夜が明けるまで,1
4. CIDER ROAD,名詞,BPM,1
4. CIDER ROAD,名詞,朝日,1
4. CIDER ROAD,名詞,君に届け,1
4. CIDER ROAD,名詞,永遠,1
4. CIDER ROAD,名詞,わんない,1
4. CIDER ROAD,名詞,一瞬,1
4. CIDER ROAD,名詞,流星,1
4. CIDER ROAD,名詞,回,1
4. CIDER ROAD,名詞,キレイゴト,1
4. CIDER ROAD,名詞,伝,1
4. CIDER ROAD,名詞,メッセージ,1
4. CIDER ROAD,名詞,一個,1
4. CIDER ROAD,名詞,星空,1
4. CIDER ROAD,名詞,リンク,1
4. CIDER ROAD,名詞,自信,1
4. CIDER ROAD,名詞,奇跡,1
4. CIDER ROAD,名詞,地図,1
4. CIDER ROAD,名詞,ここ,1
4. CIDER ROAD,名詞,今度,1
4. CIDER ROAD,名詞,最後の夜,1
4. CIDER ROAD,名詞,流星のスコール,1
4. CIDER ROAD,名詞,白い,1
4. CIDER ROAD,名詞,待ち合わせ,1
4. CIDER ROAD,名詞,泣き虫,1
4. CIDER ROAD,名詞,お世話,1
4. CIDER ROAD,名詞,true,1
4. CIDER ROAD,名詞,いない,1
4. CIDER ROAD,名詞,baby,1
4. CIDER ROAD,名詞,雰囲気,1
4. CIDER ROAD,名詞,作り,1
4. CIDER ROAD,名詞,ソート,1
4. CIDER ROAD,名詞,不純,1
4. CIDER ROAD,名詞,イルミ,1
4. CIDER ROAD,名詞,礼儀,1
4. CIDER ROAD,名詞,動機,1
4. CIDER ROAD,名詞,倍率,1
4. CIDER ROAD,名詞,シグネイチャー,1
4. CIDER ROAD,名詞,デッドヒート,1
4. CIDER ROAD,名詞,郷,1
4. CIDER ROAD,名詞,矛盾,1
4. CIDER ROAD,名詞,夕暮れ,1
4. CIDER ROAD,名詞,同じ月を見ている,1
4. CIDER ROAD,名詞,ジグザグ,1
4. CIDER ROAD,名詞,寒空,1
4. CIDER ROAD,名詞,サンディ,1
4. CIDER ROAD,名詞,事件,1
4. CIDER ROAD,名詞,a,1
4. CIDER ROAD,名詞,be,1
4. CIDER ROAD,名詞,ストレート,1
4. CIDER ROAD,名詞,肩,1
4. CIDER ROAD,名詞,お呼び立て,1
4. CIDER ROAD,名詞,ターミナル,1
4. CIDER ROAD,名詞,森,1
4. CIDER ROAD,名詞,勝手,1
4. CIDER ROAD,名詞,will,1
4. CIDER ROAD,名詞,ヒント,1
4. CIDER ROAD,名詞,恋人たち,1
4. CIDER ROAD,名詞,気まま,1
4. CIDER ROAD,名詞,仕方,1
4. CIDER ROAD,名詞,見通し,1
4. CIDER ROAD,名詞,花びら,1
4. CIDER ROAD,副詞,うんざり,1
4. CIDER ROAD,副詞,ちょっと,9
4. CIDER ROAD,副詞,相当,1
4. CIDER ROAD,副詞,早々,1
4. CIDER ROAD,副詞,多分,2
4. CIDER ROAD,副詞,もう,10
4. CIDER ROAD,副詞,ごちゃごちゃ,1
4. CIDER ROAD,副詞,ここだ,1
4. CIDER ROAD,副詞,本当は,1
4. CIDER ROAD,副詞,まだ,8
4. CIDER ROAD,副詞,どうして,2
4. CIDER ROAD,副詞,至って,1
4. CIDER ROAD,副詞,しかして,1
4. CIDER ROAD,副詞,余りに,1
4. CIDER ROAD,副詞,なかなか,1
4. CIDER ROAD,副詞,全然,2
4. CIDER ROAD,副詞,にっちもさっちも,1
4. CIDER ROAD,副詞,なんだか,4
4. CIDER ROAD,副詞,さらさら,1
4. CIDER ROAD,副詞,もしも,1
4. CIDER ROAD,副詞,ちゃんと,2
4. CIDER ROAD,副詞,少し,6
4. CIDER ROAD,副詞,ぐるぐる,2
4. CIDER ROAD,副詞,こう,1
4. CIDER ROAD,副詞,ふわり,1
4. CIDER ROAD,副詞,チクリ,1
4. CIDER ROAD,副詞,やむを得ず,1
4. CIDER ROAD,副詞,何故,1
4. CIDER ROAD,副詞,それだけ,1
4. CIDER ROAD,副詞,突然,1
4. CIDER ROAD,副詞,うろうろ,1
4. CIDER ROAD,副詞,長々,1
4. CIDER ROAD,副詞,もっと,3
4. CIDER ROAD,副詞,いっぱい,1
4. CIDER ROAD,副詞,あまつさえ,1
4. CIDER ROAD,副詞,やがて,2
4. CIDER ROAD,副詞,バン,1
4. CIDER ROAD,副詞,まだまだ,1
4. CIDER ROAD,副詞,毛頭,1
4. CIDER ROAD,副詞,ずっと,4
4. CIDER ROAD,副詞,きっと,4
4. CIDER ROAD,副詞,どう,3
4. CIDER ROAD,副詞,そろそろ,1
4. CIDER ROAD,副詞,まるで,1
4. CIDER ROAD,副詞,そっくり,1
4. CIDER ROAD,副詞,ゆっくり,1
4. CIDER ROAD,副詞,本当に,1
4. CIDER ROAD,副詞,何にも,1
4. CIDER ROAD,副詞,あらかじめ,1
4. CIDER ROAD,副詞,そう,5
4. CIDER ROAD,副詞,決して,1
4. CIDER ROAD,副詞,確か,1
4. CIDER ROAD,副詞,ニコニコ,1
4. CIDER ROAD,副詞,さ,1
4. CIDER ROAD,副詞,もう少し,2
4. CIDER ROAD,副詞,いつしか,1
4. CIDER ROAD,副詞,すぐ,1
4. CIDER ROAD,副詞,できるだけ,1
4. CIDER ROAD,副詞,丁度,1
4. CIDER ROAD,副詞,よく,1
4. CIDER ROAD,副詞,つい,1
4. CIDER ROAD,副詞,こんなに,1
4. CIDER ROAD,副詞,ふと,1
4. CIDER ROAD,副詞,いつの間にか,1
4. CIDER ROAD,副詞,所詮,1
4. CIDER ROAD,副詞,既に,1
4. CIDER ROAD,副詞,やっと,1
4. CIDER ROAD,副詞,なんて,1
4. CIDER ROAD,副詞,どうか,1
4. CIDER ROAD,副詞,そのまま,1
4. CIDER ROAD,連体詞,その,7
4. CIDER ROAD,連体詞,この,4
4. CIDER ROAD,連体詞,そんな,5
4. CIDER ROAD,連体詞,大した,1
4. CIDER ROAD,連体詞,どんな,1
4. CIDER ROAD,連体詞,おんなじ,1
4. CIDER ROAD,連体詞,同じ,4
4. CIDER ROAD,連体詞,そういう,1
4. CIDER ROAD,連体詞,輝ける,1
4. CIDER ROAD,連体詞,小さな,2
4. CIDER ROAD,連体詞,あの,2
4. CIDER ROAD,連体詞,ほんの,1
4. CIDER ROAD,感動詞,さあ,2
4. CIDER ROAD,感動詞,ほら,6
4. CIDER ROAD,感動詞,ああ,1
4. CIDER ROAD,感動詞,何だ,1
4. CIDER ROAD,接続詞,だから,4
4. CIDER ROAD,接続詞,ただ,5
4. CIDER ROAD,接続詞,それでも,4
4. CIDER ROAD,接続詞,だからこそ,2
4. CIDER ROAD,接続詞,つまり,2
4. CIDER ROAD,接続詞,だって,3
4. CIDER ROAD,接続詞,また,2
4. CIDER ROAD,接続詞,そして,1
4. CIDER ROAD,接続詞,追って,1
4. CIDER ROAD,接続詞,例えば,2
4. CIDER ROAD,接続詞,けど,1
4. CIDER ROAD,接続詞,でも,1
5. Catcher In The Spy,名詞,伝統,1
5. Catcher In The Spy,名詞,後悔,2
5. Catcher In The Spy,名詞,銃声,1
5. Catcher In The Spy,名詞,加味,1
5. Catcher In The Spy,名詞,真っ白,1
5. Catcher In The Spy,名詞,とっく,3
5. Catcher In The Spy,名詞,サブマシンガン,1
5. Catcher In The Spy,名詞,成長,1
5. Catcher In The Spy,名詞,絶対,1
5. Catcher In The Spy,名詞,鴎外,1
5. Catcher In The Spy,名詞,栄光,1
5. Catcher In The Spy,名詞,水晶,1
5. Catcher In The Spy,名詞,目,8
5. Catcher In The Spy,名詞,街頭,1
5. Catcher In The Spy,名詞,青春,1
5. Catcher In The Spy,名詞,ぬるま湯,1
5. Catcher In The Spy,名詞,霊媒師,1
5. Catcher In The Spy,名詞,フリーク,1
5. Catcher In The Spy,名詞,風邪,1
5. Catcher In The Spy,名詞,拙者,1
5. Catcher In The Spy,名詞,予期,1
5. Catcher In The Spy,名詞,相当,1
5. Catcher In The Spy,名詞,改名,1
5. Catcher In The Spy,名詞,確証,1
5. Catcher In The Spy,名詞,ぴき,1
5. Catcher In The Spy,名詞,いつ,1
5. Catcher In The Spy,名詞,満載,1
5. Catcher In The Spy,名詞,絶頂,1
5. Catcher In The Spy,名詞,時代,2
5. Catcher In The Spy,名詞,心臓,1
5. Catcher In The Spy,名詞,現象,2
5. Catcher In The Spy,名詞,幻想,1
5. Catcher In The Spy,名詞,にべ,1
5. Catcher In The Spy,名詞,正攻法,1
5. Catcher In The Spy,名詞,夢,1
5. Catcher In The Spy,名詞,フェイク,1
5. Catcher In The Spy,名詞,スコセッシ,1
5. Catcher In The Spy,名詞,維持,1
5. Catcher In The Spy,名詞,ハート,1
5. Catcher In The Spy,名詞,友達,1
5. Catcher In The Spy,名詞,それなり,2
5. Catcher In The Spy,名詞,エゴイスト,1
5. Catcher In The Spy,名詞,ルールブック,1
5. Catcher In The Spy,名詞,ストップモーション,1
5. Catcher In The Spy,名詞,feeling,1
5. Catcher In The Spy,名詞,不気味,1
5. Catcher In The Spy,名詞,気持ち,1
5. Catcher In The Spy,名詞,足,1
5. Catcher In The Spy,名詞,いくつ,1
5. Catcher In The Spy,名詞,不安定,2
5. Catcher In The Spy,名詞,電車,1
5. Catcher In The Spy,名詞,指,2
5. Catcher In The Spy,名詞,どん,1
5. Catcher In The Spy,名詞,地蔵,1
5. Catcher In The Spy,名詞,明日,4
5. Catcher In The Spy,名詞,人生,1
5. Catcher In The Spy,名詞,願い,2
5. Catcher In The Spy,名詞,糊しろ,1
5. Catcher In The Spy,名詞,偏屈,1
5. Catcher In The Spy,名詞,意地,2
5. Catcher In The Spy,名詞,僕,6
5. Catcher In The Spy,名詞,リズム,2
5. Catcher In The Spy,名詞,君,7
5. Catcher In The Spy,名詞,街,2
5. Catcher In The Spy,名詞,outside,1
5. Catcher In The Spy,名詞,ステンドグラス,1
5. Catcher In The Spy,名詞,隙間,1
5. Catcher In The Spy,名詞,ふぞろい,1
5. Catcher In The Spy,名詞,言葉,5
5. Catcher In The Spy,名詞,腰,1
5. Catcher In The Spy,名詞,hoping,1
5. Catcher In The Spy,名詞,インスタント,1
5. Catcher In The Spy,名詞,模様,1
5. Catcher In The Spy,名詞,心,6
5. Catcher In The Spy,名詞,衣服,1
5. Catcher In The Spy,名詞,世界,5
5. Catcher In The Spy,名詞,右,2
5. Catcher In The Spy,名詞,そん,2
5. Catcher In The Spy,名詞,一人,2
5. Catcher In The Spy,名詞,たまえ,1
5. Catcher In The Spy,名詞,時計,3
5. Catcher In The Spy,名詞,正当,1
5. Catcher In The Spy,名詞,頭,2
5. Catcher In The Spy,名詞,首,1
5. Catcher In The Spy,名詞,手,2
5. Catcher In The Spy,名詞,大事,2
5. Catcher In The Spy,名詞,さん,1
5. Catcher In The Spy,名詞,重力,1
5. Catcher In The Spy,名詞,常識,1
5. Catcher In The Spy,名詞,時間,3
5. Catcher In The Spy,名詞,ボンド,1
5. Catcher In The Spy,名詞,帰り,1
5. Catcher In The Spy,名詞,dreaming,1
5. Catcher In The Spy,名詞,窮屈,1
5. Catcher In The Spy,名詞,風,2
5. Catcher In The Spy,名詞,様,4
5. Catcher In The Spy,名詞,どっか,1
5. Catcher In The Spy,名詞,なのか,1
5. Catcher In The Spy,名詞,手段,1
5. Catcher In The Spy,名詞,呼び出し,1
5. Catcher In The Spy,名詞,シナプス,1
5. Catcher In The Spy,名詞,嫌,1
5. Catcher In The Spy,名詞,メガネ,1
5. Catcher In The Spy,名詞,ボタン,1
5. Catcher In The Spy,名詞,度,1
5. Catcher In The Spy,名詞,一杯,1
5. Catcher In The Spy,名詞,なす,1
5. Catcher In The Spy,名詞,どいつもこいつも,1
5. Catcher In The Spy,名詞,たま,1
5. Catcher In The Spy,名詞,キレイ,2
5. Catcher In The Spy,名詞,いたまえ,1
5. Catcher In The Spy,名詞,際,1
5. Catcher In The Spy,名詞,退屈,3
5. Catcher In The Spy,名詞,君の声,2
5. Catcher In The Spy,名詞,三,1
5. Catcher In The Spy,名詞,現実,3
5. Catcher In The Spy,名詞,大切,2
5. Catcher In The Spy,名詞,観察,1
5. Catcher In The Spy,名詞,彩り,1
5. Catcher In The Spy,名詞,瞬間,4
5. Catcher In The Spy,名詞,スタート,1
5. Catcher In The Spy,名詞,負け,1
5. Catcher In The Spy,名詞,まみれ,1
5. Catcher In The Spy,名詞,方,1
5. Catcher In The Spy,名詞,旋律,1
5. Catcher In The Spy,名詞,関係,1
5. Catcher In The Spy,名詞,魔法,3
5. Catcher In The Spy,名詞,地位,1
5. Catcher In The Spy,名詞,震え,1
5. Catcher In The Spy,名詞,名誉,1
5. Catcher In The Spy,名詞,言葉にできない,1
5. Catcher In The Spy,名詞,カッコ,1
5. Catcher In The Spy,名詞,黄昏,1
5. Catcher In The Spy,名詞,深呼吸,1
5. Catcher In The Spy,名詞,フレーズ,1
5. Catcher In The Spy,名詞,理由,3
5. Catcher In The Spy,名詞,奥,1
5. Catcher In The Spy,名詞,感情,1
5. Catcher In The Spy,名詞,一変,1
5. Catcher In The Spy,名詞,命,3
5. Catcher In The Spy,名詞,人,2
5. Catcher In The Spy,名詞,健忘症,1
5. Catcher In The Spy,名詞,煙,1
5. Catcher In The Spy,名詞,出,1
5. Catcher In The Spy,名詞,ストリート,1
5. Catcher In The Spy,名詞,息,2
5. Catcher In The Spy,名詞,はず,2
5. Catcher In The Spy,名詞,誰,4
5. Catcher In The Spy,名詞,大丈夫,3
5. Catcher In The Spy,名詞,季節,1
5. Catcher In The Spy,名詞,基準,1
5. Catcher In The Spy,名詞,絶好,1
5. Catcher In The Spy,名詞,好き,3
5. Catcher In The Spy,名詞,仕掛け,1
5. Catcher In The Spy,名詞,わけ,1
5. Catcher In The Spy,名詞,正解,1
5. Catcher In The Spy,名詞,中心,1
5. Catcher In The Spy,名詞,理想,3
5. Catcher In The Spy,名詞,択,1
5. Catcher In The Spy,名詞,今,6
5. Catcher In The Spy,名詞,ここ,2
5. Catcher In The Spy,名詞,今日,4
5. Catcher In The Spy,名詞,秒間,1
5. Catcher In The Spy,名詞,事,4
5. Catcher In The Spy,名詞,心象風景,1
5. Catcher In The Spy,名詞,三秒間,1
5. Catcher In The Spy,名詞,声,2
5. Catcher In The Spy,名詞,車,1
5. Catcher In The Spy,名詞,シューゲイザー,1
5. Catcher In The Spy,名詞,原理,1
5. Catcher In The Spy,名詞,呼応,1
5. Catcher In The Spy,名詞,スピーカー,1
5. Catcher In The Spy,名詞,事情,1
5. Catcher In The Spy,名詞,存在,1
5. Catcher In The Spy,名詞,足元,1
5. Catcher In The Spy,名詞,邪魔,1
5. Catcher In The Spy,名詞,昼夜,1
5. Catcher In The Spy,名詞,思考回路,1
5. Catcher In The Spy,名詞,万事,1
5. Catcher In The Spy,名詞,交差点,1
5. Catcher In The Spy,名詞,耽美,1
5. Catcher In The Spy,名詞,中,7
5. Catcher In The Spy,名詞,at,1
5. Catcher In The Spy,名詞,必要,4
5. Catcher In The Spy,名詞,温度,1
5. Catcher In The Spy,名詞,問題,3
5. Catcher In The Spy,名詞,逃げ場,1
5. Catcher In The Spy,名詞,一つ,1
5. Catcher In The Spy,名詞,song,1
5. Catcher In The Spy,名詞,把握,1
5. Catcher In The Spy,名詞,ノンストップ,2
5. Catcher In The Spy,名詞,fact,1
5. Catcher In The Spy,名詞,音楽,1
5. Catcher In The Spy,名詞,一掃,1
5. Catcher In The Spy,名詞,矛盾,1
5. Catcher In The Spy,名詞,バランス,1
5. Catcher In The Spy,名詞,十分,2
5. Catcher In The Spy,名詞,last,1
5. Catcher In The Spy,名詞,ヒットソング,1
5. Catcher In The Spy,名詞,各個,1
5. Catcher In The Spy,名詞,正論,2
5. Catcher In The Spy,名詞,基本,1
5. Catcher In The Spy,名詞,無心,1
5. Catcher In The Spy,名詞,関心,1
5. Catcher In The Spy,名詞,遍,1
5. Catcher In The Spy,名詞,深層心理,1
5. Catcher In The Spy,名詞,純粋,2
5. Catcher In The Spy,名詞,具現化,1
5. Catcher In The Spy,名詞,接近,2
5. Catcher In The Spy,名詞,あぶり出,1
5. Catcher In The Spy,名詞,苦し紛れ,1
5. Catcher In The Spy,名詞,今宵,3
5. Catcher In The Spy,名詞,都合,1
5. Catcher In The Spy,名詞,my,1
5. Catcher In The Spy,名詞,重低音,1
5. Catcher In The Spy,名詞,精査,1
5. Catcher In The Spy,名詞,複雑,1
5. Catcher In The Spy,名詞,差異,1
5. Catcher In The Spy,名詞,高揚感,1
5. Catcher In The Spy,名詞,誰だ,1
5. Catcher In The Spy,名詞,通り,2
5. Catcher In The Spy,名詞,願望,1
5. Catcher In The Spy,名詞,must,1
5. Catcher In The Spy,名詞,化,1
5. Catcher In The Spy,名詞,判例,1
5. Catcher In The Spy,名詞,倍音,1
5. Catcher In The Spy,名詞,派手,1
5. Catcher In The Spy,名詞,実感,2
5. Catcher In The Spy,名詞,鼓膜,1
5. Catcher In The Spy,名詞,遠望,1
5. Catcher In The Spy,名詞,序列,1
5. Catcher In The Spy,名詞,審議,1
5. Catcher In The Spy,名詞,信念,1
5. Catcher In The Spy,名詞,イメージ,1
5. Catcher In The Spy,名詞,証拠,1
5. Catcher In The Spy,名詞,天秤,1
5. Catcher In The Spy,名詞,雑多,1
5. Catcher In The Spy,名詞,あなた,1
5. Catcher In The Spy,名詞,確か,3
5. Catcher In The Spy,名詞,一,3
5. Catcher In The Spy,名詞,loud,1
5. Catcher In The Spy,名詞,じゃじゃじゃ,1
5. Catcher In The Spy,名詞,you,2
5. Catcher In The Spy,名詞,ベース,1
5. Catcher In The Spy,名詞,アンプリファー,1
5. Catcher In The Spy,名詞,四重奏,1
5. Catcher In The Spy,名詞,でたらめ,1
5. Catcher In The Spy,名詞,キック,1
5. Catcher In The Spy,名詞,play,1
5. Catcher In The Spy,名詞,不器用,1
5. Catcher In The Spy,名詞,桜,1
5. Catcher In The Spy,名詞,future,1
5. Catcher In The Spy,名詞,絶好調,1
5. Catcher In The Spy,名詞,with,1
5. Catcher In The Spy,名詞,希望,1
5. Catcher In The Spy,名詞,la,1
5. Catcher In The Spy,名詞,不条理,1
5. Catcher In The Spy,名詞,何回,2
5. Catcher In The Spy,名詞,remember,2
5. Catcher In The Spy,名詞,ギター,1
5. Catcher In The Spy,名詞,歌,1
5. Catcher In The Spy,名詞,惜しみ,1
5. Catcher In The Spy,名詞,前,3
5. Catcher In The Spy,名詞,青春時代,1
5. Catcher In The Spy,名詞,わがまま,1
5. Catcher In The Spy,名詞,エレキギター,1
5. Catcher In The Spy,名詞,タイミング,1
5. Catcher In The Spy,名詞,回,1
5. Catcher In The Spy,名詞,wanna,1
5. Catcher In The Spy,名詞,打て,1
5. Catcher In The Spy,名詞,do,1
5. Catcher In The Spy,名詞,夜が明ける前に,1
5. Catcher In The Spy,名詞,スイッチ,1
5. Catcher In The Spy,名詞,quartets,1
5. Catcher In The Spy,名詞,準備,2
5. Catcher In The Spy,名詞,全部,1
5. Catcher In The Spy,名詞,試金石,1
5. Catcher In The Spy,名詞,I,2
5. Catcher In The Spy,名詞,たち,1
5. Catcher In The Spy,名詞,can,1
5. Catcher In The Spy,名詞,この街,1
5. Catcher In The Spy,名詞,ホコリ,1
5. Catcher In The Spy,名詞,願い事,1
5. Catcher In The Spy,名詞,お気に召すまま,1
5. Catcher In The Spy,名詞,it,1
5. Catcher In The Spy,名詞,and,2
5. Catcher In The Spy,名詞,to,1
5. Catcher In The Spy,名詞,say,1
5. Catcher In The Spy,名詞,喜怒哀楽,1
5. Catcher In The Spy,名詞,嘘つき,1
5. Catcher In The Spy,名詞,何,4
5. Catcher In The Spy,名詞,番狂わせ,1
5. Catcher In The Spy,名詞,symphony,1
5. Catcher In The Spy,名詞,shall,1
5. Catcher In The Spy,名詞,千,1
5. Catcher In The Spy,名詞,lead,1
5. Catcher In The Spy,名詞,melody,1
5. Catcher In The Spy,名詞,いろは,1
5. Catcher In The Spy,名詞,僕ら,1
5. Catcher In The Spy,名詞,どこ,1
5. Catcher In The Spy,名詞,reaction,1
5. Catcher In The Spy,名詞,真実,1
5. Catcher In The Spy,名詞,愛,2
5. Catcher In The Spy,名詞,その後,1
5. Catcher In The Spy,名詞,かけら,1
5. Catcher In The Spy,名詞,にも,1
5. Catcher In The Spy,名詞,忘れないよ,1
5. Catcher In The Spy,名詞,All,1
5. Catcher In The Spy,名詞,継続,1
5. Catcher In The Spy,名詞,大人になっても,1
5. Catcher In The Spy,名詞,自由,1
5. Catcher In The Spy,名詞,望み,1
5. Catcher In The Spy,名詞,一斉,1
5. Catcher In The Spy,名詞,歪,2
5. Catcher In The Spy,名詞,ミュージック,1
5. Catcher In The Spy,名詞,ラベル,1
5. Catcher In The Spy,名詞,おまけ,1
5. Catcher In The Spy,名詞,風景,1
5. Catcher In The Spy,名詞,このまま,1
5. Catcher In The Spy,名詞,カウンター,1
5. Catcher In The Spy,名詞,箒,1
5. Catcher In The Spy,名詞,1,1
5. Catcher In The Spy,名詞,興味,1
5. Catcher In The Spy,名詞,chance,1
5. Catcher In The Spy,名詞,ちりとり,1
5. Catcher In The Spy,名詞,勘弁,1
5. Catcher In The Spy,名詞,微動,1
5. Catcher In The Spy,名詞,少女,1
5. Catcher In The Spy,名詞,like,1
5. Catcher In The Spy,名詞,以下略,1
5. Catcher In The Spy,名詞,年,1
5. Catcher In The Spy,名詞,ゴミ,1
5. Catcher In The Spy,名詞,情緒,1
5. Catcher In The Spy,名詞,百,1
5. Catcher In The Spy,名詞,国境,1
5. Catcher In The Spy,名詞,当方,1
5. Catcher In The Spy,名詞,歌詞,1
5. Catcher In The Spy,名詞,焼却炉,1
5. Catcher In The Spy,名詞,石橋,1
5. Catcher In The Spy,名詞,気,3
5. Catcher In The Spy,名詞,脳内,1
5. Catcher In The Spy,名詞,順,1
5. Catcher In The Spy,名詞,蒙昧,1
5. Catcher In The Spy,名詞,あっけ,1
5. Catcher In The Spy,名詞,4,1
5. Catcher In The Spy,名詞,ぺがして,1
5. Catcher In The Spy,名詞,はいい,1
5. Catcher In The Spy,名詞,連戦連敗,1
5. Catcher In The Spy,名詞,目線,1
5. Catcher In The Spy,名詞,顔,1
5. Catcher In The Spy,名詞,経文,1
5. Catcher In The Spy,名詞,2,1
5. Catcher In The Spy,名詞,金,1
5. Catcher In The Spy,名詞,街道,1
5. Catcher In The Spy,名詞,あたし,1
5. Catcher In The Spy,名詞,無駄,1
5. Catcher In The Spy,名詞,勝算,1
5. Catcher In The Spy,名詞,結果,1
5. Catcher In The Spy,名詞,プライド,1
5. Catcher In The Spy,名詞,呪文,1
5. Catcher In The Spy,名詞,マイクチェックマイクチェック,1
5. Catcher In The Spy,名詞,斜め,1
5. Catcher In The Spy,名詞,生涯,1
5. Catcher In The Spy,名詞,a,1
5. Catcher In The Spy,名詞,termination,1
5. Catcher In The Spy,名詞,3,1
5. Catcher In The Spy,名詞,your eyes,1
5. Catcher In The Spy,名詞,途方,1
5. Catcher In The Spy,名詞,威信,1
5. Catcher In The Spy,名詞,戦争,1
5. Catcher In The Spy,名詞,please,1
5. Catcher In The Spy,名詞,だーと,1
5. Catcher In The Spy,名詞,勝手,2
5. Catcher In The Spy,名詞,行こう,1
5. Catcher In The Spy,名詞,適当,1
5. Catcher In The Spy,名詞,in,3
5. Catcher In The Spy,名詞,ビショップ,1
5. Catcher In The Spy,名詞,やれ,1
5. Catcher In The Spy,名詞,概念,1
5. Catcher In The Spy,名詞,プロフェッショナル,1
5. Catcher In The Spy,名詞,決勝戦,1
5. Catcher In The Spy,名詞,教科書,1
5. Catcher In The Spy,名詞,田淵,1
5. Catcher In The Spy,名詞,片手,1
5. Catcher In The Spy,名詞,固定,1
5. Catcher In The Spy,名詞,異常,1
5. Catcher In The Spy,名詞,写真,2
5. Catcher In The Spy,名詞,歩,2
5. Catcher In The Spy,名詞,そうだ,1
5. Catcher In The Spy,名詞,簡単,1
5. Catcher In The Spy,名詞,旅路,1
5. Catcher In The Spy,名詞,きっと,2
5. Catcher In The Spy,名詞,痛み,1
5. Catcher In The Spy,名詞,想い,2
5. Catcher In The Spy,名詞,苦労,1
5. Catcher In The Spy,名詞,リボン,1
5. Catcher In The Spy,名詞,笑顔,1
5. Catcher In The Spy,名詞,誰か,3
5. Catcher In The Spy,名詞,時,2
5. Catcher In The Spy,名詞,大人,2
5. Catcher In The Spy,名詞,サイズ,1
5. Catcher In The Spy,名詞,未来,2
5. Catcher In The Spy,名詞,またね,1
5. Catcher In The Spy,名詞,朝日,1
5. Catcher In The Spy,名詞,大嫌い,1
5. Catcher In The Spy,名詞,隣,1
5. Catcher In The Spy,名詞,胸,1
5. Catcher In The Spy,名詞,自分,1
5. Catcher In The Spy,名詞,未来へ,1
5. Catcher In The Spy,名詞,昨日,1
5. Catcher In The Spy,名詞,裏側,1
5. Catcher In The Spy,名詞,いつか,1
5. Catcher In The Spy,名詞,自信,1
5. Catcher In The Spy,名詞,ぐわかっちゃうんだね,1
5. Catcher In The Spy,名詞,ルール,1
5. Catcher In The Spy,名詞,孤独,2
5. Catcher In The Spy,名詞,元気,1
5. Catcher In The Spy,名詞,君の背中,1
5. Catcher In The Spy,名詞,名,1
5. Catcher In The Spy,名詞,ダメ,1
5. Catcher In The Spy,名詞,あれ,1
5. Catcher In The Spy,名詞,心配,1
5. Catcher In The Spy,名詞,日,2
5. Catcher In The Spy,名詞,涙,3
5. Catcher In The Spy,名詞,大好き,1
5. Catcher In The Spy,名詞,沢山,2
5. Catcher In The Spy,名詞,背中,1
5. Catcher In The Spy,名詞,許可証,1
5. Catcher In The Spy,名詞,つもり,2
5. Catcher In The Spy,名詞,かも,1
5. Catcher In The Spy,名詞,花びら,1
5. Catcher In The Spy,名詞,可能性,2
5. Catcher In The Spy,名詞,ピッチャー,1
5. Catcher In The Spy,名詞,ストロー,1
5. Catcher In The Spy,名詞,人類,1
5. Catcher In The Spy,名詞,タイムマシン,1
5. Catcher In The Spy,名詞,操縦,1
5. Catcher In The Spy,名詞,主審,1
5. Catcher In The Spy,名詞,上空,1
5. Catcher In The Spy,名詞,傍,1
5. Catcher In The Spy,名詞,君の街まで,1
5. Catcher In The Spy,名詞,倒立,1
5. Catcher In The Spy,名詞,フレンチ,1
5. Catcher In The Spy,名詞,先生,1
5. Catcher In The Spy,名詞,hard,1
5. Catcher In The Spy,名詞,相談,1
5. Catcher In The Spy,名詞,フライ,1
5. Catcher In The Spy,名詞,gonna,1
5. Catcher In The Spy,名詞,OK,2
5. Catcher In The Spy,名詞,ハワイアン,1
5. Catcher In The Spy,名詞,バスケットシューズ,1
5. Catcher In The Spy,名詞,ものさし,1
5. Catcher In The Spy,名詞,疑問,1
5. Catcher In The Spy,名詞,フリ,1
5. Catcher In The Spy,名詞,beam,1
5. Catcher In The Spy,名詞,アメリカ,1
5. Catcher In The Spy,名詞,ポンコツ,1
5. Catcher In The Spy,名詞,摂理,1
5. Catcher In The Spy,名詞,むをえんって,1
5. Catcher In The Spy,名詞,判断,1
5. Catcher In The Spy,名詞,1本,1
5. Catcher In The Spy,名詞,ハリクマハリタ,1
5. Catcher In The Spy,名詞,高飛び,1
5. Catcher In The Spy,名詞,ふらっと,1
5. Catcher In The Spy,名詞,everything,1
5. Catcher In The Spy,名詞,彼女,1
5. Catcher In The Spy,名詞,ゲーム,1
5. Catcher In The Spy,名詞,首都,1
5. Catcher In The Spy,名詞,チョコレート,1
5. Catcher In The Spy,名詞,上,2
5. Catcher In The Spy,名詞,覚悟,1
5. Catcher In The Spy,名詞,異論,1
5. Catcher In The Spy,名詞,速度,1
5. Catcher In The Spy,名詞,彼,2
5. Catcher In The Spy,名詞,ラブロマンス,1
5. Catcher In The Spy,名詞,決めて,1
5. Catcher In The Spy,名詞,出口,1
5. Catcher In The Spy,名詞,壁,2
5. Catcher In The Spy,名詞,マウンド,1
5. Catcher In The Spy,名詞,マダガスカル,1
5. Catcher In The Spy,名詞,Bon Voyage,1
5. Catcher In The Spy,名詞,法則,1
5. Catcher In The Spy,名詞,本能,1
5. Catcher In The Spy,名詞,出来事,1
5. Catcher In The Spy,名詞,パラドクス,1
5. Catcher In The Spy,名詞,稀代,1
5. Catcher In The Spy,名詞,華麗,1
5. Catcher In The Spy,名詞,若,1
5. Catcher In The Spy,名詞,道理,1
5. Catcher In The Spy,名詞,大騒ぎ,1
5. Catcher In The Spy,名詞,生活,1
5. Catcher In The Spy,名詞,トンネル,1
5. Catcher In The Spy,名詞,danger danger,1
5. Catcher In The Spy,名詞,is,2
5. Catcher In The Spy,名詞,規制,1
5. Catcher In The Spy,名詞,無様,1
5. Catcher In The Spy,名詞,your,2
5. Catcher In The Spy,名詞,悲惨,1
5. Catcher In The Spy,名詞,話,1
5. Catcher In The Spy,名詞,贔屓目,1
5. Catcher In The Spy,名詞,shooting,1
5. Catcher In The Spy,名詞,mind,1
5. Catcher In The Spy,名詞,ショウ,1
5. Catcher In The Spy,名詞,ホント,1
5. Catcher In The Spy,名詞,hand,1
5. Catcher In The Spy,名詞,伊達,1
5. Catcher In The Spy,名詞,後戻り,1
5. Catcher In The Spy,名詞,生意気,1
5. Catcher In The Spy,名詞,執心,1
5. Catcher In The Spy,名詞,破廉恥,1
5. Catcher In The Spy,名詞,届け,1
5. Catcher In The Spy,名詞,スパイス,1
5. Catcher In The Spy,名詞,ヒーロー,1
5. Catcher In The Spy,名詞,勃発,1
5. Catcher In The Spy,名詞,坊や,1
5. Catcher In The Spy,名詞,些細な,1
5. Catcher In The Spy,名詞,余計,1
5. Catcher In The Spy,名詞,大事件,1
5. Catcher In The Spy,名詞,メッセージ,1
5. Catcher In The Spy,名詞,shake,1
5. Catcher In The Spy,名詞,ミライ,1
5. Catcher In The Spy,名詞,星,2
5. Catcher In The Spy,名詞,音,1
5. Catcher In The Spy,名詞,託,1
5. Catcher In The Spy,名詞,ロック,1
5. Catcher In The Spy,名詞,shooting star,1
5. Catcher In The Spy,名詞,そのままで,1
5. Catcher In The Spy,名詞,価値観,1
5. Catcher In The Spy,名詞,さりげ,1
5. Catcher In The Spy,名詞,50万,1
5. Catcher In The Spy,名詞,値打ち,1
5. Catcher In The Spy,名詞,ディナー,1
5. Catcher In The Spy,名詞,運命,1
5. Catcher In The Spy,名詞,マジで,1
5. Catcher In The Spy,名詞,100,1
5. Catcher In The Spy,名詞,どれ,3
5. Catcher In The Spy,名詞,ゴメン,1
5. Catcher In The Spy,名詞,味気,1
5. Catcher In The Spy,名詞,文字,1
5. Catcher In The Spy,名詞,ヒカル,1
5. Catcher In The Spy,名詞,ため息,1
5. Catcher In The Spy,名詞,独り,1
5. Catcher In The Spy,名詞,ギリギリ,1
5. Catcher In The Spy,名詞,他,1
5. Catcher In The Spy,名詞,窓,1
5. Catcher In The Spy,名詞,闇,1
5. Catcher In The Spy,名詞,夜,1
5. Catcher In The Spy,名詞,犠牲,1
5. Catcher In The Spy,名詞,鉄道,1
5. Catcher In The Spy,名詞,一瞬,1
5. Catcher In The Spy,名詞,リアクション,1
5. Catcher In The Spy,名詞,たくさん,1
5. Catcher In The Spy,名詞,パズル,1
5. Catcher In The Spy,名詞,まいこん,1
5. Catcher In The Spy,名詞,鮮やか,1
5. Catcher In The Spy,名詞,銀河,1
5. Catcher In The Spy,名詞,幻,1
5. Catcher In The Spy,名詞,柄,1
5. Catcher In The Spy,名詞,空,1
5. Catcher In The Spy,名詞,優雅,1
5. Catcher In The Spy,名詞,仕草,1
5. Catcher In The Spy,名詞,確率,1
5. Catcher In The Spy,名詞,そんなもんだろう,1
5. Catcher In The Spy,名詞,偽善者,1
5. Catcher In The Spy,名詞,光,1
5. Catcher In The Spy,名詞,答え,1
5. Catcher In The Spy,名詞,星座,1
5. Catcher In The Spy,名詞,harmonized finale,1
5. Catcher In The Spy,名詞,橋,1
5. Catcher In The Spy,名詞,don,1
5. Catcher In The Spy,名詞,猜疑心,1
5. Catcher In The Spy,名詞,劣等感,2
5. Catcher In The Spy,名詞,m,1
5. Catcher In The Spy,名詞,景色,1
5. Catcher In The Spy,名詞,並行,1
5. Catcher In The Spy,名詞,メロディ,1
5. Catcher In The Spy,名詞,ほう,1
5. Catcher In The Spy,名詞,大丈夫だよ,1
5. Catcher In The Spy,名詞,皆,1
5. Catcher In The Spy,名詞,t,1
5. Catcher In The Spy,名詞,自慢,1
5. Catcher In The Spy,名詞,星空,1
5. Catcher In The Spy,名詞,新しい時代,1
5. Catcher In The Spy,名詞,ポケット,1
5. Catcher In The Spy,名詞,下,1
5. Catcher In The Spy,名詞,ヘタクソ,1
5. Catcher In The Spy,名詞,大層,1
5. Catcher In The Spy,名詞,永久,1
5. Catcher In The Spy,名詞,be,1
5. Catcher In The Spy,名詞,I miss you,1
5. Catcher In The Spy,名詞,通過,1
5. Catcher In The Spy,名詞,with you,1
5. Catcher In The Spy,名詞,当たり前,1
5. Catcher In The Spy,名詞,虚栄,1
5. Catcher In The Spy,名詞,羞恥心,1
5. Catcher In The Spy,名詞,立派,1
5. Catcher In The Spy,名詞,懇願,1
5. Catcher In The Spy,名詞,さりげなく,1
5. Catcher In The Spy,名詞,楽譜,1
5. Catcher In The Spy,名詞,人間なんて,1
5. Catcher In The Spy,名詞,care,1
5. Catcher In The Spy,名詞,育ち,1
5. Catcher In The Spy,名詞,shots,1
5. Catcher In The Spy,名詞,殿方,1
5. Catcher In The Spy,名詞,騒ぎ,1
5. Catcher In The Spy,名詞,bass,1
5. Catcher In The Spy,名詞,過ち,1
5. Catcher In The Spy,名詞,drums,1
5. Catcher In The Spy,名詞,show,1
5. Catcher In The Spy,名詞,手の内,1
5. Catcher In The Spy,名詞,キリ,1
5. Catcher In The Spy,名詞,レディー,1
5. Catcher In The Spy,名詞,質素,1
5. Catcher In The Spy,名詞,謙遜,1
5. Catcher In The Spy,名詞,beat,1
5. Catcher In The Spy,名詞,成り行き,1
5. Catcher In The Spy,名詞,Who,1
5. Catcher In The Spy,名詞,ボス,1
5. Catcher In The Spy,名詞,善行,1
5. Catcher In The Spy,名詞,ファースト,1
5. Catcher In The Spy,名詞,者,1
5. Catcher In The Spy,名詞,normal,1
5. Catcher In The Spy,名詞,フラ,1
5. Catcher In The Spy,名詞,Watch,1
5. Catcher In The Spy,名詞,愛嬌,1
5. Catcher In The Spy,名詞,chaotic,1
5. Catcher In The Spy,名詞,Let's,1
5. Catcher In The Spy,名詞,fakest,1
5. Catcher In The Spy,名詞,tick,1
5. Catcher In The Spy,名詞,ミスター,1
5. Catcher In The Spy,名詞,札束,1
5. Catcher In The Spy,名詞,same,1
5. Catcher In The Spy,名詞,プレゼント,1
5. Catcher In The Spy,名詞,呼び声,1
5. Catcher In The Spy,名詞,不要,1
5. Catcher In The Spy,名詞,time,1
5. Catcher In The Spy,名詞,不意,1
5. Catcher In The Spy,名詞,step,1
5. Catcher In The Spy,名詞,花盛り,1
5. Catcher In The Spy,名詞,今夜,1
5. Catcher In The Spy,名詞,tomato,1
5. Catcher In The Spy,名詞,気楽,1
5. Catcher In The Spy,名詞,this,1
5. Catcher In The Spy,名詞,stay,1
5. Catcher In The Spy,名詞,I'll be there,1
5. Catcher In The Spy,名詞,談合,1
5. Catcher In The Spy,名詞,hey,1
5. Catcher In The Spy,名詞,clever,1
5. Catcher In The Spy,名詞,無邪気,1
5. Catcher In The Spy,名詞,名簿,1
5. Catcher In The Spy,名詞,挙句,1
5. Catcher In The Spy,名詞,ストレイト,1
5. Catcher In The Spy,名詞,on,1
5. Catcher In The Spy,名詞,tack,1
5. Catcher In The Spy,名詞,辞書,1
5. Catcher In The Spy,名詞,想定外,1
5. Catcher In The Spy,名詞,謎,1
5. Catcher In The Spy,名詞,嫌い,1
5. Catcher In The Spy,名詞,裏切り,1
5. Catcher In The Spy,名詞,天国と地獄,1
5. Catcher In The Spy,名詞,回答,1
5. Catcher In The Spy,名詞,the,1
5. Catcher In The Spy,名詞,駄々,1
5. Catcher In The Spy,名詞,ただ,1
5. Catcher In The Spy,名詞,気概,1
5. Catcher In The Spy,名詞,fresh,1
5. Catcher In The Spy,名詞,血,1
5. Catcher In The Spy,名詞,thank,1
5. Catcher In The Spy,名詞,容疑,1
5. Catcher In The Spy,名詞,around,1
5. Catcher In The Spy,名詞,狂乱,1
5. Catcher In The Spy,名詞,狡猾な,1
5. Catcher In The Spy,名詞,no,1
5. Catcher In The Spy,名詞,ダイヤ,1
5. Catcher In The Spy,名詞,トライアド,1
5. Catcher In The Spy,名詞,条件,1
5. Catcher In The Spy,感動詞,ああ,4
5. Catcher In The Spy,感動詞,ほら,2
5. Catcher In The Spy,感動詞,さあ,4
5. Catcher In The Spy,感動詞,ねえ,1
5. Catcher In The Spy,感動詞,こんばんは,1
5. Catcher In The Spy,感動詞,いや,1
5. Catcher In The Spy,感動詞,やあ,1
5. Catcher In The Spy,感動詞,こんにちは,1
5. Catcher In The Spy,感動詞,はてな,1
5. Catcher In The Spy,感動詞,はて,1
5. Catcher In The Spy,感動詞,あーあ,1
5. Catcher In The Spy,感動詞,ありがとう,1
5. Catcher In The Spy,感動詞,さよなら,1
5. Catcher In The Spy,動詞,役に立つ,1
5. Catcher In The Spy,動詞,担う,1
5. Catcher In The Spy,動詞,止まる,2
5. Catcher In The Spy,動詞,浸かる,1
5. Catcher In The Spy,動詞,止む,1
5. Catcher In The Spy,動詞,響く,4
5. Catcher In The Spy,動詞,乗っける,1
5. Catcher In The Spy,動詞,託す,1
5. Catcher In The Spy,動詞,込める,1
5. Catcher In The Spy,動詞,笑える,1
5. Catcher In The Spy,動詞,拒む,1
5. Catcher In The Spy,動詞,はらむ,1
5. Catcher In The Spy,動詞,言う,8
5. Catcher In The Spy,動詞,ありえる,2
5. Catcher In The Spy,動詞,戸惑う,1
5. Catcher In The Spy,動詞,なぞらえる,1
5. Catcher In The Spy,動詞,振る,1
5. Catcher In The Spy,動詞,下がる,1
5. Catcher In The Spy,動詞,飛ぶ,1
5. Catcher In The Spy,動詞,奪う,1
5. Catcher In The Spy,動詞,でる,3
5. Catcher In The Spy,動詞,がんばる,1
5. Catcher In The Spy,動詞,叩く,2
5. Catcher In The Spy,動詞,押しつぶす,1
5. Catcher In The Spy,動詞,履き違える,1
5. Catcher In The Spy,動詞,溢れる,2
5. Catcher In The Spy,動詞,はみ出す,1
5. Catcher In The Spy,動詞,出す,2
5. Catcher In The Spy,動詞,出そろう,1
5. Catcher In The Spy,動詞,張る,3
5. Catcher In The Spy,動詞,許す,2
5. Catcher In The Spy,動詞,つける,3
5. Catcher In The Spy,動詞,鳴らす,2
5. Catcher In The Spy,動詞,押す,3
5. Catcher In The Spy,動詞,進む,1
5. Catcher In The Spy,動詞,生きる,5
5. Catcher In The Spy,動詞,乗る,2
5. Catcher In The Spy,動詞,曇らせる,1
5. Catcher In The Spy,動詞,決める,1
5. Catcher In The Spy,動詞,焦る,2
5. Catcher In The Spy,動詞,止まれる,1
5. Catcher In The Spy,動詞,知る,3
5. Catcher In The Spy,動詞,書き換える,1
5. Catcher In The Spy,動詞,思う,3
5. Catcher In The Spy,動詞,迷う,2
5. Catcher In The Spy,動詞,始める,1
5. Catcher In The Spy,動詞,すぎる,4
5. Catcher In The Spy,動詞,置き忘れる,1
5. Catcher In The Spy,動詞,呼び起こす,1
5. Catcher In The Spy,動詞,終わる,3
5. Catcher In The Spy,動詞,動ける,1
5. Catcher In The Spy,動詞,寄り添う,1
5. Catcher In The Spy,動詞,入れる,1
5. Catcher In The Spy,動詞,届く,2
5. Catcher In The Spy,動詞,聞く,3
5. Catcher In The Spy,動詞,しまう,3
5. Catcher In The Spy,動詞,逃せる,1
5. Catcher In The Spy,動詞,轢く,1
5. Catcher In The Spy,動詞,吸う,1
5. Catcher In The Spy,動詞,揺るぐ,2
5. Catcher In The Spy,動詞,吹き込む,1
5. Catcher In The Spy,動詞,答える,1
5. Catcher In The Spy,動詞,歌う,4
5. Catcher In The Spy,動詞,思い出す,1
5. Catcher In The Spy,動詞,疲れる,1
5. Catcher In The Spy,動詞,思い出せる,1
5. Catcher In The Spy,動詞,照らす,2
5. Catcher In The Spy,動詞,語る,1
5. Catcher In The Spy,動詞,上げる,1
5. Catcher In The Spy,動詞,持つ,2
5. Catcher In The Spy,動詞,阻む,1
5. Catcher In The Spy,動詞,痺れる,1
5. Catcher In The Spy,動詞,気づく,2
5. Catcher In The Spy,動詞,みせる,1
5. Catcher In The Spy,動詞,見える,2
5. Catcher In The Spy,動詞,与える,1
5. Catcher In The Spy,動詞,おくれる,1
5. Catcher In The Spy,動詞,わかる,4
5. Catcher In The Spy,動詞,鳴らせる,1
5. Catcher In The Spy,動詞,出来る,1
5. Catcher In The Spy,動詞,計る,1
5. Catcher In The Spy,動詞,躍る,1
5. Catcher In The Spy,動詞,だす,1
5. Catcher In The Spy,動詞,行き交う,1
5. Catcher In The Spy,動詞,始まる,2
5. Catcher In The Spy,動詞,黙る,1
5. Catcher In The Spy,動詞,詰まる,1
5. Catcher In The Spy,動詞,来る,2
5. Catcher In The Spy,動詞,救える,1
5. Catcher In The Spy,動詞,覚ます,1
5. Catcher In The Spy,動詞,行く,3
5. Catcher In The Spy,動詞,尽きる,1
5. Catcher In The Spy,動詞,うなる,1
5. Catcher In The Spy,動詞,貼る,1
5. Catcher In The Spy,動詞,言える,2
5. Catcher In The Spy,動詞,はしゃぐ,2
5. Catcher In The Spy,動詞,言い聞かせる,1
5. Catcher In The Spy,動詞,混ぜ合う,1
5. Catcher In The Spy,動詞,変える,2
5. Catcher In The Spy,動詞,要る,2
5. Catcher In The Spy,動詞,叶える,1
5. Catcher In The Spy,動詞,蹴飛ばす,1
5. Catcher In The Spy,動詞,止める,2
5. Catcher In The Spy,動詞,忘れる,2
5. Catcher In The Spy,動詞,使える,1
5. Catcher In The Spy,動詞,拾う,1
5. Catcher In The Spy,動詞,磨く,1
5. Catcher In The Spy,動詞,のせる,1
5. Catcher In The Spy,動詞,求める,1
5. Catcher In The Spy,動詞,過ぎる,1
5. Catcher In The Spy,動詞,選びだす,1
5. Catcher In The Spy,動詞,余す,1
5. Catcher In The Spy,動詞,飲み込む,1
5. Catcher In The Spy,動詞,会える,2
5. Catcher In The Spy,動詞,救う,2
5. Catcher In The Spy,動詞,歪む,1
5. Catcher In The Spy,動詞,よす,1
5. Catcher In The Spy,動詞,奏でる,2
5. Catcher In The Spy,動詞,信じる,1
5. Catcher In The Spy,動詞,被る,1
5. Catcher In The Spy,動詞,足りる,1
5. Catcher In The Spy,動詞,散る,2
5. Catcher In The Spy,動詞,楽しむ,1
5. Catcher In The Spy,動詞,集める,1
5. Catcher In The Spy,動詞,咲く,1
5. Catcher In The Spy,動詞,ひる,2
5. Catcher In The Spy,動詞,違う,3
5. Catcher In The Spy,動詞,暮れる,1
5. Catcher In The Spy,動詞,落ちる,1
5. Catcher In The Spy,動詞,刺せる,1
5. Catcher In The Spy,動詞,懲りる,1
5. Catcher In The Spy,動詞,隠す,1
5. Catcher In The Spy,動詞,向く,1
5. Catcher In The Spy,動詞,張り付く,1
5. Catcher In The Spy,動詞,書く,1
5. Catcher In The Spy,動詞,並べる,1
5. Catcher In The Spy,動詞,取る,1
5. Catcher In The Spy,動詞,疼く,1
5. Catcher In The Spy,動詞,笑う,3
5. Catcher In The Spy,動詞,壊す,2
5. Catcher In The Spy,動詞,ほっとく,1
5. Catcher In The Spy,動詞,返せる,1
5. Catcher In The Spy,動詞,錆びる,1
5. Catcher In The Spy,動詞,おく,1
5. Catcher In The Spy,動詞,逸らす,1
5. Catcher In The Spy,動詞,がる,1
5. Catcher In The Spy,動詞,づける,1
5. Catcher In The Spy,動詞,くわえる,1
5. Catcher In The Spy,動詞,いける,1
5. Catcher In The Spy,動詞,ふざける,1
5. Catcher In The Spy,動詞,ちまう,1
5. Catcher In The Spy,動詞,かける,2
5. Catcher In The Spy,動詞,怒る,1
5. Catcher In The Spy,動詞,舞う,2
5. Catcher In The Spy,動詞,開く,1
5. Catcher In The Spy,動詞,くじける,1
5. Catcher In The Spy,動詞,感じる,1
5. Catcher In The Spy,動詞,包み込む,1
5. Catcher In The Spy,動詞,歩く,2
5. Catcher In The Spy,動詞,もうす,1
5. Catcher In The Spy,動詞,背負う,1
5. Catcher In The Spy,動詞,伝える,1
5. Catcher In The Spy,動詞,溜め込む,1
5. Catcher In The Spy,動詞,伝わる,1
5. Catcher In The Spy,動詞,あずける,1
5. Catcher In The Spy,動詞,話す,1
5. Catcher In The Spy,動詞,届ける,1
5. Catcher In The Spy,動詞,通る,1
5. Catcher In The Spy,動詞,なくなる,1
5. Catcher In The Spy,動詞,ばれる,1
5. Catcher In The Spy,動詞,見る,3
5. Catcher In The Spy,動詞,選び出す,1
5. Catcher In The Spy,動詞,残す,1
5. Catcher In The Spy,動詞,見つめる,1
5. Catcher In The Spy,動詞,受け取る,1
5. Catcher In The Spy,動詞,似る,1
5. Catcher In The Spy,動詞,流す,1
5. Catcher In The Spy,動詞,浮かぶ,2
5. Catcher In The Spy,動詞,出せる,1
5. Catcher In The Spy,動詞,あげる,1
5. Catcher In The Spy,動詞,吐く,1
5. Catcher In The Spy,動詞,持ち帰る,1
5. Catcher In The Spy,動詞,送る,1
5. Catcher In The Spy,動詞,悩む,2
5. Catcher In The Spy,動詞,撒く,1
5. Catcher In The Spy,動詞,問い合わせる,1
5. Catcher In The Spy,動詞,思い立つ,1
5. Catcher In The Spy,動詞,壊れる,1
5. Catcher In The Spy,動詞,ぶつかる,1
5. Catcher In The Spy,動詞,履く,1
5. Catcher In The Spy,動詞,蹴っ飛ばす,1
5. Catcher In The Spy,動詞,旅立つ,1
5. Catcher In The Spy,動詞,ずれる,1
5. Catcher In The Spy,動詞,逆らえる,1
5. Catcher In The Spy,動詞,開き直る,1
5. Catcher In The Spy,動詞,潰す,1
5. Catcher In The Spy,動詞,曲げる,1
5. Catcher In The Spy,動詞,乱す,1
5. Catcher In The Spy,動詞,捻じる,1
5. Catcher In The Spy,動詞,憧れる,2
5. Catcher In The Spy,動詞,繰り広げる,1
5. Catcher In The Spy,動詞,乗れる,1
5. Catcher In The Spy,動詞,かむ,1
5. Catcher In The Spy,動詞,守れる,1
5. Catcher In The Spy,動詞,逃げる,1
5. Catcher In The Spy,動詞,わく,1
5. Catcher In The Spy,動詞,続く,2
5. Catcher In The Spy,動詞,入り乱れる,1
5. Catcher In The Spy,動詞,歌える,1
5. Catcher In The Spy,動詞,洗える,1
5. Catcher In The Spy,動詞,流行る,1
5. Catcher In The Spy,動詞,留める,1
5. Catcher In The Spy,動詞,つぶやく,1
5. Catcher In The Spy,動詞,考える,1
5. Catcher In The Spy,動詞,消える,1
5. Catcher In The Spy,動詞,つながる,1
5. Catcher In The Spy,動詞,映る,1
5. Catcher In The Spy,動詞,出会う,1
5. Catcher In The Spy,動詞,走る,1
5. Catcher In The Spy,動詞,開け放す,1
5. Catcher In The Spy,動詞,当てはまる,1
5. Catcher In The Spy,動詞,落とす,1
5. Catcher In The Spy,動詞,昇る,1
5. Catcher In The Spy,動詞,聞こえる,1
5. Catcher In The Spy,動詞,変わる,1
5. Catcher In The Spy,動詞,こぼれる,1
5. Catcher In The Spy,動詞,ふう,1
5. Catcher In The Spy,動詞,連なる,1
5. Catcher In The Spy,動詞,導く,1
5. Catcher In The Spy,動詞,流れる,2
5. Catcher In The Spy,動詞,近づく,1
5. Catcher In The Spy,動詞,刻む,1
5. Catcher In The Spy,動詞,想う,1
5. Catcher In The Spy,動詞,痛める,1
5. Catcher In The Spy,動詞,架かる,1
5. Catcher In The Spy,動詞,出る,1
5. Catcher In The Spy,動詞,乗せる,1
5. Catcher In The Spy,動詞,笑わせる,1
5. Catcher In The Spy,動詞,満たす,1
5. Catcher In The Spy,動詞,続ける,1
5. Catcher In The Spy,動詞,繋ぐ,1
5. Catcher In The Spy,動詞,縛る,1
5. Catcher In The Spy,動詞,気取る,1
5. Catcher In The Spy,動詞,離れる,1
5. Catcher In The Spy,動詞,追いかける,1
5. Catcher In The Spy,動詞,色あせる,1
5. Catcher In The Spy,動詞,死ぬ,1
5. Catcher In The Spy,動詞,待つ,1
5. Catcher In The Spy,動詞,愛す,1
5. Catcher In The Spy,動詞,包む,1
5. Catcher In The Spy,動詞,描く,1
5. Catcher In The Spy,動詞,立てる,1
5. Catcher In The Spy,動詞,飾る,1
5. Catcher In The Spy,動詞,崩れる,1
5. Catcher In The Spy,動詞,起こる,1
5. Catcher In The Spy,動詞,めす,1
5. Catcher In The Spy,動詞,重ねる,1
5. Catcher In The Spy,動詞,あそぶ,1
5. Catcher In The Spy,動詞,殺す,1
5. Catcher In The Spy,動詞,任せる,1
5. Catcher In The Spy,動詞,数える,1
5. Catcher In The Spy,動詞,巻く,1
5. Catcher In The Spy,動詞,なめる,1
5. Catcher In The Spy,動詞,投げつける,1
5. Catcher In The Spy,動詞,なれる,1
5. Catcher In The Spy,動詞,起きる,1
5. Catcher In The Spy,動詞,騙す,1
5. Catcher In The Spy,動詞,やり過ごせる,1
5. Catcher In The Spy,動詞,否める,1
5. Catcher In The Spy,動詞,そぐう,1
5. Catcher In The Spy,動詞,転がす,1
5. Catcher In The Spy,副詞,キラリ,1
5. Catcher In The Spy,副詞,少々,1
5. Catcher In The Spy,副詞,そう,5
5. Catcher In The Spy,副詞,決して,1
5. Catcher In The Spy,副詞,もう,4
5. Catcher In The Spy,副詞,やっぱり,1
5. Catcher In The Spy,副詞,チカチカ,1
5. Catcher In The Spy,副詞,至って,1
5. Catcher In The Spy,副詞,本当に,1
5. Catcher In The Spy,副詞,せいぜい,1
5. Catcher In The Spy,副詞,どうも,3
5. Catcher In The Spy,副詞,ぺこぺこ,1
5. Catcher In The Spy,副詞,まだ,3
5. Catcher In The Spy,副詞,早,1
5. Catcher In The Spy,副詞,相変わらず,1
5. Catcher In The Spy,副詞,また,2
5. Catcher In The Spy,副詞,せめて,1
5. Catcher In The Spy,副詞,どうせ,1
5. Catcher In The Spy,副詞,ぐちゃぐちゃ,1
5. Catcher In The Spy,副詞,とうに,1
5. Catcher In The Spy,副詞,依然,2
5. Catcher In The Spy,副詞,精一杯,1
5. Catcher In The Spy,副詞,なんて,1
5. Catcher In The Spy,副詞,終ぞ,1
5. Catcher In The Spy,副詞,いい加減,1
5. Catcher In The Spy,副詞,終始,1
5. Catcher In The Spy,副詞,並べて,1
5. Catcher In The Spy,副詞,少し,2
5. Catcher In The Spy,副詞,じゃーん,1
5. Catcher In The Spy,副詞,ちらり,1
5. Catcher In The Spy,副詞,だーだー,1
5. Catcher In The Spy,副詞,何故,1
5. Catcher In The Spy,副詞,とりあえず,2
5. Catcher In The Spy,副詞,がっかり,1
5. Catcher In The Spy,副詞,ちょっと,1
5. Catcher In The Spy,副詞,ちらほら,1
5. Catcher In The Spy,副詞,千万,1
5. Catcher In The Spy,副詞,もっと,1
5. Catcher In The Spy,副詞,ひらりひらり,1
5. Catcher In The Spy,副詞,なんだか,1
5. Catcher In The Spy,副詞,本当は,1
5. Catcher In The Spy,副詞,心から,1
5. Catcher In The Spy,副詞,段々,1
5. Catcher In The Spy,副詞,時々,1
5. Catcher In The Spy,副詞,きっと,1
5. Catcher In The Spy,副詞,できるだけ,1
5. Catcher In The Spy,副詞,どう,2
5. Catcher In The Spy,副詞,いざ,1
5. Catcher In The Spy,副詞,はて,1
5. Catcher In The Spy,副詞,もしかして,1
5. Catcher In The Spy,副詞,ふらっと,1
5. Catcher In The Spy,副詞,ずっと,3
5. Catcher In The Spy,副詞,未だ,1
5. Catcher In The Spy,副詞,まにまに,1
5. Catcher In The Spy,副詞,既に,1
5. Catcher In The Spy,副詞,こぞって,1
5. Catcher In The Spy,副詞,そっと,2
5. Catcher In The Spy,副詞,ふわり,1
5. Catcher In The Spy,副詞,何とか,1
5. Catcher In The Spy,副詞,そんなに,1
5. Catcher In The Spy,副詞,多分,1
5. Catcher In The Spy,副詞,余り,1
5. Catcher In The Spy,副詞,ちらちら,1
5. Catcher In The Spy,副詞,軽々,1
5. Catcher In The Spy,副詞,挙げて,1
5. Catcher In The Spy,形容詞,無い,2
5. Catcher In The Spy,形容詞,楽しい,1
5. Catcher In The Spy,形容詞,よい,2
5. Catcher In The Spy,形容詞,忙しい,1
5. Catcher In The Spy,形容詞,欲しい,2
5. Catcher In The Spy,形容詞,速い,3
5. Catcher In The Spy,形容詞,辛い,1
5. Catcher In The Spy,形容詞,暗い,1
5. Catcher In The Spy,形容詞,少ない,1
5. Catcher In The Spy,形容詞,苦しい,1
5. Catcher In The Spy,形容詞,多い,1
5. Catcher In The Spy,形容詞,悪い,1
5. Catcher In The Spy,形容詞,心無い,1
5. Catcher In The Spy,形容詞,狭い,1
5. Catcher In The Spy,形容詞,広い,1
5. Catcher In The Spy,形容詞,痛い,1
5. Catcher In The Spy,形容詞,淋しい,1
5. Catcher In The Spy,形容詞,遠い,2
5. Catcher In The Spy,形容詞,強い,1
5. Catcher In The Spy,形容詞,大きい,1
5. Catcher In The Spy,形容詞,弱い,1
5. Catcher In The Spy,形容詞,暖かい,1
5. Catcher In The Spy,形容詞,優しい,2
5. Catcher In The Spy,形容詞,逞しい,1
5. Catcher In The Spy,形容詞,面倒くさい,1
5. Catcher In The Spy,形容詞,軽い,1
5. Catcher In The Spy,形容詞,そぐわない,1
5. Catcher In The Spy,形容詞,かぐわしい,1
5. Catcher In The Spy,形容詞,やばい,1
5. Catcher In The Spy,形容詞,恭しい,1
5. Catcher In The Spy,形容詞,寂しい,1
5. Catcher In The Spy,形容詞,気安い,1
5. Catcher In The Spy,形容詞,怖い,1
5. Catcher In The Spy,形容詞,虚しい,1
5. Catcher In The Spy,形容詞,白い,1
5. Catcher In The Spy,接続詞,じゃあ,1
5. Catcher In The Spy,接続詞,それでも,2
5. Catcher In The Spy,接続詞,で,1
5. Catcher In The Spy,接続詞,ないし,2
5. Catcher In The Spy,接続詞,だから,4
5. Catcher In The Spy,接続詞,また,5
5. Catcher In The Spy,接続詞,だけど,2
5. Catcher In The Spy,接続詞,尚,1
5. Catcher In The Spy,接続詞,だって,1
5. Catcher In The Spy,接続詞,追って,1
5. Catcher In The Spy,接続詞,ただ,3
5. Catcher In The Spy,接続詞,でも,1
5. Catcher In The Spy,接続詞,さて,1
5. Catcher In The Spy,接続詞,けど,1
5. Catcher In The Spy,連体詞,その,5
5. Catcher In The Spy,連体詞,この,5
5. Catcher In The Spy,連体詞,ある,2
5. Catcher In The Spy,連体詞,どんな,2
5. Catcher In The Spy,連体詞,こんな,3
5. Catcher In The Spy,連体詞,あの,1
5. Catcher In The Spy,連体詞,素知らぬ,1
5. Catcher In The Spy,連体詞,そんな,1
6. Dr Izzy,名詞,論理,1
6. Dr Izzy,名詞,人類,2
6. Dr Izzy,名詞,しょうが,1
6. Dr Izzy,名詞,約束,2
6. Dr Izzy,名詞,コール,1
6. Dr Izzy,名詞,興味本位,1
6. Dr Izzy,名詞,喧嘩,1
6. Dr Izzy,名詞,エマージェンシー,1
6. Dr Izzy,名詞,おかげ,1
6. Dr Izzy,名詞,意味,4
6. Dr Izzy,名詞,暮らし,1
6. Dr Izzy,名詞,自適,1
6. Dr Izzy,名詞,迷子,1
6. Dr Izzy,名詞,僕,6
6. Dr Izzy,名詞,達,2
6. Dr Izzy,名詞,宇宙遊泳,1
6. Dr Izzy,名詞,危険信号,1
6. Dr Izzy,名詞,目,7
6. Dr Izzy,名詞,永遠,1
6. Dr Izzy,名詞,研究所,1
6. Dr Izzy,名詞,移動,1
6. Dr Izzy,名詞,余計,1
6. Dr Izzy,名詞,回路,2
6. Dr Izzy,名詞,みんな,1
6. Dr Izzy,名詞,演算,1
6. Dr Izzy,名詞,症,3
6. Dr Izzy,名詞,矛盾,1
6. Dr Izzy,名詞,群れ,1
6. Dr Izzy,名詞,多数,1
6. Dr Izzy,名詞,奇異,1
6. Dr Izzy,名詞,ミステリアス,1
6. Dr Izzy,名詞,被害者,1
6. Dr Izzy,名詞,地球,2
6. Dr Izzy,名詞,団結,1
6. Dr Izzy,名詞,厚化粧,1
6. Dr Izzy,名詞,感情,2
6. Dr Izzy,名詞,頭,3
6. Dr Izzy,名詞,癖,1
6. Dr Izzy,名詞,孤独,1
6. Dr Izzy,名詞,now,1
6. Dr Izzy,名詞,知的生命体,1
6. Dr Izzy,名詞,ゲーム,1
6. Dr Izzy,名詞,さん,2
6. Dr Izzy,名詞,間,1
6. Dr Izzy,名詞,覚悟,2
6. Dr Izzy,名詞,侵略,1
6. Dr Izzy,名詞,戦艦,1
6. Dr Izzy,名詞,見物,1
6. Dr Izzy,名詞,森,1
6. Dr Izzy,名詞,捕獲,1
6. Dr Izzy,名詞,加害者,1
6. Dr Izzy,名詞,phase,1
6. Dr Izzy,名詞,悠々,1
6. Dr Izzy,名詞,ナイフ,1
6. Dr Izzy,名詞,Alien,1
6. Dr Izzy,名詞,気まま,1
6. Dr Izzy,名詞,en,1
6. Dr Izzy,名詞,遭難,1
6. Dr Izzy,名詞,小手調べ,1
6. Dr Izzy,名詞,Ali,1
6. Dr Izzy,名詞,いね,1
6. Dr Izzy,名詞,報道陣,1
6. Dr Izzy,名詞,捏造,1
6. Dr Izzy,名詞,歩,1
6. Dr Izzy,名詞,後悔,2
6. Dr Izzy,名詞,still,1
6. Dr Izzy,名詞,興味,1
6. Dr Izzy,名詞,12時,1
6. Dr Izzy,名詞,you,1
6. Dr Izzy,名詞,一見,1
6. Dr Izzy,名詞,邪魔,3
6. Dr Izzy,名詞,年,3
6. Dr Izzy,名詞,明日,2
6. Dr Izzy,名詞,ままごと,1
6. Dr Izzy,名詞,It,1
6. Dr Izzy,名詞,不思議,2
6. Dr Izzy,名詞,生意気,1
6. Dr Izzy,名詞,an,1
6. Dr Izzy,名詞,思い,1
6. Dr Izzy,名詞,see,2
6. Dr Izzy,名詞,別物,1
6. Dr Izzy,名詞,洗いざらい,1
6. Dr Izzy,名詞,リズム,2
6. Dr Izzy,名詞,question?,1
6. Dr Izzy,名詞,希望,1
6. Dr Izzy,名詞,魔法,1
6. Dr Izzy,名詞,花,1
6. Dr Izzy,名詞,丁寧,1
6. Dr Izzy,名詞,next,1
6. Dr Izzy,名詞,m,1
6. Dr Izzy,名詞,ちゃち,1
6. Dr Izzy,名詞,アンドゥトロワ,1
6. Dr Izzy,名詞,of,1
6. Dr Izzy,名詞,半人前,1
6. Dr Izzy,名詞,悲しみ,1
6. Dr Izzy,名詞,右往左往,1
6. Dr Izzy,名詞,毎日,1
6. Dr Izzy,名詞,一瞬,1
6. Dr Izzy,名詞,心,3
6. Dr Izzy,名詞,お気に入り,1
6. Dr Izzy,名詞,不安,1
6. Dr Izzy,名詞,私情,1
6. Dr Izzy,名詞,スイッチ,1
6. Dr Izzy,名詞,期待,2
6. Dr Izzy,名詞,explosion,1
6. Dr Izzy,名詞,規模,1
6. Dr Izzy,名詞,昨日,1
6. Dr Izzy,名詞,冷遇,1
6. Dr Izzy,名詞,Last,1
6. Dr Izzy,名詞,短絡,1
6. Dr Izzy,名詞,奥,1
6. Dr Izzy,名詞,サイコロ,1
6. Dr Izzy,名詞,I,5
6. Dr Izzy,名詞,問答,1
6. Dr Izzy,名詞,予報,1
6. Dr Izzy,名詞,heart,1
6. Dr Izzy,名詞,ミックスジュース,1
6. Dr Izzy,名詞,暇つぶし,1
6. Dr Izzy,名詞,机,1
6. Dr Izzy,名詞,illusion,1
6. Dr Izzy,名詞,スケール,1
6. Dr Izzy,名詞,しがらみ,1
6. Dr Izzy,名詞,目先,1
6. Dr Izzy,名詞,s,2
6. Dr Izzy,名詞,my,1
6. Dr Izzy,名詞,常識,2
6. Dr Izzy,名詞,はず,4
6. Dr Izzy,名詞,session,1
6. Dr Izzy,名詞,一聴,1
6. Dr Izzy,名詞,通り,1
6. Dr Izzy,名詞,一着,1
6. Dr Izzy,名詞,sorry,1
6. Dr Izzy,名詞,い,1
6. Dr Izzy,名詞,時代,1
6. Dr Izzy,名詞,味,2
6. Dr Izzy,名詞,贅沢,1
6. Dr Izzy,名詞,ジューサー,1
6. Dr Izzy,名詞,造作もない,1
6. Dr Izzy,名詞,理想,1
6. Dr Izzy,名詞,エゴイズム,1
6. Dr Izzy,名詞,全世界,1
6. Dr Izzy,名詞,in,1
6. Dr Izzy,名詞,今日,3
6. Dr Izzy,名詞,Like,1
6. Dr Izzy,名詞,道理,1
6. Dr Izzy,名詞,次,2
6. Dr Izzy,名詞,ハンプティダンプティ,1
6. Dr Izzy,名詞,にわか雨,1
6. Dr Izzy,名詞,国,1
6. Dr Izzy,名詞,お水,1
6. Dr Izzy,名詞,栞,1
6. Dr Izzy,名詞,理性,1
6. Dr Izzy,名詞,End,1
6. Dr Izzy,名詞,mission,1
6. Dr Izzy,名詞,萌芽,1
6. Dr Izzy,名詞,trust,1
6. Dr Izzy,名詞,荷物,1
6. Dr Izzy,名詞,一,2
6. Dr Izzy,名詞,様々,1
6. Dr Izzy,名詞,ボリューム,1
6. Dr Izzy,名詞,ドレミ,1
6. Dr Izzy,名詞,こちら,2
6. Dr Izzy,名詞,マスク,1
6. Dr Izzy,名詞,チェック,1
6. Dr Izzy,名詞,謝礼,1
6. Dr Izzy,名詞,ハニホ,1
6. Dr Izzy,名詞,プリーズ,1
6. Dr Izzy,名詞,轟,1
6. Dr Izzy,名詞,やつ,4
6. Dr Izzy,名詞,現ナマ,1
6. Dr Izzy,名詞,支払い,1
6. Dr Izzy,名詞,パンピー・ゴータク・シッタガルタ,1
6. Dr Izzy,名詞,程,1
6. Dr Izzy,名詞,カード,1
6. Dr Izzy,名詞,Ciao,1
6. Dr Izzy,名詞,adios,1
6. Dr Izzy,名詞,言語,1
6. Dr Izzy,名詞,君,7
6. Dr Izzy,名詞,敵,2
6. Dr Izzy,名詞,午前3時,1
6. Dr Izzy,名詞,美人,1
6. Dr Izzy,名詞,sincerely,1
6. Dr Izzy,名詞,処刑,1
6. Dr Izzy,名詞,譲渡,1
6. Dr Izzy,名詞,ジェントルシャレード,1
6. Dr Izzy,名詞,除外,1
6. Dr Izzy,名詞,yours,1
6. Dr Izzy,名詞,勘違い,1
6. Dr Izzy,名詞,全部,2
6. Dr Izzy,名詞,出来レース,1
6. Dr Izzy,名詞,エンドロール,1
6. Dr Izzy,名詞,シンドローム,1
6. Dr Izzy,名詞,如雨露,1
6. Dr Izzy,名詞,嫌い,1
6. Dr Izzy,名詞,記載,1
6. Dr Izzy,名詞,継続,1
6. Dr Izzy,名詞,呆然,1
6. Dr Izzy,名詞,エルサレム,1
6. Dr Izzy,名詞,酸素,1
6. Dr Izzy,名詞,非難,1
6. Dr Izzy,名詞,パレード,1
6. Dr Izzy,名詞,胸騒ぎ,2
6. Dr Izzy,名詞,Hey,2
6. Dr Izzy,名詞,とはいえ,1
6. Dr Izzy,名詞,洒落,1
6. Dr Izzy,名詞,図,1
6. Dr Izzy,名詞,きっと,1
6. Dr Izzy,名詞,記憶,1
6. Dr Izzy,名詞,show time,1
6. Dr Izzy,名詞,容易,1
6. Dr Izzy,名詞,台風,1
6. Dr Izzy,名詞,格別,1
6. Dr Izzy,名詞,交差点,1
6. Dr Izzy,名詞,誰か,2
6. Dr Izzy,名詞,必要,1
6. Dr Izzy,名詞,chorus,1
6. Dr Izzy,名詞,関係,1
6. Dr Izzy,名詞,街,2
6. Dr Izzy,名詞,気,3
6. Dr Izzy,名詞,オンステージ,1
6. Dr Izzy,名詞,徹底的,1
6. Dr Izzy,名詞,3分,1
6. Dr Izzy,名詞,論,1
6. Dr Izzy,名詞,two,1
6. Dr Izzy,名詞,満足,1
6. Dr Izzy,名詞,世界,3
6. Dr Izzy,名詞,Tick,1
6. Dr Izzy,名詞,tick,1
6. Dr Izzy,名詞,ムカ,1
6. Dr Izzy,名詞,絆,2
6. Dr Izzy,名詞,断続,1
6. Dr Izzy,名詞,section,1
6. Dr Izzy,名詞,道,1
6. Dr Izzy,名詞,muddy,1
6. Dr Izzy,名詞,来世,1
6. Dr Izzy,名詞,Nonstop,1
6. Dr Izzy,名詞,音,1
6. Dr Izzy,名詞,デリバリー,1
6. Dr Izzy,名詞,喜び,1
6. Dr Izzy,名詞,ハロー,1
6. Dr Izzy,名詞,待望,1
6. Dr Izzy,名詞,鼓動,2
6. Dr Izzy,名詞,史上最高,1
6. Dr Izzy,名詞,航空,1
6. Dr Izzy,名詞,時間,2
6. Dr Izzy,名詞,最上級,1
6. Dr Izzy,名詞,on,2
6. Dr Izzy,名詞,oh,1
6. Dr Izzy,名詞,羽,1
6. Dr Izzy,名詞,上品,1
6. Dr Izzy,名詞,road,1
6. Dr Izzy,名詞,共犯,1
6. Dr Izzy,名詞,様,3
6. Dr Izzy,名詞,attract,1
6. Dr Izzy,名詞,心臓,1
6. Dr Izzy,名詞,Freaky,1
6. Dr Izzy,名詞,存分,1
6. Dr Izzy,名詞,3秒,1
6. Dr Izzy,名詞,片道切符,1
6. Dr Izzy,名詞,Keep,1
6. Dr Izzy,名詞,5分,1
6. Dr Izzy,名詞,No.6,1
6. Dr Izzy,名詞,おいで,1
6. Dr Izzy,名詞,狂乱,1
6. Dr Izzy,名詞,守りたいもの,1
6. Dr Izzy,名詞,辺,1
6. Dr Izzy,名詞,ゲリラ,1
6. Dr Izzy,名詞,ビター,1
6. Dr Izzy,名詞,合理主義,1
6. Dr Izzy,名詞,エトセトラ,1
6. Dr Izzy,名詞,ステップ,1
6. Dr Izzy,名詞,コントラスト,1
6. Dr Izzy,名詞,feel,1
6. Dr Izzy,名詞,等速,1
6. Dr Izzy,名詞,こっちを向いてよ,1
6. Dr Izzy,名詞,世界中,1
6. Dr Izzy,名詞,リフレクション,1
6. Dr Izzy,名詞,平和,1
6. Dr Izzy,名詞,ビターステップ,1
6. Dr Izzy,名詞,狂騒,1
6. Dr Izzy,名詞,ソング,1
6. Dr Izzy,名詞,幸せ,2
6. Dr Izzy,名詞,脳内,1
6. Dr Izzy,名詞,平等,1
6. Dr Izzy,名詞,稚拙,1
6. Dr Izzy,名詞,歌,1
6. Dr Izzy,名詞,言葉,5
6. Dr Izzy,名詞,夜,1
6. Dr Izzy,名詞,song,1
6. Dr Izzy,名詞,パーティ,1
6. Dr Izzy,名詞,人だかり,1
6. Dr Izzy,名詞,一難,1
6. Dr Izzy,名詞,ママレード,1
6. Dr Izzy,名詞,大嫌い,1
6. Dr Izzy,名詞,人形,1
6. Dr Izzy,名詞,Rambling,1
6. Dr Izzy,名詞,天変地異,1
6. Dr Izzy,名詞,ピーナッツ,1
6. Dr Izzy,名詞,ing,1
6. Dr Izzy,名詞,天気予報,1
6. Dr Izzy,名詞,正論,1
6. Dr Izzy,名詞,性,3
6. Dr Izzy,名詞,理由,1
6. Dr Izzy,名詞,Someday,1
6. Dr Izzy,名詞,五線譜,1
6. Dr Izzy,名詞,step,1
6. Dr Izzy,名詞,そこ,1
6. Dr Izzy,名詞,道具,1
6. Dr Izzy,名詞,人,2
6. Dr Izzy,名詞,Goes,1
6. Dr Izzy,名詞,宵,1
6. Dr Izzy,名詞,Feel,1
6. Dr Izzy,名詞,距離,3
6. Dr Izzy,名詞,上,3
6. Dr Izzy,名詞,蓋然性,1
6. Dr Izzy,名詞,シュガー,1
6. Dr Izzy,名詞,何,4
6. Dr Izzy,名詞,息,1
6. Dr Izzy,名詞,QED,1
6. Dr Izzy,名詞,証明,1
6. Dr Izzy,名詞,coaster,1
6. Dr Izzy,名詞,僕らの音楽,1
6. Dr Izzy,名詞,背,1
6. Dr Izzy,名詞,北北東,1
6. Dr Izzy,名詞,南南西,1
6. Dr Izzy,名詞,その後,1
6. Dr Izzy,名詞,後方,1
6. Dr Izzy,名詞,大好き,1
6. Dr Izzy,名詞,連鎖,1
6. Dr Izzy,名詞,シュガーソングピーナッツ,1
6. Dr Izzy,名詞,概念,1
6. Dr Izzy,名詞,Wow,1
6. Dr Izzy,名詞,アップデート,1
6. Dr Izzy,名詞,最高,1
6. Dr Izzy,名詞,リフレクト,1
6. Dr Izzy,名詞,一興,1
6. Dr Izzy,名詞,僕たち,1
6. Dr Izzy,名詞,日常,1
6. Dr Izzy,名詞,原理主義,1
6. Dr Izzy,名詞,祭囃子,1
6. Dr Izzy,名詞,寄る辺,2
6. Dr Izzy,名詞,モノクロ,2
6. Dr Izzy,名詞,独り,3
6. Dr Izzy,名詞,展望,2
6. Dr Izzy,名詞,診断,2
6. Dr Izzy,名詞,真相究明,2
6. Dr Izzy,名詞,成長,2
6. Dr Izzy,名詞,darling,2
6. Dr Izzy,名詞,自在,2
6. Dr Izzy,名詞,相貌,2
6. Dr Izzy,名詞,首謀,2
6. Dr Izzy,名詞,中,3
6. Dr Izzy,名詞,的,2
6. Dr Izzy,名詞,無謀,2
6. Dr Izzy,名詞,緊急事態,2
6. Dr Izzy,名詞,順調,2
6. Dr Izzy,名詞,問題,2
6. Dr Izzy,名詞,少数派,2
6. Dr Izzy,名詞,十中,2
6. Dr Izzy,名詞,カラフル,2
6. Dr Izzy,名詞,考案,2
6. Dr Izzy,名詞,小数,2
6. Dr Izzy,名詞,連中,2
6. Dr Izzy,名詞,20発,2
6. Dr Izzy,名詞,カウンセリング,2
6. Dr Izzy,名詞,敬虔,2
6. Dr Izzy,名詞,兆候,2
6. Dr Izzy,名詞,進行,2
6. Dr Izzy,名詞,静養,2
6. Dr Izzy,名詞,一二,2
6. Dr Izzy,名詞,自浄,2
6. Dr Izzy,名詞,コードネーム,2
6. Dr Izzy,名詞,夢の中,2
6. Dr Izzy,名詞,めいた,2
6. Dr Izzy,名詞,嘘,3
6. Dr Izzy,名詞,深層心理,2
6. Dr Izzy,名詞,即効,2
6. Dr Izzy,名詞,のっぺらぼう,2
6. Dr Izzy,名詞,不発,2
6. Dr Izzy,名詞,事件,2
6. Dr Izzy,名詞,参謀,2
6. Dr Izzy,名詞,随時,2
6. Dr Izzy,名詞,平穏,2
6. Dr Izzy,名詞,異端,2
6. Dr Izzy,名詞,血気,2
6. Dr Izzy,名詞,相当,2
6. Dr Izzy,名詞,ショート,2
6. Dr Izzy,名詞,局所麻酔,2
6. Dr Izzy,名詞,say,2
6. Dr Izzy,名詞,タイトロープ,2
6. Dr Izzy,名詞,5時間,2
6. Dr Izzy,名詞,がらんどう,2
6. Dr Izzy,名詞,永劫,2
6. Dr Izzy,名詞,I miss you,2
6. Dr Izzy,名詞,罪悪感,2
6. Dr Izzy,名詞,連帯感,2
6. Dr Izzy,名詞,過去,3
6. Dr Izzy,名詞,名,2
6. Dr Izzy,名詞,う後,2
6. Dr Izzy,名詞,システマティック,2
6. Dr Izzy,名詞,施策,2
6. Dr Izzy,名詞,ヵ年,2
6. Dr Izzy,名詞,熱暴走,2
6. Dr Izzy,名詞,量産,2
6. Dr Izzy,名詞,ガイドブック,2
6. Dr Izzy,名詞,琴線,2
6. Dr Izzy,名詞,NO,2
6. Dr Izzy,名詞,無情,2
6. Dr Izzy,名詞,正解,3
6. Dr Izzy,名詞,賛辞,2
6. Dr Izzy,名詞,love you,2
6. Dr Izzy,名詞,見込み,2
6. Dr Izzy,名詞,委細,2
6. Dr Izzy,名詞,損,2
6. Dr Izzy,名詞,5,2
6. Dr Izzy,名詞,10,2
6. Dr Izzy,名詞,背中,2
6. Dr Izzy,名詞,ホープ,2
6. Dr Izzy,名詞,ニセモノ,2
6. Dr Izzy,名詞,痴呆症,2
6. Dr Izzy,名詞,信念,2
6. Dr Izzy,名詞,視,2
6. Dr Izzy,名詞,空,3
6. Dr Izzy,名詞,火,2
6. Dr Izzy,名詞,感,2
6. Dr Izzy,名詞,声,4
6. Dr Izzy,名詞,白い,2
6. Dr Izzy,名詞,被疑,2
6. Dr Izzy,名詞,確率,2
6. Dr Izzy,名詞,ICU,2
6. Dr Izzy,名詞,ホンモノ,2
6. Dr Izzy,名詞,刺激的,1
6. Dr Izzy,名詞,fine,1
6. Dr Izzy,名詞,プリンセス,1
6. Dr Izzy,名詞,坊っちゃん,1
6. Dr Izzy,名詞,急,1
6. Dr Izzy,名詞,cool,1
6. Dr Izzy,名詞,Shut,1
6. Dr Izzy,名詞,物陰,1
6. Dr Izzy,名詞,ピンチ,1
6. Dr Izzy,名詞,絶え間,1
6. Dr Izzy,名詞,轟音,1
6. Dr Izzy,名詞,ライオン,1
6. Dr Izzy,名詞,ホント,1
6. Dr Izzy,名詞,遊び,1
6. Dr Izzy,名詞,情緒,1
6. Dr Izzy,名詞,悲劇,2
6. Dr Izzy,名詞,ゴング,1
6. Dr Izzy,名詞,グルーヴ,1
6. Dr Izzy,名詞,斎藤,1
6. Dr Izzy,名詞,オトバ,1
6. Dr Izzy,名詞,嬢,1
6. Dr Izzy,名詞,不調,1
6. Dr Izzy,名詞,くちづけ,1
6. Dr Izzy,名詞,エスケープ,1
6. Dr Izzy,名詞,cheeky,1
6. Dr Izzy,名詞,騒音,1
6. Dr Izzy,名詞,Hello,1
6. Dr Izzy,名詞,あんた,1
6. Dr Izzy,名詞,break,1
6. Dr Izzy,名詞,極上,1
6. Dr Izzy,名詞,peaky,1
6. Dr Izzy,名詞,解答,1
6. Dr Izzy,名詞,ちゃん,1
6. Dr Izzy,名詞,代わり,1
6. Dr Izzy,名詞,抜き打ち,1
6. Dr Izzy,名詞,日和,1
6. Dr Izzy,名詞,だらけ,1
6. Dr Izzy,名詞,クロスカウンター,1
6. Dr Izzy,名詞,前,2
6. Dr Izzy,名詞,ジャブ,1
6. Dr Izzy,名詞,乱打,1
6. Dr Izzy,名詞,マル,1
6. Dr Izzy,名詞,現代,1
6. Dr Izzy,名詞,サラマンダー,1
6. Dr Izzy,名詞,Choose me!,1
6. Dr Izzy,名詞,フック,1
6. Dr Izzy,名詞,クローバー,1
6. Dr Izzy,名詞,タイム,1
6. Dr Izzy,名詞,貯金,1
6. Dr Izzy,名詞,右,1
6. Dr Izzy,名詞,dead or alive,1
6. Dr Izzy,名詞,hit,1
6. Dr Izzy,名詞,制限,1
6. Dr Izzy,名詞,どっち,1
6. Dr Izzy,名詞,準備,1
6. Dr Izzy,名詞,陰鬱,1
6. Dr Izzy,名詞,瓦解,1
6. Dr Izzy,名詞,正義,2
6. Dr Izzy,名詞,time,1
6. Dr Izzy,名詞,御覧,1
6. Dr Izzy,名詞,怠惰,1
6. Dr Izzy,名詞,今夜,1
6. Dr Izzy,名詞,どちら,2
6. Dr Izzy,名詞,左,1
6. Dr Izzy,名詞,息継ぎ,1
6. Dr Izzy,名詞,油断,1
6. Dr Izzy,名詞,鳴り,1
6. Dr Izzy,名詞,シアワセ,1
6. Dr Izzy,名詞,ミュージシャン,1
6. Dr Izzy,名詞,to,1
6. Dr Izzy,名詞,そば,1
6. Dr Izzy,名詞,出来損ない,1
6. Dr Izzy,名詞,サラバ,1
6. Dr Izzy,名詞,都合,2
6. Dr Izzy,名詞,ハットハットハット,1
6. Dr Izzy,名詞,奇跡的,1
6. Dr Izzy,名詞,あと,1
6. Dr Izzy,名詞,漬け,1
6. Dr Izzy,名詞,穴,1
6. Dr Izzy,名詞,まんま,1
6. Dr Izzy,名詞,物,1
6. Dr Izzy,名詞,ペケ,1
6. Dr Izzy,名詞,本日,1
6. Dr Izzy,名詞,好き,1
6. Dr Izzy,名詞,怪奇,1
6. Dr Izzy,名詞,どこ,2
6. Dr Izzy,名詞,例,2
6. Dr Izzy,名詞,スウェート,1
6. Dr Izzy,名詞,心配,1
6. Dr Izzy,名詞,喜劇,1
6. Dr Izzy,名詞,スラップ,1
6. Dr Izzy,名詞,歓喜,1
6. Dr Izzy,名詞,察し,1
6. Dr Izzy,名詞,迷路,1
6. Dr Izzy,名詞,快楽,1
6. Dr Izzy,名詞,追試,1
6. Dr Izzy,名詞,パラダイス,1
6. Dr Izzy,名詞,up,1
6. Dr Izzy,名詞,pardon,1
6. Dr Izzy,名詞,オーバーワーク,1
6. Dr Izzy,名詞,zoo,1
6. Dr Izzy,名詞,快気,1
6. Dr Izzy,名詞,スペード,1
6. Dr Izzy,名詞,Oh,1
6. Dr Izzy,名詞,what,1
6. Dr Izzy,名詞,補習,1
6. Dr Izzy,名詞,エイドリアン,1
6. Dr Izzy,名詞,ちゃぶ台,1
6. Dr Izzy,名詞,現世,1
6. Dr Izzy,名詞,brake,1
6. Dr Izzy,名詞,最後,1
6. Dr Izzy,名詞,肩身,1
6. Dr Izzy,名詞,鬱憤,1
6. Dr Izzy,名詞,Take,1
6. Dr Izzy,名詞,及第点,1
6. Dr Izzy,名詞,チョークチョークチョークヤバ,1
6. Dr Izzy,名詞,いいじゃない,1
6. Dr Izzy,名詞,アツ,1
6. Dr Izzy,名詞,王国,1
6. Dr Izzy,名詞,お気持ち,1
6. Dr Izzy,名詞,ハジ,1
6. Dr Izzy,名詞,ダイヤ,1
6. Dr Izzy,名詞,me,1
6. Dr Izzy,名詞,ハート,2
6. Dr Izzy,名詞,サブドミナントセブンス,1
6. Dr Izzy,名詞,シュレーディンガー,1
6. Dr Izzy,名詞,1,2
6. Dr Izzy,名詞,チャラ,1
6. Dr Izzy,名詞,ラルラルラ,1
6. Dr Izzy,名詞,教え,1
6. Dr Izzy,名詞,オブジェクション,1
6. Dr Izzy,名詞,幅,1
6. Dr Izzy,名詞,伊達,1
6. Dr Izzy,名詞,台,1
6. Dr Izzy,名詞,童,1
6. Dr Izzy,名詞,フッダー,1
6. Dr Izzy,名詞,dice,1
6. Dr Izzy,名詞,身,1
6. Dr Izzy,名詞,ヘッダー,1
6. Dr Izzy,名詞,末,1
6. Dr Izzy,名詞,あぶく,1
6. Dr Izzy,名詞,肉,1
6. Dr Izzy,名詞,破竹,1
6. Dr Izzy,名詞,チャンプ,1
6. Dr Izzy,名詞,しゃべる,1
6. Dr Izzy,名詞,常世,1
6. Dr Izzy,名詞,あんまり,1
6. Dr Izzy,名詞,yeah,1
6. Dr Izzy,名詞,キラ,1
6. Dr Izzy,名詞,餓鬼,1
6. Dr Izzy,名詞,夢心地,1
6. Dr Izzy,名詞,クルセイダー,1
6. Dr Izzy,名詞,純粋,2
6. Dr Izzy,名詞,無敵,1
6. Dr Izzy,名詞,願わくば,1
6. Dr Izzy,名詞,湯,1
6. Dr Izzy,名詞,冗談,2
6. Dr Izzy,名詞,肩,1
6. Dr Izzy,名詞,辞書,1
6. Dr Izzy,名詞,罪,1
6. Dr Izzy,名詞,ビバノンノ,1
6. Dr Izzy,名詞,汚職,1
6. Dr Izzy,名詞,シチュー,1
6. Dr Izzy,名詞,花火,1
6. Dr Izzy,名詞,愛,1
6. Dr Izzy,名詞,合言葉,1
6. Dr Izzy,名詞,コード,1
6. Dr Izzy,名詞,骨,1
6. Dr Izzy,名詞,ハイドラ,1
6. Dr Izzy,名詞,罰,1
6. Dr Izzy,名詞,血,1
6. Dr Izzy,名詞,先人,1
6. Dr Izzy,名詞,度,1
6. Dr Izzy,名詞,100,1
6. Dr Izzy,名詞,業,1
6. Dr Izzy,名詞,楽園,1
6. Dr Izzy,名詞,道化,1
6. Dr Izzy,名詞,手術,1
6. Dr Izzy,名詞,パンドラ,1
6. Dr Izzy,名詞,Buster,1
6. Dr Izzy,名詞,アルハンハン,1
6. Dr Izzy,名詞,隠し味,1
6. Dr Izzy,名詞,インク,1
6. Dr Izzy,名詞,警報,1
6. Dr Izzy,名詞,いくつ,1
6. Dr Izzy,名詞,鼻,1
6. Dr Izzy,名詞,前提,1
6. Dr Izzy,名詞,転覆,1
6. Dr Izzy,名詞,トランク,1
6. Dr Izzy,名詞,謀,1
6. Dr Izzy,名詞,絶対,1
6. Dr Izzy,名詞,人生,1
6. Dr Izzy,名詞,騙し討,1
6. Dr Izzy,名詞,際,1
6. Dr Izzy,名詞,解釈,1
6. Dr Izzy,名詞,こだわり,1
6. Dr Izzy,名詞,main,1
6. Dr Izzy,名詞,道徳,1
6. Dr Izzy,名詞,犠牲,1
6. Dr Izzy,名詞,パンク,1
6. Dr Izzy,名詞,マジ,1
6. Dr Izzy,名詞,顔,1
6. Dr Izzy,名詞,alert,1
6. Dr Izzy,名詞,リミット,1
6. Dr Izzy,名詞,逆手,1
6. Dr Izzy,名詞,フリ,1
6. Dr Izzy,名詞,勉強,1
6. Dr Izzy,名詞,時計,1
6. Dr Izzy,名詞,大惨事,1
6. Dr Izzy,名詞,寸法,1
6. Dr Izzy,名詞,1分,1
6. Dr Izzy,名詞,不幸,1
6. Dr Izzy,名詞,デザート,1
6. Dr Izzy,名詞,解決,1
6. Dr Izzy,名詞,通奏低音,1
6. Dr Izzy,名詞,プライド,1
6. Dr Izzy,名詞,SOS,1
6. Dr Izzy,名詞,サドンデス,1
6. Dr Izzy,名詞,soul,1
6. Dr Izzy,名詞,宇宙,1
6. Dr Izzy,名詞,冷淡,1
6. Dr Izzy,名詞,哲学,1
6. Dr Izzy,名詞,シュレッド,1
6. Dr Izzy,名詞,静か,1
6. Dr Izzy,名詞,正直,1
6. Dr Izzy,名詞,解決策,1
6. Dr Izzy,名詞,戦争,1
6. Dr Izzy,名詞,生き方,1
6. Dr Izzy,名詞,誰,1
6. Dr Izzy,名詞,知,1
6. Dr Izzy,名詞,stop,1
6. Dr Izzy,名詞,限,1
6. Dr Izzy,名詞,雲,1
6. Dr Izzy,名詞,瞑想,1
6. Dr Izzy,名詞,どっか,1
6. Dr Izzy,名詞,難航,1
6. Dr Izzy,名詞,神経,1
6. Dr Izzy,名詞,り事,1
6. Dr Izzy,名詞,思考,1
6. Dr Izzy,名詞,同情,1
6. Dr Izzy,名詞,理屈,1
6. Dr Izzy,名詞,ここ,1
6. Dr Izzy,名詞,ランク,1
6. Dr Izzy,名詞,1秒,1
6. Dr Izzy,名詞,寸前,1
6. Dr Izzy,名詞,賽,1
6. Dr Izzy,名詞,事,2
6. Dr Izzy,名詞,ハレーション,1
6. Dr Izzy,名詞,容赦,1
6. Dr Izzy,名詞,仕事,1
6. Dr Izzy,名詞,引き換え,1
6. Dr Izzy,名詞,一挙手一投足,1
6. Dr Izzy,名詞,結末,1
6. Dr Izzy,名詞,迷走,1
6. Dr Izzy,名詞,異常,1
6. Dr Izzy,名詞,味方,1
6. Dr Izzy,名詞,そうだ,1
6. Dr Izzy,名詞,歯車,1
6. Dr Izzy,名詞,答え,1
6. Dr Izzy,名詞,想い,1
6. Dr Izzy,名詞,神様,1
6. Dr Izzy,名詞,私,1
6. Dr Izzy,名詞,隅,1
6. Dr Izzy,名詞,ページ,2
6. Dr Izzy,名詞,don,1
6. Dr Izzy,名詞,テキスト,1
6. Dr Izzy,名詞,うな,1
6. Dr Izzy,名詞,わがまま,1
6. Dr Izzy,名詞,別れ,1
6. Dr Izzy,名詞,隣,1
6. Dr Izzy,名詞,道のり,1
6. Dr Izzy,名詞,公式,1
6. Dr Izzy,名詞,お手本,1
6. Dr Izzy,名詞,ゼロ,1
6. Dr Izzy,名詞,めいっぱい,1
6. Dr Izzy,名詞,t,1
6. Dr Izzy,名詞,解き方,1
6. Dr Izzy,名詞,夏,1
6. Dr Izzy,名詞,飛行機雲,1
6. Dr Izzy,名詞,大事,2
6. Dr Izzy,名詞,後,1
6. Dr Izzy,名詞,平行,1
6. Dr Izzy,名詞,引力,1
6. Dr Izzy,名詞,形,1
6. Dr Izzy,名詞,ダメ,1
6. Dr Izzy,名詞,いじわる,1
6. Dr Izzy,名詞,せい,1
6. Dr Izzy,名詞,今,1
6. Dr Izzy,名詞,know,1
6. Dr Izzy,名詞,線,1
6. Dr Izzy,名詞,どれ,1
6. Dr Izzy,名詞,口,1
6. Dr Izzy,名詞,今夏,1
6. Dr Izzy,名詞,罰ゲーム,1
6. Dr Izzy,名詞,友達,1
6. Dr Izzy,名詞,本音,1
6. Dr Izzy,名詞,シュート,1
6. Dr Izzy,名詞,ナイアガラ,1
6. Dr Izzy,名詞,機微,1
6. Dr Izzy,名詞,曲がり角,1
6. Dr Izzy,名詞,反応,1
6. Dr Izzy,名詞,ギア,1
6. Dr Izzy,名詞,らん,1
6. Dr Izzy,名詞,方,1
6. Dr Izzy,名詞,お金,1
6. Dr Izzy,名詞,呑気,1
6. Dr Izzy,名詞,貴重,1
6. Dr Izzy,名詞,他所,1
6. Dr Izzy,名詞,そうそう,1
6. Dr Izzy,名詞,他,1
6. Dr Izzy,名詞,エゴ,1
6. Dr Izzy,名詞,他人事,1
6. Dr Izzy,名詞,美辞,1
6. Dr Izzy,名詞,差,1
6. Dr Izzy,名詞,ドライブ,1
6. Dr Izzy,名詞,うさぎ,1
6. Dr Izzy,名詞,低速,1
6. Dr Izzy,名詞,一人,1
6. Dr Izzy,名詞,儲け,1
6. Dr Izzy,名詞,上気,1
6. Dr Izzy,名詞,大変,1
6. Dr Izzy,名詞,あいつ,1
6. Dr Izzy,名詞,誰も知らない,1
6. Dr Izzy,名詞,直後,1
6. Dr Izzy,名詞,小説,1
6. Dr Izzy,名詞,足音,1
6. Dr Izzy,名詞,Friday,1
6. Dr Izzy,名詞,ジーザス,1
6. Dr Izzy,名詞,きり,1
6. Dr Izzy,名詞,さかさ,1
6. Dr Izzy,名詞,冷静さ,1
6. Dr Izzy,名詞,草原,1
6. Dr Izzy,名詞,見覚え,1
6. Dr Izzy,名詞,気味,1
6. Dr Izzy,名詞,麗句,1
6. Dr Izzy,名詞,いや,1
6. Dr Izzy,名詞,場所,1
6. Dr Izzy,名詞,真実,1
6. Dr Izzy,名詞,ジャッジ,1
6. Dr Izzy,名詞,しょ,1
6. Dr Izzy,名詞,伸縮性,1
6. Dr Izzy,名詞,瑣末,1
6. Dr Izzy,名詞,塵,1
6. Dr Izzy,名詞,練習,1
6. Dr Izzy,名詞,プライオリティ,1
6. Dr Izzy,名詞,埃,1
6. Dr Izzy,名詞,秘密基地,1
6. Dr Izzy,名詞,ざま,1
6. Dr Izzy,連体詞,微々たる,1
6. Dr Izzy,連体詞,この,3
6. Dr Izzy,連体詞,そんな,4
6. Dr Izzy,連体詞,どんな,1
6. Dr Izzy,連体詞,その,6
6. Dr Izzy,連体詞,ある,1
6. Dr Izzy,連体詞,こんな,3
6. Dr Izzy,連体詞,同じ,1
6. Dr Izzy,連体詞,さしたる,2
6. Dr Izzy,連体詞,あの,1
6. Dr Izzy,副詞,少々,1
6. Dr Izzy,副詞,ちょっと,4
6. Dr Izzy,副詞,へらへら,1
6. Dr Izzy,副詞,到底,4
6. Dr Izzy,副詞,ずっと,1
6. Dr Izzy,副詞,もう,6
6. Dr Izzy,副詞,なんで,1
6. Dr Izzy,副詞,まだ,5
6. Dr Izzy,副詞,粛々と,1
6. Dr Izzy,副詞,また,1
6. Dr Izzy,副詞,イライラ,1
6. Dr Izzy,副詞,おしなべて,1
6. Dr Izzy,副詞,まるごと,1
6. Dr Izzy,副詞,たって,1
6. Dr Izzy,副詞,ぐるぐる,1
6. Dr Izzy,副詞,再び,1
6. Dr Izzy,副詞,カンカン,1
6. Dr Izzy,副詞,もっと,2
6. Dr Izzy,副詞,いちいち,1
6. Dr Izzy,副詞,どう,4
6. Dr Izzy,副詞,全然,1
6. Dr Izzy,副詞,もちろん,1
6. Dr Izzy,副詞,さして,1
6. Dr Izzy,副詞,多分,2
6. Dr Izzy,副詞,ちゃんと,2
6. Dr Izzy,副詞,まるで,2
6. Dr Izzy,副詞,一斉に,2
6. Dr Izzy,副詞,依然,3
6. Dr Izzy,副詞,難なく,2
6. Dr Izzy,副詞,てんで,1
6. Dr Izzy,副詞,ちょうど,1
6. Dr Izzy,副詞,二度と,1
6. Dr Izzy,副詞,さっと,1
6. Dr Izzy,副詞,少し,3
6. Dr Izzy,副詞,どうにも,1
6. Dr Izzy,副詞,いくら,1
6. Dr Izzy,副詞,ジリジリ,1
6. Dr Izzy,副詞,たった,1
6. Dr Izzy,副詞,あんまり,1
6. Dr Izzy,副詞,げに,1
6. Dr Izzy,副詞,ダー,1
6. Dr Izzy,副詞,フッ,1
6. Dr Izzy,副詞,やんわり,1
6. Dr Izzy,副詞,とうに,1
6. Dr Izzy,副詞,いっそ,1
6. Dr Izzy,副詞,黒々,1
6. Dr Izzy,副詞,どの道,1
6. Dr Izzy,副詞,まさか,1
6. Dr Izzy,副詞,きっと,2
6. Dr Izzy,副詞,そう,1
6. Dr Izzy,副詞,くしゃくしゃ,1
6. Dr Izzy,副詞,さ,1
6. Dr Izzy,副詞,まだまだ,1
6. Dr Izzy,副詞,ふわふわ,1
6. Dr Izzy,副詞,あれれ,1
6. Dr Izzy,副詞,たたた,1
6. Dr Izzy,副詞,とても,1
6. Dr Izzy,副詞,どうせ,1
6. Dr Izzy,副詞,パラパラ,1
6. Dr Izzy,副詞,さほど,1
6. Dr Izzy,動詞,晒す,2
6. Dr Izzy,動詞,誓う,1
6. Dr Izzy,動詞,探す,1
6. Dr Izzy,動詞,群がる,1
6. Dr Izzy,動詞,興ずる,1
6. Dr Izzy,動詞,たまる,1
6. Dr Izzy,動詞,狂う,1
6. Dr Izzy,動詞,買う,1
6. Dr Izzy,動詞,尖る,1
6. Dr Izzy,動詞,目論む,1
6. Dr Izzy,動詞,生きる,5
6. Dr Izzy,動詞,だす,2
6. Dr Izzy,動詞,来る,5
6. Dr Izzy,動詞,遊べる,1
6. Dr Izzy,動詞,絶つ,1
6. Dr Izzy,動詞,返す,1
6. Dr Izzy,動詞,捻り出す,1
6. Dr Izzy,動詞,もたげる,1
6. Dr Izzy,動詞,括る,1
6. Dr Izzy,動詞,煮詰める,1
6. Dr Izzy,動詞,眠る,1
6. Dr Izzy,動詞,配す,1
6. Dr Izzy,動詞,閉じる,1
6. Dr Izzy,動詞,飛び出る,1
6. Dr Izzy,動詞,振る,1
6. Dr Izzy,動詞,濡れる,1
6. Dr Izzy,動詞,壊れる,1
6. Dr Izzy,動詞,挟む,1
6. Dr Izzy,動詞,解ける,1
6. Dr Izzy,動詞,続く,2
6. Dr Izzy,動詞,帰る,1
6. Dr Izzy,動詞,終わる,2
6. Dr Izzy,動詞,逃げ出す,1
6. Dr Izzy,動詞,わかる,3
6. Dr Izzy,動詞,間違える,1
6. Dr Izzy,動詞,作る,2
6. Dr Izzy,動詞,過ぎる,3
6. Dr Izzy,動詞,入れる,1
6. Dr Izzy,動詞,捨てる,1
6. Dr Izzy,動詞,つける,3
6. Dr Izzy,動詞,取る,1
6. Dr Izzy,動詞,ふりだす,1
6. Dr Izzy,動詞,生まれ変わる,1
6. Dr Izzy,動詞,去る,4
6. Dr Izzy,動詞,合わせる,2
6. Dr Izzy,動詞,拒む,1
6. Dr Izzy,動詞,排す,1
6. Dr Izzy,動詞,片付ける,1
6. Dr Izzy,動詞,あげる,2
6. Dr Izzy,動詞,言う,4
6. Dr Izzy,動詞,断る,1
6. Dr Izzy,動詞,問う,1
6. Dr Izzy,動詞,戻す,1
6. Dr Izzy,動詞,砕ける,1
6. Dr Izzy,動詞,悩む,1
6. Dr Izzy,動詞,ちまう,1
6. Dr Izzy,動詞,でる,1
6. Dr Izzy,動詞,睨む,1
6. Dr Izzy,動詞,狙う,1
6. Dr Izzy,動詞,聞く,5
6. Dr Izzy,動詞,うる,1
6. Dr Izzy,動詞,でしゃばる,1
6. Dr Izzy,動詞,あがる,1
6. Dr Izzy,動詞,ハマる,1
6. Dr Izzy,動詞,くたばる,3
6. Dr Izzy,動詞,飛べる,1
6. Dr Izzy,動詞,降る,1
6. Dr Izzy,動詞,減る,2
6. Dr Izzy,動詞,出る,1
6. Dr Izzy,動詞,飽きる,1
6. Dr Izzy,動詞,かき回す,1
6. Dr Izzy,動詞,挑む,1
6. Dr Izzy,動詞,霞む,1
6. Dr Izzy,動詞,飛ばす,1
6. Dr Izzy,動詞,向く,1
6. Dr Izzy,動詞,つく,2
6. Dr Izzy,動詞,なくなる,2
6. Dr Izzy,動詞,伸ばせる,1
6. Dr Izzy,動詞,投げ出す,1
6. Dr Izzy,動詞,沸く,1
6. Dr Izzy,動詞,聞こえる,1
6. Dr Izzy,動詞,抱える,2
6. Dr Izzy,動詞,壊す,3
6. Dr Izzy,動詞,戻る,1
6. Dr Izzy,動詞,かかる,2
6. Dr Izzy,動詞,揺らす,1
6. Dr Izzy,動詞,しれる,2
6. Dr Izzy,動詞,もらう,1
6. Dr Izzy,動詞,覚める,1
6. Dr Izzy,動詞,揉む,1
6. Dr Izzy,動詞,死ねる,1
6. Dr Izzy,動詞,間違う,1
6. Dr Izzy,動詞,潜める,1
6. Dr Izzy,動詞,喋る,1
6. Dr Izzy,動詞,揺さぶる,1
6. Dr Izzy,動詞,見失う,1
6. Dr Izzy,動詞,目指す,1
6. Dr Izzy,動詞,飲む,1
6. Dr Izzy,動詞,極まる,1
6. Dr Izzy,動詞,泣く,1
6. Dr Izzy,動詞,続ける,2
6. Dr Izzy,動詞,出す,6
6. Dr Izzy,動詞,飛び回る,1
6. Dr Izzy,動詞,しめる,1
6. Dr Izzy,動詞,成り下がる,1
6. Dr Izzy,動詞,慣れる,1
6. Dr Izzy,動詞,見る,3
6. Dr Izzy,動詞,変わる,1
6. Dr Izzy,動詞,しまう,5
6. Dr Izzy,動詞,鳴らす,1
6. Dr Izzy,動詞,驚く,1
6. Dr Izzy,動詞,果たす,1
6. Dr Izzy,動詞,回る,1
6. Dr Izzy,動詞,昂る,1
6. Dr Izzy,動詞,がる,1
6. Dr Izzy,動詞,向ける,1
6. Dr Izzy,動詞,映し出せる,1
6. Dr Izzy,動詞,行く,3
6. Dr Izzy,動詞,切捨てる,2
6. Dr Izzy,動詞,語る,2
6. Dr Izzy,動詞,言える,2
6. Dr Izzy,動詞,引っかかる,2
6. Dr Izzy,動詞,落ち着く,2
6. Dr Izzy,動詞,炙る,2
6. Dr Izzy,動詞,殺気だつ,2
6. Dr Izzy,動詞,仕組む,2
6. Dr Izzy,動詞,薄まる,2
6. Dr Izzy,動詞,くゆらせる,2
6. Dr Izzy,動詞,くすぶる,2
6. Dr Izzy,動詞,おく,2
6. Dr Izzy,動詞,送れる,2
6. Dr Izzy,動詞,過ぎ去る,2
6. Dr Izzy,動詞,待ちわびる,2
6. Dr Izzy,動詞,出会える,2
6. Dr Izzy,動詞,足りる,3
6. Dr Izzy,動詞,叶う,2
6. Dr Izzy,動詞,決める,1
6. Dr Izzy,動詞,繰り広げる,1
6. Dr Izzy,動詞,噛む,1
6. Dr Izzy,動詞,かねる,1
6. Dr Izzy,動詞,見逃す,1
6. Dr Izzy,動詞,従う,1
6. Dr Izzy,動詞,消える,1
6. Dr Izzy,動詞,止まる,1
6. Dr Izzy,動詞,すぎる,2
6. Dr Izzy,動詞,掘る,1
6. Dr Izzy,動詞,任せる,1
6. Dr Izzy,動詞,ける,1
6. Dr Izzy,動詞,じゃう,1
6. Dr Izzy,動詞,溢れる,1
6. Dr Izzy,動詞,見える,1
6. Dr Izzy,動詞,遊ぶ,1
6. Dr Izzy,動詞,踊れる,1
6. Dr Izzy,動詞,けす,1
6. Dr Izzy,動詞,ふてくさる,1
6. Dr Izzy,動詞,求める,2
6. Dr Izzy,動詞,気取る,1
6. Dr Izzy,動詞,構う,2
6. Dr Izzy,動詞,溶ける,2
6. Dr Izzy,動詞,笑える,1
6. Dr Izzy,動詞,済ませる,1
6. Dr Izzy,動詞,すます,1
6. Dr Izzy,動詞,死ぬ,1
6. Dr Izzy,動詞,答える,1
6. Dr Izzy,動詞,待つ,2
6. Dr Izzy,動詞,とく,1
6. Dr Izzy,動詞,歌う,2
6. Dr Izzy,動詞,呆れる,1
6. Dr Izzy,動詞,願う,1
6. Dr Izzy,動詞,合う,1
6. Dr Izzy,動詞,満ちる,1
6. Dr Izzy,動詞,乗せる,1
6. Dr Izzy,動詞,とる,1
6. Dr Izzy,動詞,断つ,1
6. Dr Izzy,動詞,つかる,1
6. Dr Izzy,動詞,隠す,1
6. Dr Izzy,動詞,望む,1
6. Dr Izzy,動詞,余る,1
6. Dr Izzy,動詞,利く,1
6. Dr Izzy,動詞,折れる,1
6. Dr Izzy,動詞,踊る,1
6. Dr Izzy,動詞,遅れる,2
6. Dr Izzy,動詞,転がす,1
6. Dr Izzy,動詞,失う,2
6. Dr Izzy,動詞,沸き立つ,1
6. Dr Izzy,動詞,困る,2
6. Dr Izzy,動詞,もらえる,1
6. Dr Izzy,動詞,違う,2
6. Dr Izzy,動詞,重ねる,2
6. Dr Izzy,動詞,あう,1
6. Dr Izzy,動詞,貶める,1
6. Dr Izzy,動詞,選ぶ,1
6. Dr Izzy,動詞,止む,1
6. Dr Izzy,動詞,わく,1
6. Dr Izzy,動詞,殴る,2
6. Dr Izzy,動詞,飲み込む,1
6. Dr Izzy,動詞,落とす,1
6. Dr Izzy,動詞,くれる,2
6. Dr Izzy,動詞,忍び寄る,1
6. Dr Izzy,動詞,裏切る,1
6. Dr Izzy,動詞,笑う,2
6. Dr Izzy,動詞,振れる,1
6. Dr Izzy,動詞,鳴る,1
6. Dr Izzy,動詞,始まる,2
6. Dr Izzy,動詞,洗う,1
6. Dr Izzy,動詞,生き抜く,1
6. Dr Izzy,動詞,蹴る,1
6. Dr Izzy,動詞,暴れる,1
6. Dr Izzy,動詞,磨る,1
6. Dr Izzy,動詞,疲れる,1
6. Dr Izzy,動詞,間に合う,1
6. Dr Izzy,動詞,かける,1
6. Dr Izzy,動詞,残る,1
6. Dr Izzy,動詞,近づく,1
6. Dr Izzy,動詞,受け止める,1
6. Dr Izzy,動詞,知る,1
6. Dr Izzy,動詞,思う,1
6. Dr Izzy,動詞,動く,1
6. Dr Izzy,動詞,気づく,1
6. Dr Izzy,動詞,導ける,1
6. Dr Izzy,動詞,笑わせる,1
6. Dr Izzy,動詞,捕まる,1
6. Dr Izzy,動詞,育てる,1
6. Dr Izzy,動詞,たどり着く,1
6. Dr Izzy,動詞,傷つける,1
6. Dr Izzy,動詞,させる,1
6. Dr Izzy,動詞,預ける,1
6. Dr Izzy,動詞,ばれる,1
6. Dr Izzy,動詞,引っぱる,1
6. Dr Izzy,動詞,向かう,1
6. Dr Izzy,動詞,連れる,1
6. Dr Izzy,動詞,ねじれる,1
6. Dr Izzy,動詞,曲がりくねる,1
6. Dr Izzy,動詞,交わる,1
6. Dr Izzy,動詞,揺るぐ,1
6. Dr Izzy,動詞,黙る,1
6. Dr Izzy,動詞,乗っかる,1
6. Dr Izzy,動詞,告げる,1
6. Dr Izzy,動詞,出せる,1
6. Dr Izzy,動詞,いける,1
6. Dr Izzy,動詞,苦しめる,1
6. Dr Izzy,動詞,怒る,1
6. Dr Izzy,動詞,飛ぶ,1
6. Dr Izzy,動詞,交わす,1
6. Dr Izzy,動詞,背負う,1
6. Dr Izzy,動詞,縮まる,1
6. Dr Izzy,動詞,なれる,1
6. Dr Izzy,動詞,ぶっ飛ばす,1
6. Dr Izzy,動詞,書く,1
6. Dr Izzy,動詞,追い越す,1
6. Dr Izzy,動詞,許す,1
6. Dr Izzy,動詞,保つ,1
6. Dr Izzy,動詞,落っこちる,1
6. Dr Izzy,動詞,反る,1
6. Dr Izzy,動詞,ふためく,1
6. Dr Izzy,動詞,似る,1
6. Dr Izzy,動詞,乗る,1
6. Dr Izzy,動詞,愛す,1
6. Dr Izzy,動詞,吐く,1
6. Dr Izzy,動詞,役立つ,1
6. Dr Izzy,形容詞,野暮ったい,1
6. Dr Izzy,形容詞,重たい,1
6. Dr Izzy,形容詞,欲しい,2
6. Dr Izzy,形容詞,何気ない,2
6. Dr Izzy,形容詞,つまらない,1
6. Dr Izzy,形容詞,早い,1
6. Dr Izzy,形容詞,痛い,1
6. Dr Izzy,形容詞,偉い,1
6. Dr Izzy,形容詞,やばい,1
6. Dr Izzy,形容詞,悲しい,2
6. Dr Izzy,形容詞,空しい,1
6. Dr Izzy,形容詞,まずい,1
6. Dr Izzy,形容詞,浅ましい,1
6. Dr Izzy,形容詞,恥ずかしい,1
6. Dr Izzy,形容詞,無い,4
6. Dr Izzy,形容詞,よい,4
6. Dr Izzy,形容詞,楽しい,2
6. Dr Izzy,形容詞,誇らしい,1
6. Dr Izzy,形容詞,嬉しい,1
6. Dr Izzy,形容詞,寂しい,1
6. Dr Izzy,形容詞,甘い,2
6. Dr Izzy,形容詞,惜しい,1
6. Dr Izzy,形容詞,苦い,1
6. Dr Izzy,形容詞,虚しい,2
6. Dr Izzy,形容詞,臭い,2
6. Dr Izzy,形容詞,良い,3
6. Dr Izzy,形容詞,もったいない,1
6. Dr Izzy,形容詞,狭い,1
6. Dr Izzy,形容詞,泥臭い,1
6. Dr Izzy,形容詞,うまい,1
6. Dr Izzy,形容詞,気安い,1
6. Dr Izzy,形容詞,深い,1
6. Dr Izzy,形容詞,邪魔くさい,1
6. Dr Izzy,形容詞,おめでたい,1
6. Dr Izzy,形容詞,難しい,1
6. Dr Izzy,形容詞,面倒くさい,1
6. Dr Izzy,形容詞,うい,1
6. Dr Izzy,形容詞,多い,1
6. Dr Izzy,形容詞,広い,1
6. Dr Izzy,形容詞,辛い,1
6. Dr Izzy,形容詞,美味しい,1
6. Dr Izzy,感動詞,ほら,5
6. Dr Izzy,感動詞,さあ,1
6. Dr Izzy,感動詞,ああ,1
6. Dr Izzy,感動詞,あぁ,1
6. Dr Izzy,感動詞,ごめん,1
6. Dr Izzy,感動詞,ほらほら,1
6. Dr Izzy,接続詞,ないし,1
6. Dr Izzy,接続詞,じゃ,1
6. Dr Izzy,接続詞,例えば,1
6. Dr Izzy,接続詞,また,3
6. Dr Izzy,接続詞,じゃあ,1
6. Dr Izzy,接続詞,そして,1
6. Dr Izzy,接続詞,それでも,1
7. MODE MOOD MODE,動詞,くぐり抜ける,1
7. MODE MOOD MODE,動詞,戸惑う,1
7. MODE MOOD MODE,動詞,知る,3
7. MODE MOOD MODE,動詞,噛む,1
7. MODE MOOD MODE,動詞,落ちる,2
7. MODE MOOD MODE,動詞,変える,2
7. MODE MOOD MODE,動詞,すれ違う,2
7. MODE MOOD MODE,動詞,溶け込む,1
7. MODE MOOD MODE,動詞,頼む,1
7. MODE MOOD MODE,動詞,差し出す,3
7. MODE MOOD MODE,動詞,巻く,1
7. MODE MOOD MODE,動詞,上がる,2
7. MODE MOOD MODE,動詞,遊ぶ,3
7. MODE MOOD MODE,動詞,馴れ合う,1
7. MODE MOOD MODE,動詞,目立つ,1
7. MODE MOOD MODE,動詞,騙す,3
7. MODE MOOD MODE,動詞,切る,2
7. MODE MOOD MODE,動詞,ぐらつく,1
7. MODE MOOD MODE,動詞,まとめる,1
7. MODE MOOD MODE,動詞,はじまる,1
7. MODE MOOD MODE,動詞,着替える,1
7. MODE MOOD MODE,動詞,ざわつく,1
7. MODE MOOD MODE,動詞,乗せる,1
7. MODE MOOD MODE,動詞,探す,1
7. MODE MOOD MODE,動詞,読む,1
7. MODE MOOD MODE,動詞,踏み込む,1
7. MODE MOOD MODE,動詞,吹く,1
7. MODE MOOD MODE,動詞,見れる,1
7. MODE MOOD MODE,動詞,付ける,2
7. MODE MOOD MODE,動詞,行ける,2
7. MODE MOOD MODE,動詞,ぶつける,1
7. MODE MOOD MODE,動詞,われる,1
7. MODE MOOD MODE,動詞,急かす,2
7. MODE MOOD MODE,動詞,わかる,5
7. MODE MOOD MODE,動詞,握る,2
7. MODE MOOD MODE,動詞,消す,2
7. MODE MOOD MODE,動詞,照れる,1
7. MODE MOOD MODE,動詞,入れる,1
7. MODE MOOD MODE,動詞,つける,3
7. MODE MOOD MODE,動詞,開ける,2
7. MODE MOOD MODE,動詞,進む,4
7. MODE MOOD MODE,動詞,おく,3
7. MODE MOOD MODE,動詞,回る,1
7. MODE MOOD MODE,動詞,奏でる,3
7. MODE MOOD MODE,動詞,踊る,1
7. MODE MOOD MODE,動詞,える,1
7. MODE MOOD MODE,動詞,だす,2
7. MODE MOOD MODE,動詞,めくれる,1
7. MODE MOOD MODE,動詞,汚す,1
7. MODE MOOD MODE,動詞,教える,1
7. MODE MOOD MODE,動詞,歌う,2
7. MODE MOOD MODE,動詞,追いつける,1
7. MODE MOOD MODE,動詞,行く,2
7. MODE MOOD MODE,動詞,かける,1
7. MODE MOOD MODE,動詞,困る,1
7. MODE MOOD MODE,動詞,間違う,2
7. MODE MOOD MODE,動詞,逸る,1
7. MODE MOOD MODE,動詞,光る,1
7. MODE MOOD MODE,動詞,思う,4
7. MODE MOOD MODE,動詞,濡れる,1
7. MODE MOOD MODE,動詞,壊れる,1
7. MODE MOOD MODE,動詞,追いつく,1
7. MODE MOOD MODE,動詞,繰り返す,3
7. MODE MOOD MODE,動詞,任せる,1
7. MODE MOOD MODE,動詞,くらう,1
7. MODE MOOD MODE,動詞,みせる,1
7. MODE MOOD MODE,動詞,怖がる,1
7. MODE MOOD MODE,動詞,止める,2
7. MODE MOOD MODE,動詞,終わる,1
7. MODE MOOD MODE,動詞,走る,3
7. MODE MOOD MODE,動詞,追い越す,1
7. MODE MOOD MODE,動詞,くれる,2
7. MODE MOOD MODE,動詞,聞こえる,2
7. MODE MOOD MODE,動詞,慣れる,1
7. MODE MOOD MODE,動詞,しまう,4
7. MODE MOOD MODE,動詞,煎じる,1
7. MODE MOOD MODE,動詞,構う,2
7. MODE MOOD MODE,動詞,生きる,4
7. MODE MOOD MODE,動詞,信じる,1
7. MODE MOOD MODE,動詞,死ぬ,1
7. MODE MOOD MODE,動詞,覗く,1
7. MODE MOOD MODE,動詞,しれる,1
7. MODE MOOD MODE,動詞,助ける,1
7. MODE MOOD MODE,動詞,引く,1
7. MODE MOOD MODE,動詞,生み出せる,1
7. MODE MOOD MODE,動詞,役立つ,1
7. MODE MOOD MODE,動詞,失う,1
7. MODE MOOD MODE,動詞,揺れる,1
7. MODE MOOD MODE,動詞,照らす,2
7. MODE MOOD MODE,動詞,火照る,1
7. MODE MOOD MODE,動詞,出る,2
7. MODE MOOD MODE,動詞,走れる,2
7. MODE MOOD MODE,動詞,浸る,1
7. MODE MOOD MODE,動詞,わく,1
7. MODE MOOD MODE,動詞,芽生える,1
7. MODE MOOD MODE,動詞,忘れる,2
7. MODE MOOD MODE,動詞,奪える,1
7. MODE MOOD MODE,動詞,旅立つ,1
7. MODE MOOD MODE,動詞,つく,5
7. MODE MOOD MODE,動詞,掴む,2
7. MODE MOOD MODE,動詞,届く,1
7. MODE MOOD MODE,動詞,連れる,1
7. MODE MOOD MODE,動詞,離れる,1
7. MODE MOOD MODE,動詞,追いかける,1
7. MODE MOOD MODE,動詞,笑う,2
7. MODE MOOD MODE,動詞,震える,1
7. MODE MOOD MODE,動詞,空ける,1
7. MODE MOOD MODE,動詞,がる,2
7. MODE MOOD MODE,動詞,毒づく,1
7. MODE MOOD MODE,動詞,呈す,1
7. MODE MOOD MODE,動詞,流れる,1
7. MODE MOOD MODE,動詞,反す,1
7. MODE MOOD MODE,動詞,間に合う,3
7. MODE MOOD MODE,動詞,馴染める,1
7. MODE MOOD MODE,動詞,たつ,1
7. MODE MOOD MODE,動詞,焦る,2
7. MODE MOOD MODE,動詞,違う,1
7. MODE MOOD MODE,動詞,想う,1
7. MODE MOOD MODE,動詞,選ぶ,3
7. MODE MOOD MODE,動詞,消える,3
7. MODE MOOD MODE,動詞,気づく,1
7. MODE MOOD MODE,動詞,始める,1
7. MODE MOOD MODE,動詞,超える,1
7. MODE MOOD MODE,動詞,揺れ動く,1
7. MODE MOOD MODE,動詞,張り合う,1
7. MODE MOOD MODE,動詞,届ける,1
7. MODE MOOD MODE,動詞,膨れる,1
7. MODE MOOD MODE,動詞,過ぎる,1
7. MODE MOOD MODE,動詞,書く,1
7. MODE MOOD MODE,動詞,横切る,1
7. MODE MOOD MODE,動詞,取る,2
7. MODE MOOD MODE,動詞,付く,1
7. MODE MOOD MODE,動詞,鳴る,2
7. MODE MOOD MODE,動詞,合わせる,1
7. MODE MOOD MODE,動詞,浮かぶ,1
7. MODE MOOD MODE,動詞,嫌う,2
7. MODE MOOD MODE,動詞,決める,1
7. MODE MOOD MODE,動詞,勝てる,1
7. MODE MOOD MODE,動詞,持つ,1
7. MODE MOOD MODE,動詞,揺さぶる,1
7. MODE MOOD MODE,動詞,たせる,1
7. MODE MOOD MODE,動詞,叩く,1
7. MODE MOOD MODE,動詞,立ち行く,1
7. MODE MOOD MODE,動詞,飽きる,1
7. MODE MOOD MODE,動詞,要る,1
7. MODE MOOD MODE,動詞,穢れる,1
7. MODE MOOD MODE,動詞,泣く,1
7. MODE MOOD MODE,動詞,確かめる,1
7. MODE MOOD MODE,動詞,ぶっ飛ばす,1
7. MODE MOOD MODE,動詞,放つ,2
7. MODE MOOD MODE,動詞,帰す,1
7. MODE MOOD MODE,動詞,伏す,1
7. MODE MOOD MODE,動詞,逃げ切る,1
7. MODE MOOD MODE,動詞,うる,1
7. MODE MOOD MODE,動詞,始まる,2
7. MODE MOOD MODE,動詞,黙る,1
7. MODE MOOD MODE,動詞,乗る,2
7. MODE MOOD MODE,動詞,あつらえる,1
7. MODE MOOD MODE,動詞,見向く,1
7. MODE MOOD MODE,動詞,待つ,1
7. MODE MOOD MODE,動詞,楽しむ,1
7. MODE MOOD MODE,動詞,言う,1
7. MODE MOOD MODE,動詞,巻き込む,2
7. MODE MOOD MODE,動詞,効く,1
7. MODE MOOD MODE,動詞,進める,1
7. MODE MOOD MODE,動詞,叶う,2
7. MODE MOOD MODE,動詞,ちまう,1
7. MODE MOOD MODE,動詞,眠る,1
7. MODE MOOD MODE,動詞,まとう,1
7. MODE MOOD MODE,動詞,並ぶ,1
7. MODE MOOD MODE,動詞,休む,1
7. MODE MOOD MODE,動詞,募る,1
7. MODE MOOD MODE,動詞,歩く,1
7. MODE MOOD MODE,動詞,とる,1
7. MODE MOOD MODE,動詞,押し出す,1
7. MODE MOOD MODE,動詞,満たす,1
7. MODE MOOD MODE,動詞,傷つく,1
7. MODE MOOD MODE,動詞,出す,2
7. MODE MOOD MODE,動詞,なくなる,1
7. MODE MOOD MODE,動詞,もつ,1
7. MODE MOOD MODE,動詞,零れる,1
7. MODE MOOD MODE,動詞,溶ける,1
7. MODE MOOD MODE,動詞,張りつめる,1
7. MODE MOOD MODE,動詞,強がる,1
7. MODE MOOD MODE,動詞,広がる,1
7. MODE MOOD MODE,動詞,途切れる,1
7. MODE MOOD MODE,動詞,返す,1
7. MODE MOOD MODE,動詞,探し出す,1
7. MODE MOOD MODE,動詞,茶化す,1
7. MODE MOOD MODE,動詞,漂う,1
7. MODE MOOD MODE,動詞,舞う,1
7. MODE MOOD MODE,動詞,嗅ぐ,1
7. MODE MOOD MODE,動詞,こむ,1
7. MODE MOOD MODE,動詞,整う,1
7. MODE MOOD MODE,動詞,飛ぶ,2
7. MODE MOOD MODE,動詞,刺す,1
7. MODE MOOD MODE,動詞,剥ぐ,1
7. MODE MOOD MODE,動詞,試す,1
7. MODE MOOD MODE,動詞,チラつく,1
7. MODE MOOD MODE,動詞,見える,2
7. MODE MOOD MODE,動詞,なれる,1
7. MODE MOOD MODE,動詞,済む,1
7. MODE MOOD MODE,動詞,驕る,1
7. MODE MOOD MODE,動詞,見る,2
7. MODE MOOD MODE,動詞,やれる,1
7. MODE MOOD MODE,動詞,保つ,1
7. MODE MOOD MODE,動詞,かき分ける,1
7. MODE MOOD MODE,動詞,いがみ合う,1
7. MODE MOOD MODE,動詞,触る,1
7. MODE MOOD MODE,動詞,打つ,1
7. MODE MOOD MODE,動詞,張り切る,1
7. MODE MOOD MODE,動詞,構える,1
7. MODE MOOD MODE,動詞,殺せる,1
7. MODE MOOD MODE,動詞,生い茂る,1
7. MODE MOOD MODE,動詞,煉る,1
7. MODE MOOD MODE,動詞,溜めこむ,1
7. MODE MOOD MODE,動詞,こく,1
7. MODE MOOD MODE,動詞,迎える,1
7. MODE MOOD MODE,動詞,振りかざす,1
7. MODE MOOD MODE,動詞,履き違える,1
7. MODE MOOD MODE,動詞,響く,1
7. MODE MOOD MODE,動詞,まくる,1
7. MODE MOOD MODE,動詞,求める,1
7. MODE MOOD MODE,動詞,透ける,1
7. MODE MOOD MODE,動詞,責め立てる,1
7. MODE MOOD MODE,動詞,嘲る,1
7. MODE MOOD MODE,動詞,灯る,2
7. MODE MOOD MODE,動詞,戻る,1
7. MODE MOOD MODE,動詞,遊べる,1
7. MODE MOOD MODE,動詞,掻く,1
7. MODE MOOD MODE,動詞,消せる,1
7. MODE MOOD MODE,動詞,手こずる,1
7. MODE MOOD MODE,動詞,誓う,1
7. MODE MOOD MODE,動詞,売る,1
7. MODE MOOD MODE,動詞,渡れる,1
7. MODE MOOD MODE,動詞,面す,1
7. MODE MOOD MODE,動詞,向かう,1
7. MODE MOOD MODE,動詞,救う,1
7. MODE MOOD MODE,動詞,済ませる,1
7. MODE MOOD MODE,動詞,込む,1
7. MODE MOOD MODE,動詞,見つかる,2
7. MODE MOOD MODE,動詞,命じる,1
7. MODE MOOD MODE,動詞,問い詰める,1
7. MODE MOOD MODE,動詞,煮込む,1
7. MODE MOOD MODE,動詞,保てる,1
7. MODE MOOD MODE,動詞,頼る,1
7. MODE MOOD MODE,動詞,考える,1
7. MODE MOOD MODE,動詞,近づく,1
7. MODE MOOD MODE,動詞,指す,1
7. MODE MOOD MODE,動詞,見逃す,1
7. MODE MOOD MODE,動詞,目指す,1
7. MODE MOOD MODE,動詞,やむ,1
7. MODE MOOD MODE,動詞,すぎる,1
7. MODE MOOD MODE,動詞,転がる,1
7. MODE MOOD MODE,動詞,つっかえる,1
7. MODE MOOD MODE,動詞,指さす,1
7. MODE MOOD MODE,動詞,拾う,1
7. MODE MOOD MODE,動詞,続ける,1
7. MODE MOOD MODE,動詞,誇れる,1
7. MODE MOOD MODE,動詞,咲き誇る,1
7. MODE MOOD MODE,動詞,気取る,1
7. MODE MOOD MODE,動詞,変わる,1
7. MODE MOOD MODE,動詞,叫ぶ,1
7. MODE MOOD MODE,動詞,踏み入れる,1
7. MODE MOOD MODE,動詞,乱す,1
7. MODE MOOD MODE,動詞,願う,1
7. MODE MOOD MODE,動詞,振り返る,1
7. MODE MOOD MODE,動詞,出しゃばる,1
7. MODE MOOD MODE,動詞,立てる,1
7. MODE MOOD MODE,動詞,閉じる,1
7. MODE MOOD MODE,動詞,ありあまる,1
7. MODE MOOD MODE,動詞,くすむ,1
7. MODE MOOD MODE,動詞,じゃう,1
7. MODE MOOD MODE,動詞,報う,1
7. MODE MOOD MODE,動詞,輝く,1
7. MODE MOOD MODE,動詞,遠ざかる,1
7. MODE MOOD MODE,動詞,点く,1
7. MODE MOOD MODE,動詞,似る,1
7. MODE MOOD MODE,動詞,呟く,1
7. MODE MOOD MODE,動詞,愛す,1
7. MODE MOOD MODE,動詞,よぎる,1
7. MODE MOOD MODE,名詞,back,1
7. MODE MOOD MODE,名詞,小数点,1
7. MODE MOOD MODE,名詞,仕業,1
7. MODE MOOD MODE,名詞,邪魔,3
7. MODE MOOD MODE,名詞,罠,1
7. MODE MOOD MODE,名詞,他所,1
7. MODE MOOD MODE,名詞,僕,10
7. MODE MOOD MODE,名詞,君,7
7. MODE MOOD MODE,名詞,備蓄米,1
7. MODE MOOD MODE,名詞,バリケード,1
7. MODE MOOD MODE,名詞,Understand,1
7. MODE MOOD MODE,名詞,脳内,1
7. MODE MOOD MODE,名詞,m,2
7. MODE MOOD MODE,名詞,最初,2
7. MODE MOOD MODE,名詞,OK,1
7. MODE MOOD MODE,名詞,Check,1
7. MODE MOOD MODE,名詞,Say,1
7. MODE MOOD MODE,名詞,お櫃,1
7. MODE MOOD MODE,名詞,享楽,1
7. MODE MOOD MODE,名詞,顔,1
7. MODE MOOD MODE,名詞,re,2
7. MODE MOOD MODE,名詞,他人,1
7. MODE MOOD MODE,名詞,期待,3
7. MODE MOOD MODE,名詞,plan,1
7. MODE MOOD MODE,名詞,name,1
7. MODE MOOD MODE,名詞,やろう,1
7. MODE MOOD MODE,名詞,communication,1
7. MODE MOOD MODE,名詞,own,1
7. MODE MOOD MODE,名詞,無意味,2
7. MODE MOOD MODE,名詞,全部,2
7. MODE MOOD MODE,名詞,I,2
7. MODE MOOD MODE,名詞,メダル,1
7. MODE MOOD MODE,名詞,セット,1
7. MODE MOOD MODE,名詞,流れ,2
7. MODE MOOD MODE,名詞,算段,1
7. MODE MOOD MODE,名詞,手,5
7. MODE MOOD MODE,名詞,トロフィー,1
7. MODE MOOD MODE,名詞,ここら,1
7. MODE MOOD MODE,名詞,ねじ,1
7. MODE MOOD MODE,名詞,品定め,1
7. MODE MOOD MODE,名詞,my,2
7. MODE MOOD MODE,名詞,永劫,1
7. MODE MOOD MODE,名詞,逆効果,2
7. MODE MOOD MODE,名詞,ブレンド,1
7. MODE MOOD MODE,名詞,精度,1
7. MODE MOOD MODE,名詞,はず,2
7. MODE MOOD MODE,名詞,civilization,1
7. MODE MOOD MODE,名詞,千,2
7. MODE MOOD MODE,名詞,化,1
7. MODE MOOD MODE,名詞,勝手,2
7. MODE MOOD MODE,名詞,the,2
7. MODE MOOD MODE,名詞,shout,1
7. MODE MOOD MODE,名詞,We,1
7. MODE MOOD MODE,名詞,適当,2
7. MODE MOOD MODE,名詞,anti,1
7. MODE MOOD MODE,名詞,新米,1
7. MODE MOOD MODE,名詞,有体,1
7. MODE MOOD MODE,名詞,拡張,1
7. MODE MOOD MODE,名詞,code,1
7. MODE MOOD MODE,名詞,タイムリミット,1
7. MODE MOOD MODE,名詞,sweet,1
7. MODE MOOD MODE,名詞,有史,1
7. MODE MOOD MODE,名詞,1,1
7. MODE MOOD MODE,名詞,歯車,1
7. MODE MOOD MODE,名詞,現実,1
7. MODE MOOD MODE,名詞,日和見主義,1
7. MODE MOOD MODE,名詞,コーディネート,1
7. MODE MOOD MODE,名詞,You,1
7. MODE MOOD MODE,名詞,4年,1
7. MODE MOOD MODE,名詞,カチコチ,1
7. MODE MOOD MODE,名詞,you,2
7. MODE MOOD MODE,名詞,like,1
7. MODE MOOD MODE,名詞,足元,1
7. MODE MOOD MODE,名詞,ta,1
7. MODE MOOD MODE,名詞,playing,1
7. MODE MOOD MODE,名詞,ロマンス,1
7. MODE MOOD MODE,名詞,以来,1
7. MODE MOOD MODE,名詞,see,1
7. MODE MOOD MODE,名詞,時,3
7. MODE MOOD MODE,名詞,ページ,2
7. MODE MOOD MODE,名詞,僥倖,1
7. MODE MOOD MODE,名詞,地球の自転,1
7. MODE MOOD MODE,名詞,日々,1
7. MODE MOOD MODE,名詞,リズム,1
7. MODE MOOD MODE,名詞,必要,1
7. MODE MOOD MODE,名詞,お手をどうぞ,1
7. MODE MOOD MODE,名詞,たまえ,1
7. MODE MOOD MODE,名詞,要,1
7. MODE MOOD MODE,名詞,メロドラマ,1
7. MODE MOOD MODE,名詞,ドア,1
7. MODE MOOD MODE,名詞,気,2
7. MODE MOOD MODE,名詞,la,1
7. MODE MOOD MODE,名詞,芽,1
7. MODE MOOD MODE,名詞,目,4
7. MODE MOOD MODE,名詞,コンタクト,1
7. MODE MOOD MODE,名詞,かい,1
7. MODE MOOD MODE,名詞,Eyes,1
7. MODE MOOD MODE,名詞,toe,1
7. MODE MOOD MODE,名詞,rolling,1
7. MODE MOOD MODE,名詞,110,1
7. MODE MOOD MODE,名詞,世界,6
7. MODE MOOD MODE,名詞,あちこち,1
7. MODE MOOD MODE,名詞,数,4
7. MODE MOOD MODE,名詞,主人公,1
7. MODE MOOD MODE,名詞,1b,1
7. MODE MOOD MODE,名詞,2,1
7. MODE MOOD MODE,名詞,十分,1
7. MODE MOOD MODE,名詞,片足,1
7. MODE MOOD MODE,名詞,空気,2
7. MODE MOOD MODE,名詞,シンパシー,1
7. MODE MOOD MODE,名詞,るつぼ,1
7. MODE MOOD MODE,名詞,一方通行,1
7. MODE MOOD MODE,名詞,eat,1
7. MODE MOOD MODE,名詞,eyes,1
7. MODE MOOD MODE,名詞,街角,1
7. MODE MOOD MODE,名詞,お呼び,1
7. MODE MOOD MODE,名詞,right,2
7. MODE MOOD MODE,名詞,やってみよう,1
7. MODE MOOD MODE,名詞,加速,1
7. MODE MOOD MODE,名詞,善,1
7. MODE MOOD MODE,名詞,%,1
7. MODE MOOD MODE,名詞,用意,2
7. MODE MOOD MODE,名詞,BPM,1
7. MODE MOOD MODE,名詞,such,1
7. MODE MOOD MODE,名詞,リンク,1
7. MODE MOOD MODE,名詞,悪,1
7. MODE MOOD MODE,名詞,the light,1
7. MODE MOOD MODE,名詞,肝心,1
7. MODE MOOD MODE,名詞,子供だまし,1
7. MODE MOOD MODE,名詞,a,1
7. MODE MOOD MODE,名詞,呼吸,2
7. MODE MOOD MODE,名詞,to,2
7. MODE MOOD MODE,名詞,後,3
7. MODE MOOD MODE,名詞,賛美,1
7. MODE MOOD MODE,名詞,3,1
7. MODE MOOD MODE,名詞,常識,3
7. MODE MOOD MODE,名詞,無数,1
7. MODE MOOD MODE,名詞,check,1
7. MODE MOOD MODE,名詞,笑止,1
7. MODE MOOD MODE,名詞,勇気,1
7. MODE MOOD MODE,名詞,ひとつまみ,1
7. MODE MOOD MODE,名詞,フレーム,1
7. MODE MOOD MODE,名詞,動揺,1
7. MODE MOOD MODE,名詞,キャッチボール,1
7. MODE MOOD MODE,名詞,ダメ,1
7. MODE MOOD MODE,名詞,風,3
7. MODE MOOD MODE,名詞,どこ,2
7. MODE MOOD MODE,名詞,キャンバス,1
7. MODE MOOD MODE,名詞,真実,3
7. MODE MOOD MODE,名詞,焦燥,1
7. MODE MOOD MODE,名詞,わびさび,1
7. MODE MOOD MODE,名詞,メガネ,1
7. MODE MOOD MODE,名詞,yes,1
7. MODE MOOD MODE,名詞,sec,1
7. MODE MOOD MODE,名詞,運命,2
7. MODE MOOD MODE,名詞,近く,1
7. MODE MOOD MODE,名詞,火,1
7. MODE MOOD MODE,名詞,純情,1
7. MODE MOOD MODE,名詞,内緒,1
7. MODE MOOD MODE,名詞,たま,1
7. MODE MOOD MODE,名詞,テイクミーアウト,1
7. MODE MOOD MODE,名詞,楽譜,2
7. MODE MOOD MODE,名詞,嗤,1
7. MODE MOOD MODE,名詞,興奮,1
7. MODE MOOD MODE,名詞,変,1
7. MODE MOOD MODE,名詞,ハート,1
7. MODE MOOD MODE,名詞,とこ,1
7. MODE MOOD MODE,名詞,後悔,2
7. MODE MOOD MODE,名詞,ぐなんでなんだっけ,1
7. MODE MOOD MODE,名詞,ちぐ,1
7. MODE MOOD MODE,名詞,恋なんて,1
7. MODE MOOD MODE,名詞,簡単,1
7. MODE MOOD MODE,名詞,気持ち,2
7. MODE MOOD MODE,名詞,カラクリ,1
7. MODE MOOD MODE,名詞,並,1
7. MODE MOOD MODE,名詞,アンビエント,1
7. MODE MOOD MODE,名詞,瞳,1
7. MODE MOOD MODE,名詞,神出鬼没,1
7. MODE MOOD MODE,名詞,中,3
7. MODE MOOD MODE,名詞,思い,1
7. MODE MOOD MODE,名詞,センチメント,1
7. MODE MOOD MODE,名詞,未来,3
7. MODE MOOD MODE,名詞,幸せ,3
7. MODE MOOD MODE,名詞,不穏,1
7. MODE MOOD MODE,名詞,虚像,1
7. MODE MOOD MODE,名詞,ワケ,1
7. MODE MOOD MODE,名詞,一瞬,2
7. MODE MOOD MODE,名詞,grumble,1
7. MODE MOOD MODE,名詞,渦,1
7. MODE MOOD MODE,名詞,得て,1
7. MODE MOOD MODE,名詞,コンフューズド,1
7. MODE MOOD MODE,名詞,杯,1
7. MODE MOOD MODE,名詞,金色,1
7. MODE MOOD MODE,名詞,嵐,1
7. MODE MOOD MODE,名詞,太陽,2
7. MODE MOOD MODE,名詞,咀嚼,1
7. MODE MOOD MODE,名詞,自信,2
7. MODE MOOD MODE,名詞,癖,3
7. MODE MOOD MODE,名詞,バスタオル,1
7. MODE MOOD MODE,名詞,大事,2
7. MODE MOOD MODE,名詞,病,1
7. MODE MOOD MODE,名詞,本当,2
7. MODE MOOD MODE,名詞,虹色,1
7. MODE MOOD MODE,名詞,答,2
7. MODE MOOD MODE,名詞,リセット,1
7. MODE MOOD MODE,名詞,人間の性,1
7. MODE MOOD MODE,名詞,せい,1
7. MODE MOOD MODE,名詞,失敗,1
7. MODE MOOD MODE,名詞,小さじ,1
7. MODE MOOD MODE,名詞,保証,1
7. MODE MOOD MODE,名詞,ループ,1
7. MODE MOOD MODE,名詞,像,1
7. MODE MOOD MODE,名詞,即座,1
7. MODE MOOD MODE,名詞,声,3
7. MODE MOOD MODE,名詞,同意,1
7. MODE MOOD MODE,名詞,さりげなく,1
7. MODE MOOD MODE,名詞,潮,1
7. MODE MOOD MODE,名詞,一,5
7. MODE MOOD MODE,名詞,合図,2
7. MODE MOOD MODE,名詞,難解,1
7. MODE MOOD MODE,名詞,きっと,2
7. MODE MOOD MODE,名詞,昇華,1
7. MODE MOOD MODE,名詞,軽口,1
7. MODE MOOD MODE,名詞,らん,1
7. MODE MOOD MODE,名詞,年,1
7. MODE MOOD MODE,名詞,Trickster,1
7. MODE MOOD MODE,名詞,一人ぼっち,1
7. MODE MOOD MODE,名詞,端,2
7. MODE MOOD MODE,名詞,問い,1
7. MODE MOOD MODE,名詞,Music,1
7. MODE MOOD MODE,名詞,一蓮托生,1
7. MODE MOOD MODE,名詞,しだ,1
7. MODE MOOD MODE,名詞,意地,2
7. MODE MOOD MODE,名詞,サイズ,1
7. MODE MOOD MODE,名詞,解釈,1
7. MODE MOOD MODE,名詞,ぐちゃぐちゃ,1
7. MODE MOOD MODE,名詞,希望,2
7. MODE MOOD MODE,名詞,Secret,1
7. MODE MOOD MODE,名詞,コンパクト,1
7. MODE MOOD MODE,名詞,判決,1
7. MODE MOOD MODE,名詞,わがまま,1
7. MODE MOOD MODE,名詞,満足,1
7. MODE MOOD MODE,名詞,帰り道,2
7. MODE MOOD MODE,名詞,味付け,1
7. MODE MOOD MODE,名詞,logic,1
7. MODE MOOD MODE,名詞,真相,1
7. MODE MOOD MODE,名詞,みんな,1
7. MODE MOOD MODE,名詞,ユートピア,1
7. MODE MOOD MODE,名詞,準備,2
7. MODE MOOD MODE,名詞,遠く,1
7. MODE MOOD MODE,名詞,理由,2
7. MODE MOOD MODE,名詞,bad,1
7. MODE MOOD MODE,名詞,体制,1
7. MODE MOOD MODE,名詞,たち,2
7. MODE MOOD MODE,名詞,上手,1
7. MODE MOOD MODE,名詞,生涯,1
7. MODE MOOD MODE,名詞,手のひら,1
7. MODE MOOD MODE,名詞,言語化,1
7. MODE MOOD MODE,名詞,息,2
7. MODE MOOD MODE,名詞,冗談,1
7. MODE MOOD MODE,名詞,まんま,1
7. MODE MOOD MODE,名詞,誰,4
7. MODE MOOD MODE,名詞,いつ,2
7. MODE MOOD MODE,名詞,微塵,1
7. MODE MOOD MODE,名詞,高揚感,1
7. MODE MOOD MODE,名詞,むずりかゆいから,1
7. MODE MOOD MODE,名詞,わけ,1
7. MODE MOOD MODE,名詞,時代,2
7. MODE MOOD MODE,名詞,席,1
7. MODE MOOD MODE,名詞,あなたの世界,1
7. MODE MOOD MODE,名詞,物語,2
7. MODE MOOD MODE,名詞,大好き,1
7. MODE MOOD MODE,名詞,インパクト,1
7. MODE MOOD MODE,名詞,今,2
7. MODE MOOD MODE,名詞,血,1
7. MODE MOOD MODE,名詞,いわかん,1
7. MODE MOOD MODE,名詞,次,2
7. MODE MOOD MODE,名詞,証拠,1
7. MODE MOOD MODE,名詞,論外,1
7. MODE MOOD MODE,名詞,曖昧,1
7. MODE MOOD MODE,名詞,不能,1
7. MODE MOOD MODE,名詞,情状,1
7. MODE MOOD MODE,名詞,断片,1
7. MODE MOOD MODE,名詞,歪,1
7. MODE MOOD MODE,名詞,責任,1
7. MODE MOOD MODE,名詞,Dizzy,1
7. MODE MOOD MODE,名詞,あなた,1
7. MODE MOOD MODE,名詞,明後日,1
7. MODE MOOD MODE,名詞,酌量,1
7. MODE MOOD MODE,名詞,異常,1
7. MODE MOOD MODE,名詞,番組,1
7. MODE MOOD MODE,名詞,待ち,1
7. MODE MOOD MODE,名詞,単純,1
7. MODE MOOD MODE,名詞,クレッシェンド,1
7. MODE MOOD MODE,名詞,チューイング,1
7. MODE MOOD MODE,名詞,片,1
7. MODE MOOD MODE,名詞,方,1
7. MODE MOOD MODE,名詞,the heart,1
7. MODE MOOD MODE,名詞,旋律,1
7. MODE MOOD MODE,名詞,タクト,1
7. MODE MOOD MODE,名詞,一つ,2
7. MODE MOOD MODE,名詞,解,1
7. MODE MOOD MODE,名詞,Sonatine,1
7. MODE MOOD MODE,名詞,言葉,1
7. MODE MOOD MODE,名詞,前,3
7. MODE MOOD MODE,名詞,偶然,1
7. MODE MOOD MODE,名詞,ノンストップ,1
7. MODE MOOD MODE,名詞,香り,1
7. MODE MOOD MODE,名詞,30度,1
7. MODE MOOD MODE,名詞,心,3
7. MODE MOOD MODE,名詞,右,1
7. MODE MOOD MODE,名詞,髪,1
7. MODE MOOD MODE,名詞,迷い,1
7. MODE MOOD MODE,名詞,観,1
7. MODE MOOD MODE,名詞,日曜,1
7. MODE MOOD MODE,名詞,見当,1
7. MODE MOOD MODE,名詞,yeah,1
7. MODE MOOD MODE,名詞,無駄,2
7. MODE MOOD MODE,名詞,嘘,2
7. MODE MOOD MODE,名詞,感情,1
7. MODE MOOD MODE,名詞,頭,2
7. MODE MOOD MODE,名詞,左,1
7. MODE MOOD MODE,名詞,合唱,1
7. MODE MOOD MODE,名詞,吐息,1
7. MODE MOOD MODE,名詞,鳴り,1
7. MODE MOOD MODE,名詞,今回,1
7. MODE MOOD MODE,名詞,かな,1
7. MODE MOOD MODE,名詞,想像,2
7. MODE MOOD MODE,名詞,行動力,1
7. MODE MOOD MODE,名詞,何,4
7. MODE MOOD MODE,名詞,oh,1
7. MODE MOOD MODE,名詞,連続,1
7. MODE MOOD MODE,名詞,缶コーヒー,1
7. MODE MOOD MODE,名詞,好き,1
7. MODE MOOD MODE,名詞,果物,1
7. MODE MOOD MODE,名詞,オーケストラ,1
7. MODE MOOD MODE,名詞,from,1
7. MODE MOOD MODE,名詞,今日,2
7. MODE MOOD MODE,名詞,ガム,1
7. MODE MOOD MODE,名詞,楽章,1
7. MODE MOOD MODE,名詞,事,1
7. MODE MOOD MODE,名詞,そうかな,1
7. MODE MOOD MODE,名詞,汗,1
7. MODE MOOD MODE,名詞,綺麗,1
7. MODE MOOD MODE,名詞,10センチ,1
7. MODE MOOD MODE,名詞,信号,2
7. MODE MOOD MODE,名詞,演奏,1
7. MODE MOOD MODE,名詞,最高,1
7. MODE MOOD MODE,名詞,可能性,1
7. MODE MOOD MODE,名詞,フレーバー,1
7. MODE MOOD MODE,名詞,いらいら,1
7. MODE MOOD MODE,名詞,Well,1
7. MODE MOOD MODE,名詞,ないこ,1
7. MODE MOOD MODE,名詞,騒ぎ,1
7. MODE MOOD MODE,名詞,I'll,1
7. MODE MOOD MODE,名詞,出て,1
7. MODE MOOD MODE,名詞,雑言,1
7. MODE MOOD MODE,名詞,束の間,1
7. MODE MOOD MODE,名詞,前提,1
7. MODE MOOD MODE,名詞,いない,1
7. MODE MOOD MODE,名詞,万全,1
7. MODE MOOD MODE,名詞,待た,1
7. MODE MOOD MODE,名詞,多難,1
7. MODE MOOD MODE,名詞,あまた,1
7. MODE MOOD MODE,名詞,神様,1
7. MODE MOOD MODE,名詞,baby,1
7. MODE MOOD MODE,名詞,承諾,1
7. MODE MOOD MODE,名詞,驚天動地,1
7. MODE MOOD MODE,名詞,どこか,1
7. MODE MOOD MODE,名詞,万,1
7. MODE MOOD MODE,名詞,当分,1
7. MODE MOOD MODE,名詞,call,1
7. MODE MOOD MODE,名詞,Hello,1
7. MODE MOOD MODE,名詞,苦言,1
7. MODE MOOD MODE,名詞,情,1
7. MODE MOOD MODE,名詞,来,1
7. MODE MOOD MODE,名詞,town,1
7. MODE MOOD MODE,名詞,awesome,1
7. MODE MOOD MODE,名詞,着,1
7. MODE MOOD MODE,名詞,無,1
7. MODE MOOD MODE,名詞,ずさん,1
7. MODE MOOD MODE,名詞,手中,1
7. MODE MOOD MODE,名詞,then,1
7. MODE MOOD MODE,名詞,Fake,1
7. MODE MOOD MODE,名詞,45度,1
7. MODE MOOD MODE,名詞,time,1
7. MODE MOOD MODE,名詞,sane,1
7. MODE MOOD MODE,名詞,Rock,1
7. MODE MOOD MODE,名詞,気配,1
7. MODE MOOD MODE,名詞,勝算,1
7. MODE MOOD MODE,名詞,この街,1
7. MODE MOOD MODE,名詞,現在地,1
7. MODE MOOD MODE,名詞,斜め,2
7. MODE MOOD MODE,名詞,ルール,1
7. MODE MOOD MODE,名詞,truth,1
7. MODE MOOD MODE,名詞,it,1
7. MODE MOOD MODE,名詞,戦線,1
7. MODE MOOD MODE,名詞,Roll,1
7. MODE MOOD MODE,名詞,be,1
7. MODE MOOD MODE,名詞,s,1
7. MODE MOOD MODE,名詞,未完成,1
7. MODE MOOD MODE,名詞,喝采,1
7. MODE MOOD MODE,名詞,残念,2
7. MODE MOOD MODE,名詞,パーセンテージ,1
7. MODE MOOD MODE,名詞,ガラクタ,1
7. MODE MOOD MODE,名詞,前途,2
7. MODE MOOD MODE,名詞,drop,1
7. MODE MOOD MODE,名詞,welcome,1
7. MODE MOOD MODE,名詞,享受,1
7. MODE MOOD MODE,名詞,session,1
7. MODE MOOD MODE,名詞,生命,1
7. MODE MOOD MODE,名詞,just,1
7. MODE MOOD MODE,名詞,嫌い,1
7. MODE MOOD MODE,名詞,日,1
7. MODE MOOD MODE,名詞,エゴイズム,1
7. MODE MOOD MODE,名詞,悪鬼羅刹,1
7. MODE MOOD MODE,名詞,もん,2
7. MODE MOOD MODE,名詞,バカ,2
7. MODE MOOD MODE,名詞,ここ,2
7. MODE MOOD MODE,名詞,万物,1
7. MODE MOOD MODE,名詞,愛してる,1
7. MODE MOOD MODE,名詞,くせ,1
7. MODE MOOD MODE,名詞,お待,1
7. MODE MOOD MODE,名詞,trick or treat,1
7. MODE MOOD MODE,名詞,待った,1
7. MODE MOOD MODE,名詞,暮れ,1
7. MODE MOOD MODE,名詞,反吐,1
7. MODE MOOD MODE,名詞,安堵,1
7. MODE MOOD MODE,名詞,tragedy,1
7. MODE MOOD MODE,名詞,羅漢,1
7. MODE MOOD MODE,名詞,意識,1
7. MODE MOOD MODE,名詞,当面,1
7. MODE MOOD MODE,名詞,but,1
7. MODE MOOD MODE,名詞,日常茶飯,1
7. MODE MOOD MODE,名詞,n,1
7. MODE MOOD MODE,名詞,certainly,1
7. MODE MOOD MODE,名詞,me,1
7. MODE MOOD MODE,名詞,or,1
7. MODE MOOD MODE,名詞,面倒,1
7. MODE MOOD MODE,名詞,恍惚,1
7. MODE MOOD MODE,名詞,暮,1
7. MODE MOOD MODE,名詞,雨,2
7. MODE MOOD MODE,名詞,目覚め,1
7. MODE MOOD MODE,名詞,左右,1
7. MODE MOOD MODE,名詞,虚勢,1
7. MODE MOOD MODE,名詞,甘美,1
7. MODE MOOD MODE,名詞,人生,2
7. MODE MOOD MODE,名詞,昼,1
7. MODE MOOD MODE,名詞,静謐,1
7. MODE MOOD MODE,名詞,イミテーション,1
7. MODE MOOD MODE,名詞,隙間,1
7. MODE MOOD MODE,名詞,ビル,1
7. MODE MOOD MODE,名詞,景色,1
7. MODE MOOD MODE,名詞,夜,2
7. MODE MOOD MODE,名詞,効き目,1
7. MODE MOOD MODE,名詞,模様,1
7. MODE MOOD MODE,名詞,ムード,2
7. MODE MOOD MODE,名詞,清濁,1
7. MODE MOOD MODE,名詞,不安,1
7. MODE MOOD MODE,名詞,Frame,1
7. MODE MOOD MODE,名詞,眩暈,1
7. MODE MOOD MODE,名詞,タクシー,1
7. MODE MOOD MODE,名詞,置き去り,1
7. MODE MOOD MODE,名詞,等身大,1
7. MODE MOOD MODE,名詞,解決,2
7. MODE MOOD MODE,名詞,点滅,1
7. MODE MOOD MODE,名詞,両手,2
7. MODE MOOD MODE,名詞,憂鬱,1
7. MODE MOOD MODE,名詞,下,1
7. MODE MOOD MODE,名詞,東京,1
7. MODE MOOD MODE,名詞,予想,1
7. MODE MOOD MODE,名詞,度目,1
7. MODE MOOD MODE,名詞,アプローチ,1
7. MODE MOOD MODE,名詞,価値,1
7. MODE MOOD MODE,名詞,都合,2
7. MODE MOOD MODE,名詞,モード,2
7. MODE MOOD MODE,名詞,全く,1
7. MODE MOOD MODE,名詞,あと,1
7. MODE MOOD MODE,名詞,上品,1
7. MODE MOOD MODE,名詞,奇跡,2
7. MODE MOOD MODE,名詞,残,1
7. MODE MOOD MODE,名詞,雲,1
7. MODE MOOD MODE,名詞,様,2
7. MODE MOOD MODE,名詞,シャットダウン,1
7. MODE MOOD MODE,名詞,量,1
7. MODE MOOD MODE,名詞,out,1
7. MODE MOOD MODE,名詞,イメージ,1
7. MODE MOOD MODE,名詞,最後,1
7. MODE MOOD MODE,名詞,電池,1
7. MODE MOOD MODE,名詞,躊躇,1
7. MODE MOOD MODE,名詞,ヘッドライト,1
7. MODE MOOD MODE,名詞,秋,1
7. MODE MOOD MODE,名詞,夢,3
7. MODE MOOD MODE,名詞,気取り,1
7. MODE MOOD MODE,名詞,風に乗って,1
7. MODE MOOD MODE,名詞,寄せて,1
7. MODE MOOD MODE,名詞,訥々,1
7. MODE MOOD MODE,名詞,位置,1
7. MODE MOOD MODE,名詞,Silent,1
7. MODE MOOD MODE,名詞,何様,1
7. MODE MOOD MODE,名詞,散々,1
7. MODE MOOD MODE,名詞,不安定,1
7. MODE MOOD MODE,名詞,やつ,3
7. MODE MOOD MODE,名詞,見立て,1
7. MODE MOOD MODE,名詞,限り,2
7. MODE MOOD MODE,名詞,ゴミ,1
7. MODE MOOD MODE,名詞,等間隔,1
7. MODE MOOD MODE,名詞,徹,1
7. MODE MOOD MODE,名詞,絶対,1
7. MODE MOOD MODE,名詞,ガタ,1
7. MODE MOOD MODE,名詞,関係,1
7. MODE MOOD MODE,名詞,がく,1
7. MODE MOOD MODE,名詞,逃げ場,1
7. MODE MOOD MODE,名詞,花,1
7. MODE MOOD MODE,名詞,白黒,1
7. MODE MOOD MODE,名詞,乱舞,1
7. MODE MOOD MODE,名詞,Mirage,1
7. MODE MOOD MODE,名詞,段取り,1
7. MODE MOOD MODE,名詞,癪,1
7. MODE MOOD MODE,名詞,五臓,1
7. MODE MOOD MODE,名詞,胸,1
7. MODE MOOD MODE,名詞,フレーズ,1
7. MODE MOOD MODE,名詞,ソラシド,1
7. MODE MOOD MODE,名詞,賭け,1
7. MODE MOOD MODE,名詞,Libre,1
7. MODE MOOD MODE,名詞,純粋,1
7. MODE MOOD MODE,名詞,ライバル,1
7. MODE MOOD MODE,名詞,結果,1
7. MODE MOOD MODE,名詞,音,1
7. MODE MOOD MODE,名詞,横目,1
7. MODE MOOD MODE,名詞,真面目,1
7. MODE MOOD MODE,名詞,余白,1
7. MODE MOOD MODE,名詞,無敵,1
7. MODE MOOD MODE,名詞,ロック,1
7. MODE MOOD MODE,名詞,鼓動,1
7. MODE MOOD MODE,名詞,言霊,1
7. MODE MOOD MODE,名詞,乱反射,1
7. MODE MOOD MODE,名詞,クイックモーション,1
7. MODE MOOD MODE,名詞,あて,1
7. MODE MOOD MODE,名詞,外野,1
7. MODE MOOD MODE,名詞,当て,1
7. MODE MOOD MODE,名詞,空間,1
7. MODE MOOD MODE,名詞,くず,1
7. MODE MOOD MODE,名詞,主導権,1
7. MODE MOOD MODE,名詞,八分目,1
7. MODE MOOD MODE,名詞,匂い,1
7. MODE MOOD MODE,名詞,派手,2
7. MODE MOOD MODE,名詞,当たり前,1
7. MODE MOOD MODE,名詞,取って,1
7. MODE MOOD MODE,名詞,その後,1
7. MODE MOOD MODE,名詞,理屈,1
7. MODE MOOD MODE,名詞,フェーズ,1
7. MODE MOOD MODE,名詞,ノイズ,1
7. MODE MOOD MODE,名詞,呆然,1
7. MODE MOOD MODE,名詞,凛,1
7. MODE MOOD MODE,名詞,土足,1
7. MODE MOOD MODE,名詞,感覚,1
7. MODE MOOD MODE,名詞,容赦,1
7. MODE MOOD MODE,名詞,ピッチ,1
7. MODE MOOD MODE,名詞,じき,1
7. MODE MOOD MODE,名詞,花びら,1
7. MODE MOOD MODE,名詞,蝶々,1
7. MODE MOOD MODE,名詞,散り散り,1
7. MODE MOOD MODE,名詞,連ね,1
7. MODE MOOD MODE,名詞,ネオンサイン,1
7. MODE MOOD MODE,名詞,浮世,1
7. MODE MOOD MODE,名詞,jungle,1
7. MODE MOOD MODE,名詞,各自,1
7. MODE MOOD MODE,名詞,チャラ,1
7. MODE MOOD MODE,名詞,怒り,1
7. MODE MOOD MODE,名詞,無力,1
7. MODE MOOD MODE,名詞,雑念,1
7. MODE MOOD MODE,名詞,正常,1
7. MODE MOOD MODE,名詞,収拾,1
7. MODE MOOD MODE,名詞,難易,1
7. MODE MOOD MODE,名詞,じまえ,1
7. MODE MOOD MODE,名詞,事前説明,1
7. MODE MOOD MODE,名詞,争い,1
7. MODE MOOD MODE,名詞,桜吹雪,1
7. MODE MOOD MODE,名詞,相違,1
7. MODE MOOD MODE,名詞,万事,1
7. MODE MOOD MODE,名詞,無礼講,1
7. MODE MOOD MODE,名詞,千切,1
7. MODE MOOD MODE,名詞,辺り,1
7. MODE MOOD MODE,名詞,順位,1
7. MODE MOOD MODE,名詞,逆転,1
7. MODE MOOD MODE,名詞,朝日,1
7. MODE MOOD MODE,名詞,残響,1
7. MODE MOOD MODE,名詞,もやもや,1
7. MODE MOOD MODE,名詞,懐古,1
7. MODE MOOD MODE,名詞,袂,1
7. MODE MOOD MODE,名詞,調子,1
7. MODE MOOD MODE,名詞,違い,1
7. MODE MOOD MODE,名詞,ワンパンチ,1
7. MODE MOOD MODE,名詞,休み,1
7. MODE MOOD MODE,名詞,しのぎ,1
7. MODE MOOD MODE,名詞,key,1
7. MODE MOOD MODE,名詞,オフサイド,1
7. MODE MOOD MODE,名詞,テキーラ,1
7. MODE MOOD MODE,名詞,ハレンチ,1
7. MODE MOOD MODE,名詞,容疑者,1
7. MODE MOOD MODE,名詞,一番,1
7. MODE MOOD MODE,名詞,もったい,1
7. MODE MOOD MODE,名詞,場,1
7. MODE MOOD MODE,名詞,宴,1
7. MODE MOOD MODE,名詞,スタンド,1
7. MODE MOOD MODE,名詞,人,1
7. MODE MOOD MODE,名詞,溝,1
7. MODE MOOD MODE,名詞,子,1
7. MODE MOOD MODE,名詞,最古,1
7. MODE MOOD MODE,名詞,この国,1
7. MODE MOOD MODE,名詞,和平,1
7. MODE MOOD MODE,名詞,やぶれかぶれ,1
7. MODE MOOD MODE,名詞,基準,1
7. MODE MOOD MODE,名詞,騒然,1
7. MODE MOOD MODE,名詞,検証,2
7. MODE MOOD MODE,名詞,チェックメイト,1
7. MODE MOOD MODE,名詞,Midnight,1
7. MODE MOOD MODE,名詞,行こう,1
7. MODE MOOD MODE,名詞,泉,1
7. MODE MOOD MODE,名詞,にも,1
7. MODE MOOD MODE,名詞,奴,1
7. MODE MOOD MODE,名詞,批准,1
7. MODE MOOD MODE,名詞,馬の骨,1
7. MODE MOOD MODE,名詞,奇襲,1
7. MODE MOOD MODE,名詞,骨相,1
7. MODE MOOD MODE,名詞,まちまち,1
7. MODE MOOD MODE,名詞,仕事,1
7. MODE MOOD MODE,名詞,ホイッスル,1
7. MODE MOOD MODE,名詞,無様,1
7. MODE MOOD MODE,名詞,誘惑,1
7. MODE MOOD MODE,名詞,兄ちゃん,1
7. MODE MOOD MODE,名詞,善人,1
7. MODE MOOD MODE,名詞,アナウンス,1
7. MODE MOOD MODE,名詞,涙腺,1
7. MODE MOOD MODE,名詞,段階,1
7. MODE MOOD MODE,名詞,戦場,1
7. MODE MOOD MODE,名詞,自宅,1
7. MODE MOOD MODE,名詞,常習犯,1
7. MODE MOOD MODE,名詞,ジュエリー,1
7. MODE MOOD MODE,名詞,金星人,1
7. MODE MOOD MODE,名詞,遊び,1
7. MODE MOOD MODE,名詞,政変,1
7. MODE MOOD MODE,名詞,キッチン,1
7. MODE MOOD MODE,名詞,三日坊主,1
7. MODE MOOD MODE,名詞,ブランチ,1
7. MODE MOOD MODE,名詞,一般男性,1
7. MODE MOOD MODE,名詞,迷子,1
7. MODE MOOD MODE,名詞,キャトルミュー,1
7. MODE MOOD MODE,名詞,ディレクターズカット,1
7. MODE MOOD MODE,名詞,てんじゃ,1
7. MODE MOOD MODE,名詞,黙認,1
7. MODE MOOD MODE,名詞,ドジョウ,1
7. MODE MOOD MODE,名詞,権力者,1
7. MODE MOOD MODE,名詞,結局,1
7. MODE MOOD MODE,名詞,ママ,1
7. MODE MOOD MODE,名詞,共感,1
7. MODE MOOD MODE,名詞,世の中,1
7. MODE MOOD MODE,名詞,邪念,1
7. MODE MOOD MODE,名詞,点火,1
7. MODE MOOD MODE,名詞,火星人,1
7. MODE MOOD MODE,名詞,分際,1
7. MODE MOOD MODE,名詞,傲慢,1
7. MODE MOOD MODE,名詞,手ぶら,1
7. MODE MOOD MODE,名詞,入れ,1
7. MODE MOOD MODE,名詞,クランク,1
7. MODE MOOD MODE,名詞,タイム,1
7. MODE MOOD MODE,名詞,献立,1
7. MODE MOOD MODE,名詞,回,1
7. MODE MOOD MODE,名詞,媚,1
7. MODE MOOD MODE,名詞,中毒,1
7. MODE MOOD MODE,名詞,つけ,1
7. MODE MOOD MODE,名詞,貧困,1
7. MODE MOOD MODE,名詞,たおやか,1
7. MODE MOOD MODE,名詞,フルコース,1
7. MODE MOOD MODE,名詞,トイレ,1
7. MODE MOOD MODE,名詞,デザート,1
7. MODE MOOD MODE,名詞,パパ,1
7. MODE MOOD MODE,名詞,天下,1
7. MODE MOOD MODE,名詞,イカサマ,1
7. MODE MOOD MODE,名詞,エイリアン,1
7. MODE MOOD MODE,名詞,口付け,1
7. MODE MOOD MODE,名詞,keep,1
7. MODE MOOD MODE,名詞,doubting,1
7. MODE MOOD MODE,名詞,添加,1
7. MODE MOOD MODE,名詞,本意,1
7. MODE MOOD MODE,名詞,本編,1
7. MODE MOOD MODE,名詞,on,1
7. MODE MOOD MODE,名詞,ウキウキ,1
7. MODE MOOD MODE,名詞,SF,1
7. MODE MOOD MODE,名詞,陶酔,1
7. MODE MOOD MODE,名詞,加護,1
7. MODE MOOD MODE,名詞,Yo,1
7. MODE MOOD MODE,名詞,本日,1
7. MODE MOOD MODE,名詞,門外漢,1
7. MODE MOOD MODE,名詞,自意識,2
7. MODE MOOD MODE,名詞,愛,1
7. MODE MOOD MODE,名詞,飽食,1
7. MODE MOOD MODE,名詞,cheese cake,1
7. MODE MOOD MODE,名詞,エンディング,1
7. MODE MOOD MODE,名詞,超能力,1
7. MODE MOOD MODE,名詞,総額,1
7. MODE MOOD MODE,名詞,したり顔,1
7. MODE MOOD MODE,名詞,混濁,1
7. MODE MOOD MODE,名詞,アップ!,1
7. MODE MOOD MODE,名詞,篩,1
7. MODE MOOD MODE,名詞,クライシス,1
7. MODE MOOD MODE,名詞,左脳,1
7. MODE MOOD MODE,名詞,凄惨,1
7. MODE MOOD MODE,名詞,致死量,1
7. MODE MOOD MODE,名詞,姉ちゃん,1
7. MODE MOOD MODE,名詞,転嫁,1
7. MODE MOOD MODE,名詞,秒読み,1
7. MODE MOOD MODE,名詞,歩,1
7. MODE MOOD MODE,名詞,誠意,1
7. MODE MOOD MODE,名詞,誠心,1
7. MODE MOOD MODE,名詞,タチ,1
7. MODE MOOD MODE,名詞,遠く遠く,1
7. MODE MOOD MODE,名詞,瞬間,2
7. MODE MOOD MODE,名詞,苦労,1
7. MODE MOOD MODE,名詞,反復,1
7. MODE MOOD MODE,名詞,意気,1
7. MODE MOOD MODE,名詞,チャンス,1
7. MODE MOOD MODE,名詞,アップ,1
7. MODE MOOD MODE,名詞,悪い,1
7. MODE MOOD MODE,名詞,相応,1
7. MODE MOOD MODE,名詞,なっち,1
7. MODE MOOD MODE,名詞,我,1
7. MODE MOOD MODE,名詞,圧倒的,1
7. MODE MOOD MODE,名詞,take,1
7. MODE MOOD MODE,名詞,高らか,1
7. MODE MOOD MODE,名詞,運命論,1
7. MODE MOOD MODE,名詞,性分,1
7. MODE MOOD MODE,名詞,先,1
7. MODE MOOD MODE,名詞,喧々,1
7. MODE MOOD MODE,名詞,美しい人,1
7. MODE MOOD MODE,名詞,永遠,1
7. MODE MOOD MODE,名詞,大胆,1
7. MODE MOOD MODE,名詞,シード,1
7. MODE MOOD MODE,名詞,仕組み,1
7. MODE MOOD MODE,名詞,場違い,1
7. MODE MOOD MODE,名詞,した,1
7. MODE MOOD MODE,名詞,敬称,1
7. MODE MOOD MODE,名詞,時点,1
7. MODE MOOD MODE,名詞,時計,2
7. MODE MOOD MODE,名詞,重宝,1
7. MODE MOOD MODE,名詞,ステージ,1
7. MODE MOOD MODE,名詞,そこ,1
7. MODE MOOD MODE,名詞,地味,1
7. MODE MOOD MODE,名詞,いつか,2
7. MODE MOOD MODE,名詞,一心,1
7. MODE MOOD MODE,名詞,heart,1
7. MODE MOOD MODE,名詞,安易,1
7. MODE MOOD MODE,名詞,消沈,1
7. MODE MOOD MODE,名詞,scope,1
7. MODE MOOD MODE,名詞,とんでも,1
7. MODE MOOD MODE,名詞,モーション,1
7. MODE MOOD MODE,名詞,invisible sensation,1
7. MODE MOOD MODE,名詞,囂々,1
7. MODE MOOD MODE,名詞,辞書,1
7. MODE MOOD MODE,名詞,成果,1
7. MODE MOOD MODE,名詞,ペース,1
7. MODE MOOD MODE,名詞,警鐘,1
7. MODE MOOD MODE,名詞,冷徹,1
7. MODE MOOD MODE,名詞,中心,1
7. MODE MOOD MODE,名詞,残酷,1
7. MODE MOOD MODE,名詞,努力,1
7. MODE MOOD MODE,名詞,生気,1
7. MODE MOOD MODE,名詞,ゃういらついちゃう,1
7. MODE MOOD MODE,名詞,分,1
7. MODE MOOD MODE,名詞,ヘラ,1
7. MODE MOOD MODE,名詞,順々,1
7. MODE MOOD MODE,名詞,粛々,1
7. MODE MOOD MODE,名詞,face to face,1
7. MODE MOOD MODE,名詞,礼,1
7. MODE MOOD MODE,名詞,覇気,1
7. MODE MOOD MODE,名詞,想起,1
7. MODE MOOD MODE,名詞,way,1
7. MODE MOOD MODE,名詞,コースアウト,1
7. MODE MOOD MODE,名詞,起立,1
7. MODE MOOD MODE,名詞,同時代,1
7. MODE MOOD MODE,名詞,クラクション,1
7. MODE MOOD MODE,名詞,答え,1
7. MODE MOOD MODE,名詞,that,1
7. MODE MOOD MODE,名詞,しょうが,1
7. MODE MOOD MODE,名詞,大差,1
7. MODE MOOD MODE,名詞,間違い,1
7. MODE MOOD MODE,名詞,河,1
7. MODE MOOD MODE,名詞,意味,1
7. MODE MOOD MODE,名詞,街,1
7. MODE MOOD MODE,名詞,ネオン,1
7. MODE MOOD MODE,名詞,琥珀,1
7. MODE MOOD MODE,名詞,だらけ,1
7. MODE MOOD MODE,名詞,フォトグラフ,1
7. MODE MOOD MODE,名詞,of,1
7. MODE MOOD MODE,名詞,Flashback,1
7. MODE MOOD MODE,名詞,ラララ,1
7. MODE MOOD MODE,名詞,針,1
7. MODE MOOD MODE,名詞,星,1
7. MODE MOOD MODE,名詞,向かい風,1
7. MODE MOOD MODE,名詞,渋滞,1
7. MODE MOOD MODE,名詞,river,1
7. MODE MOOD MODE,名詞,誇り,1
7. MODE MOOD MODE,名詞,涙,1
7. MODE MOOD MODE,名詞,ディナー,1
7. MODE MOOD MODE,名詞,スカイブルー,1
7. MODE MOOD MODE,名詞,色,1
7. MODE MOOD MODE,名詞,映画,1
7. MODE MOOD MODE,感動詞,ほら,5
7. MODE MOOD MODE,感動詞,さあ,1
7. MODE MOOD MODE,感動詞,ねえ,2
7. MODE MOOD MODE,感動詞,ああ,4
7. MODE MOOD MODE,感動詞,何だ,1
7. MODE MOOD MODE,感動詞,さよなら,1
7. MODE MOOD MODE,接続詞,または,1
7. MODE MOOD MODE,接続詞,そして,2
7. MODE MOOD MODE,接続詞,いや,1
7. MODE MOOD MODE,接続詞,さりとて,1
7. MODE MOOD MODE,接続詞,けど,1
7. MODE MOOD MODE,接続詞,だけど,1
7. MODE MOOD MODE,接続詞,ただ,1
7. MODE MOOD MODE,接続詞,それでも,1
7. MODE MOOD MODE,接続詞,でも,2
7. MODE MOOD MODE,接続詞,だから,2
7. MODE MOOD MODE,副詞,まあ,2
7. MODE MOOD MODE,副詞,ちょい,1
7. MODE MOOD MODE,副詞,どう,3
7. MODE MOOD MODE,副詞,しばらく,1
7. MODE MOOD MODE,副詞,いっそ,1
7. MODE MOOD MODE,副詞,もう一度,1
7. MODE MOOD MODE,副詞,ちょっと,4
7. MODE MOOD MODE,副詞,そう,6
7. MODE MOOD MODE,副詞,金輪際,1
7. MODE MOOD MODE,副詞,そろそろ,1
7. MODE MOOD MODE,副詞,せめて,1
7. MODE MOOD MODE,副詞,どうせ,2
7. MODE MOOD MODE,副詞,そんなに,1
7. MODE MOOD MODE,副詞,ちゃんと,4
7. MODE MOOD MODE,副詞,もう,6
7. MODE MOOD MODE,副詞,必ず,1
7. MODE MOOD MODE,副詞,ぐちゃぐちゃ,1
7. MODE MOOD MODE,副詞,とうに,2
7. MODE MOOD MODE,副詞,最早,1
7. MODE MOOD MODE,副詞,とても,1
7. MODE MOOD MODE,副詞,そのまま,3
7. MODE MOOD MODE,副詞,やっぱ,1
7. MODE MOOD MODE,副詞,依然,2
7. MODE MOOD MODE,副詞,どきっと,1
7. MODE MOOD MODE,副詞,もしも,2
7. MODE MOOD MODE,副詞,多分,3
7. MODE MOOD MODE,副詞,少し,4
7. MODE MOOD MODE,副詞,まだ,3
7. MODE MOOD MODE,副詞,きっと,3
7. MODE MOOD MODE,副詞,少々,1
7. MODE MOOD MODE,副詞,もしや,1
7. MODE MOOD MODE,副詞,一体,2
7. MODE MOOD MODE,副詞,皆目,1
7. MODE MOOD MODE,副詞,無理やり,1
7. MODE MOOD MODE,副詞,どうして,1
7. MODE MOOD MODE,副詞,せっかく,1
7. MODE MOOD MODE,副詞,到底,1
7. MODE MOOD MODE,副詞,さながら,1
7. MODE MOOD MODE,副詞,所詮,1
7. MODE MOOD MODE,副詞,ぐだぐだ,1
7. MODE MOOD MODE,副詞,どうも,1
7. MODE MOOD MODE,副詞,ずっと,2
7. MODE MOOD MODE,副詞,程なく,1
7. MODE MOOD MODE,副詞,次第に,1
7. MODE MOOD MODE,副詞,すぐ,1
7. MODE MOOD MODE,副詞,じわじわ,1
7. MODE MOOD MODE,副詞,当然,2
7. MODE MOOD MODE,副詞,さっさと,1
7. MODE MOOD MODE,副詞,往々,1
7. MODE MOOD MODE,副詞,大して,1
7. MODE MOOD MODE,副詞,ズカズカ,1
7. MODE MOOD MODE,副詞,やがて,1
7. MODE MOOD MODE,副詞,かく,1
7. MODE MOOD MODE,副詞,こぞって,1
7. MODE MOOD MODE,副詞,何様,1
7. MODE MOOD MODE,副詞,最も,1
7. MODE MOOD MODE,副詞,どうか,2
7. MODE MOOD MODE,副詞,もしかして,1
7. MODE MOOD MODE,副詞,やっと,1
7. MODE MOOD MODE,副詞,どうしても,1
7. MODE MOOD MODE,副詞,よく,2
7. MODE MOOD MODE,副詞,げに,1
7. MODE MOOD MODE,副詞,ろくに,1
7. MODE MOOD MODE,副詞,終始,1
7. MODE MOOD MODE,副詞,まさか,1
7. MODE MOOD MODE,副詞,もしか,1
7. MODE MOOD MODE,形容詞,欲しい,4
7. MODE MOOD MODE,形容詞,もったいない,2
7. MODE MOOD MODE,形容詞,おぼつかない,1
7. MODE MOOD MODE,形容詞,悲しい,2
7. MODE MOOD MODE,形容詞,甘い,5
7. MODE MOOD MODE,形容詞,酷い,1
7. MODE MOOD MODE,形容詞,苦い,2
7. MODE MOOD MODE,形容詞,悪い,4
7. MODE MOOD MODE,形容詞,づらい,1
7. MODE MOOD MODE,形容詞,無い,3
7. MODE MOOD MODE,形容詞,優しい,1
7. MODE MOOD MODE,形容詞,難しい,1
7. MODE MOOD MODE,形容詞,何気ない,1
7. MODE MOOD MODE,形容詞,騒々しい,1
7. MODE MOOD MODE,形容詞,またとない,1
7. MODE MOOD MODE,形容詞,淡い,1
7. MODE MOOD MODE,形容詞,強い,1
7. MODE MOOD MODE,形容詞,涼しい,1
7. MODE MOOD MODE,形容詞,よい,1
7. MODE MOOD MODE,形容詞,軽い,1
7. MODE MOOD MODE,形容詞,良い,2
7. MODE MOOD MODE,形容詞,重たい,1
7. MODE MOOD MODE,形容詞,汚い,1
7. MODE MOOD MODE,形容詞,美しい,1
7. MODE MOOD MODE,形容詞,目覚ましい,1
7. MODE MOOD MODE,形容詞,たくましい,1
7. MODE MOOD MODE,形容詞,厳しい,1
7. MODE MOOD MODE,形容詞,ほしい,1
7. MODE MOOD MODE,形容詞,うるさい,1
7. MODE MOOD MODE,連体詞,こんな,1
7. MODE MOOD MODE,連体詞,この,8
7. MODE MOOD MODE,連体詞,同じ,1
7. MODE MOOD MODE,連体詞,どんな,2
7. MODE MOOD MODE,連体詞,そんな,5
7. MODE MOOD MODE,連体詞,その,5
7. MODE MOOD MODE,連体詞,あの,1
7. MODE MOOD MODE,連体詞,大いなる,1
7. MODE MOOD MODE,連体詞,どの,1
8. Patric Vegee,接続詞,しかし,2
8. Patric Vegee,接続詞,んじゃ,1
8. Patric Vegee,接続詞,また,5
8. Patric Vegee,接続詞,でも,1
8. Patric Vegee,接続詞,だから,1
8. Patric Vegee,接続詞,だからこそ,1
8. Patric Vegee,接続詞,つまり,1
8. Patric Vegee,接続詞,それなら,1
8. Patric Vegee,接続詞,そして,2
8. Patric Vegee,接続詞,いや,1
8. Patric Vegee,接続詞,それでも,1
8. Patric Vegee,名詞,往来,1
8. Patric Vegee,名詞,散々,2
8. Patric Vegee,名詞,存在,1
8. Patric Vegee,名詞,またがり,1
8. Patric Vegee,名詞,雑念,1
8. Patric Vegee,名詞,ありあ,1
8. Patric Vegee,名詞,自在,1
8. Patric Vegee,名詞,限り,2
8. Patric Vegee,名詞,邪魔,3
8. Patric Vegee,名詞,方,6
8. Patric Vegee,名詞,私,1
8. Patric Vegee,名詞,的,1
8. Patric Vegee,名詞,橋,1
8. Patric Vegee,名詞,楽しみ,1
8. Patric Vegee,名詞,手打ち,1
8. Patric Vegee,名詞,渇望,1
8. Patric Vegee,名詞,難,1
8. Patric Vegee,名詞,ばら,1
8. Patric Vegee,名詞,センス,1
8. Patric Vegee,名詞,後続,1
8. Patric Vegee,名詞,50000,1
8. Patric Vegee,名詞,ヤギ,1
8. Patric Vegee,名詞,回,2
8. Patric Vegee,名詞,hatch,1
8. Patric Vegee,名詞,面,1
8. Patric Vegee,名詞,民,1
8. Patric Vegee,名詞,判断,1
8. Patric Vegee,名詞,不幸,1
8. Patric Vegee,名詞,A,1
8. Patric Vegee,名詞,I,2
8. Patric Vegee,名詞,二十色,1
8. Patric Vegee,名詞,game,1
8. Patric Vegee,名詞,人,1
8. Patric Vegee,名詞,らし,1
8. Patric Vegee,名詞,あらすじ,1
8. Patric Vegee,名詞,さん,2
8. Patric Vegee,名詞,常識,3
8. Patric Vegee,名詞,切り取り,1
8. Patric Vegee,名詞,無作為,1
8. Patric Vegee,名詞,need,1
8. Patric Vegee,名詞,幸,1
8. Patric Vegee,名詞,動向,1
8. Patric Vegee,名詞,十,1
8. Patric Vegee,名詞,両立,1
8. Patric Vegee,名詞,白,1
8. Patric Vegee,名詞,行儀,1
8. Patric Vegee,名詞,にも,1
8. Patric Vegee,名詞,骨,1
8. Patric Vegee,名詞,B,1
8. Patric Vegee,名詞,賽,1
8. Patric Vegee,名詞,愛してる,1
8. Patric Vegee,名詞,愚者,1
8. Patric Vegee,名詞,際限,1
8. Patric Vegee,名詞,偏り,1
8. Patric Vegee,名詞,20000,1
8. Patric Vegee,名詞,定期,1
8. Patric Vegee,名詞,定石,1
8. Patric Vegee,名詞,no,1
8. Patric Vegee,名詞,鬼門,1
8. Patric Vegee,名詞,勝者,1
8. Patric Vegee,名詞,とこ,1
8. Patric Vegee,名詞,綽綽,1
8. Patric Vegee,名詞,さよなら,1
8. Patric Vegee,名詞,口癖,1
8. Patric Vegee,名詞,光,3
8. Patric Vegee,名詞,待ち,1
8. Patric Vegee,名詞,簡単,2
8. Patric Vegee,名詞,順番,1
8. Patric Vegee,名詞,瞬間,1
8. Patric Vegee,名詞,勲章,1
8. Patric Vegee,名詞,一人ぼっち,1
8. Patric Vegee,名詞,明かり,1
8. Patric Vegee,名詞,循環,1
8. Patric Vegee,名詞,不思議,2
8. Patric Vegee,名詞,エンジン,1
8. Patric Vegee,名詞,誰か,3
8. Patric Vegee,名詞,時,2
8. Patric Vegee,名詞,迷子,3
8. Patric Vegee,名詞,僕,3
8. Patric Vegee,名詞,必要,2
8. Patric Vegee,名詞,君,7
8. Patric Vegee,名詞,街,2
8. Patric Vegee,名詞,気,3
8. Patric Vegee,名詞,一つ,2
8. Patric Vegee,名詞,隙間,2
8. Patric Vegee,名詞,言葉,2
8. Patric Vegee,名詞,頼り,1
8. Patric Vegee,名詞,アスファルト,1
8. Patric Vegee,名詞,大嫌い,1
8. Patric Vegee,名詞,インチキ,1
8. Patric Vegee,名詞,全部,3
8. Patric Vegee,名詞,逡巡,1
8. Patric Vegee,名詞,星,2
8. Patric Vegee,名詞,純粋,3
8. Patric Vegee,名詞,音,3
8. Patric Vegee,名詞,優しさ,1
8. Patric Vegee,名詞,なんとかなる,1
8. Patric Vegee,名詞,間,1
8. Patric Vegee,名詞,おみやげ,1
8. Patric Vegee,名詞,年月,1
8. Patric Vegee,名詞,何,4
8. Patric Vegee,名詞,モード,1
8. Patric Vegee,名詞,まんま,1
8. Patric Vegee,名詞,誰,2
8. Patric Vegee,名詞,月,1
8. Patric Vegee,名詞,Ah,2
8. Patric Vegee,名詞,雲,1
8. Patric Vegee,名詞,様,2
8. Patric Vegee,名詞,恋,4
8. Patric Vegee,名詞,物語,3
8. Patric Vegee,名詞,嫌,3
8. Patric Vegee,名詞,もん,1
8. Patric Vegee,名詞,今,6
8. Patric Vegee,名詞,今日,4
8. Patric Vegee,名詞,不文律,1
8. Patric Vegee,名詞,運命,5
8. Patric Vegee,名詞,天秤,1
8. Patric Vegee,名詞,信号,1
8. Patric Vegee,名詞,かも,1
8. Patric Vegee,名詞,車,1
8. Patric Vegee,名詞,後悔,2
8. Patric Vegee,名詞,気持ち,2
8. Patric Vegee,名詞,4年,1
8. Patric Vegee,名詞,約束,1
8. Patric Vegee,名詞,正常,1
8. Patric Vegee,名詞,遊び,1
8. Patric Vegee,名詞,でたらめ,1
8. Patric Vegee,名詞,七,1
8. Patric Vegee,名詞,日々,1
8. Patric Vegee,名詞,歩幅,1
8. Patric Vegee,名詞,未来,3
8. Patric Vegee,名詞,ピース,1
8. Patric Vegee,名詞,幸せ,5
8. Patric Vegee,名詞,雨が降っても,1
8. Patric Vegee,名詞,魔法,1
8. Patric Vegee,名詞,期,1
8. Patric Vegee,名詞,世界,3
8. Patric Vegee,名詞,パズル,1
8. Patric Vegee,名詞,準備,2
8. Patric Vegee,名詞,嘘,4
8. Patric Vegee,名詞,感情,1
8. Patric Vegee,名詞,たち,2
8. Patric Vegee,名詞,エピローグ,1
8. Patric Vegee,名詞,手,1
8. Patric Vegee,名詞,鼓動,1
8. Patric Vegee,名詞,後,1
8. Patric Vegee,名詞,本当,3
8. Patric Vegee,名詞,素敵,1
8. Patric Vegee,名詞,囁き,1
8. Patric Vegee,名詞,海岸線,1
8. Patric Vegee,名詞,通過,2
8. Patric Vegee,名詞,どうでしょう,1
8. Patric Vegee,名詞,はず,3
8. Patric Vegee,名詞,季節,3
8. Patric Vegee,名詞,おでかけ,1
8. Patric Vegee,名詞,好き,2
8. Patric Vegee,名詞,値,1
8. Patric Vegee,名詞,暁,1
8. Patric Vegee,名詞,はじまり,1
8. Patric Vegee,名詞,日,2
8. Patric Vegee,名詞,プロローグ,1
8. Patric Vegee,名詞,大好き,1
8. Patric Vegee,名詞,うち,1
8. Patric Vegee,名詞,イメージ,1
8. Patric Vegee,名詞,よ,1
8. Patric Vegee,名詞,メロディー,1
8. Patric Vegee,名詞,いたずら,2
8. Patric Vegee,名詞,エピソード,1
8. Patric Vegee,名詞,色,2
8. Patric Vegee,名詞,スキャンダラス,1
8. Patric Vegee,名詞,話,2
8. Patric Vegee,名詞,足,3
8. Patric Vegee,名詞,願いごと,1
8. Patric Vegee,名詞,興味本位,1
8. Patric Vegee,名詞,暇,1
8. Patric Vegee,名詞,後戻り,1
8. Patric Vegee,名詞,どこか,1
8. Patric Vegee,名詞,絶対,1
8. Patric Vegee,名詞,空回,1
8. Patric Vegee,名詞,違和感,2
8. Patric Vegee,名詞,遺恨,1
8. Patric Vegee,名詞,朝日,1
8. Patric Vegee,名詞,ごと,1
8. Patric Vegee,名詞,夜,1
8. Patric Vegee,名詞,前,2
8. Patric Vegee,名詞,伝説,1
8. Patric Vegee,名詞,遊山,1
8. Patric Vegee,名詞,場違い,1
8. Patric Vegee,名詞,伴,1
8. Patric Vegee,名詞,消息,1
8. Patric Vegee,名詞,浅瀬,1
8. Patric Vegee,名詞,雑音,1
8. Patric Vegee,名詞,以上,2
8. Patric Vegee,名詞,きれいごと,1
8. Patric Vegee,名詞,泡,1
8. Patric Vegee,名詞,ないん,1
8. Patric Vegee,名詞,ようやく,1
8. Patric Vegee,名詞,リンク,1
8. Patric Vegee,名詞,いつか,1
8. Patric Vegee,名詞,彼女,1
8. Patric Vegee,名詞,大事,2
8. Patric Vegee,名詞,恐怖,2
8. Patric Vegee,名詞,過去,1
8. Patric Vegee,名詞,検証,2
8. Patric Vegee,名詞,耳鳴り,1
8. Patric Vegee,名詞,真実,1
8. Patric Vegee,名詞,悟り,1
8. Patric Vegee,名詞,ここ,2
8. Patric Vegee,名詞,夢見,1
8. Patric Vegee,名詞,物見,1
8. Patric Vegee,名詞,覇気,1
8. Patric Vegee,名詞,お願い,1
8. Patric Vegee,名詞,マーメイド,1
8. Patric Vegee,名詞,声,3
8. Patric Vegee,名詞,if,1
8. Patric Vegee,名詞,痕跡,1
8. Patric Vegee,名詞,スキャット,1
8. Patric Vegee,名詞,我が身,1
8. Patric Vegee,名詞,魅惑,1
8. Patric Vegee,名詞,ツーストライク,1
8. Patric Vegee,名詞,You,1
8. Patric Vegee,名詞,somebody,1
8. Patric Vegee,名詞,すで,2
8. Patric Vegee,名詞,同然,1
8. Patric Vegee,名詞,ツーアウト,1
8. Patric Vegee,名詞,確信,1
8. Patric Vegee,名詞,笑顔,2
8. Patric Vegee,名詞,crazy,1
8. Patric Vegee,名詞,baby,1
8. Patric Vegee,名詞,アイズワイド,1
8. Patric Vegee,名詞,music,1
8. Patric Vegee,名詞,新世紀,1
8. Patric Vegee,名詞,熱,1
8. Patric Vegee,名詞,エスケープ,1
8. Patric Vegee,名詞,doubt,1
8. Patric Vegee,名詞,先生,1
8. Patric Vegee,名詞,ミット,1
8. Patric Vegee,名詞,ワイド,1
8. Patric Vegee,名詞,しな,1
8. Patric Vegee,名詞,ベソ,1
8. Patric Vegee,名詞,ギター,1
8. Patric Vegee,名詞,目,3
8. Patric Vegee,名詞,レイテンシー,2
8. Patric Vegee,名詞,おやつ,1
8. Patric Vegee,名詞,スタンプラリー,1
8. Patric Vegee,名詞,腕,1
8. Patric Vegee,名詞,解読,1
8. Patric Vegee,名詞,心,4
8. Patric Vegee,名詞,pop,1
8. Patric Vegee,名詞,ネジ,1
8. Patric Vegee,名詞,救世主,1
8. Patric Vegee,名詞,今世紀,1
8. Patric Vegee,名詞,festival,1
8. Patric Vegee,名詞,意図,1
8. Patric Vegee,名詞,rock,1
8. Patric Vegee,名詞,そこ,1
8. Patric Vegee,名詞,go round,1
8. Patric Vegee,名詞,あいつら,1
8. Patric Vegee,名詞,今夜,1
8. Patric Vegee,名詞,点,1
8. Patric Vegee,名詞,上手,1
8. Patric Vegee,名詞,スカート,1
8. Patric Vegee,名詞,解雇,1
8. Patric Vegee,名詞,命,1
8. Patric Vegee,名詞,筆箱,1
8. Patric Vegee,名詞,ジョーズ,1
8. Patric Vegee,名詞,溝,1
8. Patric Vegee,名詞,油断,2
8. Patric Vegee,名詞,it,1
8. Patric Vegee,名詞,まばたき,2
8. Patric Vegee,名詞,s,2
8. Patric Vegee,名詞,上,1
8. Patric Vegee,名詞,覚悟,2
8. Patric Vegee,名詞,フルスイング,1
8. Patric Vegee,名詞,暴投,1
8. Patric Vegee,名詞,must,1
8. Patric Vegee,名詞,勝手,1
8. Patric Vegee,名詞,僕ら,3
8. Patric Vegee,名詞,わけ,1
8. Patric Vegee,名詞,may,1
8. Patric Vegee,名詞,派手,1
8. Patric Vegee,名詞,愛,2
8. Patric Vegee,名詞,がん,1
8. Patric Vegee,名詞,love you,1
8. Patric Vegee,名詞,迷路,2
8. Patric Vegee,名詞,Somebody,1
8. Patric Vegee,名詞,ハガネ,1
8. Patric Vegee,名詞,ジャッジ,1
8. Patric Vegee,名詞,凸凹,1
8. Patric Vegee,名詞,地下室,1
8. Patric Vegee,名詞,理,1
8. Patric Vegee,名詞,待った,1
8. Patric Vegee,名詞,即日,1
8. Patric Vegee,名詞,内,1
8. Patric Vegee,名詞,直球,1
8. Patric Vegee,名詞,角度,1
8. Patric Vegee,名詞,テイクミーアウト,1
8. Patric Vegee,名詞,アイズ,1
8. Patric Vegee,名詞,ペン,1
8. Patric Vegee,名詞,パパラパラ,1
8. Patric Vegee,名詞,心肝,1
8. Patric Vegee,名詞,ランダム,1
8. Patric Vegee,名詞,クワイエット,1
8. Patric Vegee,名詞,均等,1
8. Patric Vegee,名詞,面倒,1
8. Patric Vegee,名詞,無視,1
8. Patric Vegee,名詞,シンプル,1
8. Patric Vegee,名詞,権,1
8. Patric Vegee,名詞,禁物,1
8. Patric Vegee,名詞,やつ,2
8. Patric Vegee,名詞,合図,2
8. Patric Vegee,名詞,応答,1
8. Patric Vegee,名詞,確実,1
8. Patric Vegee,名詞,頃,2
8. Patric Vegee,名詞,エマージェンシー,1
8. Patric Vegee,名詞,自爆,1
8. Patric Vegee,名詞,敬具,1
8. Patric Vegee,名詞,カウントダウン,1
8. Patric Vegee,名詞,却下,1
8. Patric Vegee,名詞,記念日,1
8. Patric Vegee,名詞,栄光,2
8. Patric Vegee,名詞,所望,1
8. Patric Vegee,名詞,温度,1
8. Patric Vegee,名詞,迅速,1
8. Patric Vegee,名詞,ケア,1
8. Patric Vegee,名詞,夜更け,1
8. Patric Vegee,名詞,反撃,1
8. Patric Vegee,名詞,七変化,1
8. Patric Vegee,名詞,満を持す,1
8. Patric Vegee,名詞,命令,1
8. Patric Vegee,名詞,忠実,1
8. Patric Vegee,名詞,不明瞭,1
8. Patric Vegee,名詞,こっち,1
8. Patric Vegee,名詞,減点,1
8. Patric Vegee,名詞,北極星,1
8. Patric Vegee,名詞,ジグザグ,1
8. Patric Vegee,名詞,フル,1
8. Patric Vegee,名詞,やろう,1
8. Patric Vegee,名詞,脳髄,1
8. Patric Vegee,名詞,太陽,1
8. Patric Vegee,名詞,点と線,1
8. Patric Vegee,名詞,SOS,1
8. Patric Vegee,名詞,宇宙船,1
8. Patric Vegee,名詞,些末,1
8. Patric Vegee,名詞,ヘクト,1
8. Patric Vegee,名詞,癖,1
8. Patric Vegee,名詞,朝,1
8. Patric Vegee,名詞,拝啓,1
8. Patric Vegee,名詞,対象,1
8. Patric Vegee,名詞,都合,1
8. Patric Vegee,名詞,パスカル,1
8. Patric Vegee,名詞,枷,1
8. Patric Vegee,名詞,逆戻り,1
8. Patric Vegee,名詞,絶好,1
8. Patric Vegee,名詞,ニュース,1
8. Patric Vegee,名詞,地図,1
8. Patric Vegee,名詞,風,2
8. Patric Vegee,名詞,ちゃらちゃら,1
8. Patric Vegee,名詞,自意識,1
8. Patric Vegee,名詞,せい,4
8. Patric Vegee,名詞,損,1
8. Patric Vegee,名詞,意外,1
8. Patric Vegee,名詞,皮肉,1
8. Patric Vegee,名詞,頬,2
8. Patric Vegee,名詞,四半世紀,1
8. Patric Vegee,名詞,ハーモニー,1
8. Patric Vegee,名詞,Xデー,1
8. Patric Vegee,名詞,決定,1
8. Patric Vegee,名詞,影,2
8. Patric Vegee,名詞,幾何学,1
8. Patric Vegee,名詞,いずれ,1
8. Patric Vegee,名詞,僕たち,1
8. Patric Vegee,名詞,いい加減,1
8. Patric Vegee,名詞,アリ,1
8. Patric Vegee,名詞,サイン,1
8. Patric Vegee,名詞,擬,1
8. Patric Vegee,名詞,リボン,1
8. Patric Vegee,名詞,ナシ,1
8. Patric Vegee,名詞,白状,1
8. Patric Vegee,名詞,ボール,1
8. Patric Vegee,名詞,先輩,1
8. Patric Vegee,名詞,肥大化,1
8. Patric Vegee,名詞,死,1
8. Patric Vegee,名詞,ヴェール,1
8. Patric Vegee,名詞,ヘイドクターメス,1
8. Patric Vegee,名詞,バイアス,1
8. Patric Vegee,名詞,浜崎,1
8. Patric Vegee,名詞,句,1
8. Patric Vegee,名詞,順応,1
8. Patric Vegee,名詞,はしゃ,1
8. Patric Vegee,名詞,ユートピア,1
8. Patric Vegee,名詞,期待,1
8. Patric Vegee,名詞,む,1
8. Patric Vegee,名詞,信心,1
8. Patric Vegee,名詞,小林,1
8. Patric Vegee,名詞,注射,1
8. Patric Vegee,名詞,番号,1
8. Patric Vegee,名詞,賤,1
8. Patric Vegee,名詞,子,1
8. Patric Vegee,名詞,健全,1
8. Patric Vegee,名詞,内外,1
8. Patric Vegee,名詞,早合点,1
8. Patric Vegee,名詞,ゲーム,1
8. Patric Vegee,名詞,留守番,1
8. Patric Vegee,名詞,尊厳,1
8. Patric Vegee,名詞,手遅れ,1
8. Patric Vegee,名詞,oh,1
8. Patric Vegee,名詞,向上心,1
8. Patric Vegee,名詞,受け答え,1
8. Patric Vegee,名詞,切り札,1
8. Patric Vegee,名詞,有無,1
8. Patric Vegee,名詞,回答,1
8. Patric Vegee,名詞,贅沢,1
8. Patric Vegee,名詞,くん,1
8. Patric Vegee,名詞,独創性,1
8. Patric Vegee,名詞,敗北,1
8. Patric Vegee,名詞,手詰まり,1
8. Patric Vegee,名詞,撤退,1
8. Patric Vegee,名詞,万人,1
8. Patric Vegee,名詞,常套,1
8. Patric Vegee,名詞,淀み,1
8. Patric Vegee,名詞,サヨナラ,1
8. Patric Vegee,名詞,教育,1
8. Patric Vegee,名詞,君の声,1
8. Patric Vegee,名詞,Miss,1
8. Patric Vegee,名詞,検討事項,1
8. Patric Vegee,名詞,器用,1
8. Patric Vegee,名詞,間違い,1
8. Patric Vegee,名詞,ヘタ,1
8. Patric Vegee,名詞,選択肢,1
8. Patric Vegee,名詞,よね,1
8. Patric Vegee,名詞,帳尻,1
8. Patric Vegee,名詞,気まぐれ,1
8. Patric Vegee,名詞,ヒビ,1
8. Patric Vegee,名詞,意味,1
8. Patric Vegee,名詞,中,2
8. Patric Vegee,名詞,この道,1
8. Patric Vegee,名詞,方程式,1
8. Patric Vegee,名詞,何回,1
8. Patric Vegee,名詞,描き方,1
8. Patric Vegee,名詞,先,2
8. Patric Vegee,名詞,景色,1
8. Patric Vegee,名詞,推測,1
8. Patric Vegee,名詞,事項,1
8. Patric Vegee,名詞,どっち,2
8. Patric Vegee,名詞,道,2
8. Patric Vegee,名詞,かっこ,1
8. Patric Vegee,名詞,夏影,1
8. Patric Vegee,名詞,ジョーク,1
8. Patric Vegee,名詞,精査,1
8. Patric Vegee,名詞,勇気,3
8. Patric Vegee,名詞,先回り,1
8. Patric Vegee,名詞,幻,1
8. Patric Vegee,名詞,ダメ,2
8. Patric Vegee,名詞,花火,1
8. Patric Vegee,名詞,ふいに,1
8. Patric Vegee,名詞,夏の夜,1
8. Patric Vegee,名詞,くせ,1
8. Patric Vegee,名詞,次,1
8. Patric Vegee,名詞,ループ,1
8. Patric Vegee,名詞,微か,1
8. Patric Vegee,名詞,意識,1
8. Patric Vegee,名詞,気丈,1
8. Patric Vegee,名詞,テールライト,1
8. Patric Vegee,名詞,仮説,1
8. Patric Vegee,名詞,このまま,1
8. Patric Vegee,名詞,秒速,1
8. Patric Vegee,名詞,大切,2
8. Patric Vegee,名詞,急,1
8. Patric Vegee,名詞,底,1
8. Patric Vegee,名詞,I'll,1
8. Patric Vegee,名詞,無力,1
8. Patric Vegee,名詞,ゴミ,1
8. Patric Vegee,名詞,蝶,1
8. Patric Vegee,名詞,不条理,1
8. Patric Vegee,名詞,闇,1
8. Patric Vegee,名詞,共感,1
8. Patric Vegee,名詞,never,1
8. Patric Vegee,名詞,裏腹,1
8. Patric Vegee,名詞,catch,1
8. Patric Vegee,名詞,不可解,1
8. Patric Vegee,名詞,無,1
8. Patric Vegee,名詞,激流,1
8. Patric Vegee,名詞,Phantom,1
8. Patric Vegee,名詞,枯れ葉,1
8. Patric Vegee,名詞,引き金,1
8. Patric Vegee,名詞,納得,1
8. Patric Vegee,名詞,フレーズ,1
8. Patric Vegee,名詞,蜃気楼,1
8. Patric Vegee,名詞,begun,1
8. Patric Vegee,名詞,理由,3
8. Patric Vegee,名詞,正義,1
8. Patric Vegee,名詞,bad,1
8. Patric Vegee,名詞,善,1
8. Patric Vegee,名詞,スパイダー,1
8. Patric Vegee,名詞,幕が上がる,1
8. Patric Vegee,名詞,悪,1
8. Patric Vegee,名詞,ピント,1
8. Patric Vegee,名詞,evidence,1
8. Patric Vegee,名詞,露,1
8. Patric Vegee,名詞,不整,1
8. Patric Vegee,名詞,フェード,1
8. Patric Vegee,名詞,野暮,1
8. Patric Vegee,名詞,賞賛,1
8. Patric Vegee,名詞,ネット,1
8. Patric Vegee,名詞,明,1
8. Patric Vegee,名詞,前途,1
8. Patric Vegee,名詞,時間,2
8. Patric Vegee,名詞,引力,1
8. Patric Vegee,名詞,あと,1
8. Patric Vegee,名詞,冗談,1
8. Patric Vegee,名詞,証明,1
8. Patric Vegee,名詞,辻褄,1
8. Patric Vegee,名詞,誰だ,1
8. Patric Vegee,名詞,足かせ,1
8. Patric Vegee,名詞,ターゲット,1
8. Patric Vegee,名詞,正体不明,1
8. Patric Vegee,名詞,基準,1
8. Patric Vegee,名詞,つまり,1
8. Patric Vegee,名詞,だめ,1
8. Patric Vegee,名詞,無慈悲,1
8. Patric Vegee,名詞,華麗,1
8. Patric Vegee,名詞,審議,1
8. Patric Vegee,名詞,思考停止,1
8. Patric Vegee,名詞,fake,1
8. Patric Vegee,名詞,空,1
8. Patric Vegee,名詞,無下,1
8. Patric Vegee,名詞,不能,1
8. Patric Vegee,名詞,チューニング,1
8. Patric Vegee,名詞,理路,1
8. Patric Vegee,名詞,結末,1
8. Patric Vegee,名詞,暗々,1
8. Patric Vegee,名詞,注意,1
8. Patric Vegee,名詞,旅,1
8. Patric Vegee,名詞,退屈,2
8. Patric Vegee,名詞,爆弾,1
8. Patric Vegee,名詞,魂胆,1
8. Patric Vegee,名詞,ベチャ,1
8. Patric Vegee,名詞,単純,2
8. Patric Vegee,名詞,とっく,1
8. Patric Vegee,名詞,どうする?,1
8. Patric Vegee,名詞,正面,1
8. Patric Vegee,名詞,マジチョロ,1
8. Patric Vegee,名詞,じわり,1
8. Patric Vegee,名詞,きっと,2
8. Patric Vegee,名詞,某,1
8. Patric Vegee,名詞,The,1
8. Patric Vegee,名詞,背中合わせ,1
8. Patric Vegee,名詞,万事,1
8. Patric Vegee,名詞,将軍,1
8. Patric Vegee,名詞,一丸,1
8. Patric Vegee,名詞,泥沼,1
8. Patric Vegee,名詞,万,1
8. Patric Vegee,名詞,信頼,1
8. Patric Vegee,名詞,問題,1
8. Patric Vegee,名詞,ba,1
8. Patric Vegee,名詞,たくない,1
8. Patric Vegee,名詞,癇癪,1
8. Patric Vegee,名詞,ハッピー!,1
8. Patric Vegee,名詞,筆記,1
8. Patric Vegee,名詞,the world,1
8. Patric Vegee,名詞,造作,1
8. Patric Vegee,名詞,Reborn,1
8. Patric Vegee,名詞,マジ,1
8. Patric Vegee,名詞,次元,1
8. Patric Vegee,名詞,ぎるるるるるるるるる,1
8. Patric Vegee,名詞,コントロール,1
8. Patric Vegee,名詞,その間,1
8. Patric Vegee,名詞,高揚,1
8. Patric Vegee,名詞,クライマックス,1
8. Patric Vegee,名詞,歴代,1
8. Patric Vegee,名詞,何色,1
8. Patric Vegee,名詞,態度,1
8. Patric Vegee,名詞,da-da,1
8. Patric Vegee,名詞,正味,1
8. Patric Vegee,名詞,不在,1
8. Patric Vegee,名詞,fantastic,1
8. Patric Vegee,名詞,二次関数,1
8. Patric Vegee,名詞,da,1
8. Patric Vegee,名詞,修了,1
8. Patric Vegee,名詞,My,1
8. Patric Vegee,名詞,喝采,1
8. Patric Vegee,名詞,アポイント,1
8. Patric Vegee,名詞,ロックンロール,1
8. Patric Vegee,名詞,ところ,1
8. Patric Vegee,名詞,担当者,1
8. Patric Vegee,名詞,全く,1
8. Patric Vegee,名詞,口実,1
8. Patric Vegee,名詞,world,1
8. Patric Vegee,名詞,どうなる?,1
8. Patric Vegee,名詞,six,1
8. Patric Vegee,名詞,一聴,1
8. Patric Vegee,名詞,千,1
8. Patric Vegee,名詞,彼,1
8. Patric Vegee,名詞,化,1
8. Patric Vegee,名詞,シータタンジェント,1
8. Patric Vegee,名詞,有機物,1
8. Patric Vegee,名詞,Continue?,1
8. Patric Vegee,名詞,ただ,1
8. Patric Vegee,名詞,ゴツゴツ,1
8. Patric Vegee,名詞,Five,1
8. Patric Vegee,名詞,fancy,1
8. Patric Vegee,名詞,変幻,1
8. Patric Vegee,名詞,奴,1
8. Patric Vegee,名詞,lonely,1
8. Patric Vegee,名詞,革命,1
8. Patric Vegee,名詞,与奪,1
8. Patric Vegee,名詞,ロールシャッハ,1
8. Patric Vegee,名詞,Fancy,1
8. Patric Vegee,名詞,純情,1
8. Patric Vegee,名詞,is,1
8. Patric Vegee,名詞,王国,1
8. Patric Vegee,名詞,guitar,1
8. Patric Vegee,名詞,変,1
8. Patric Vegee,名詞,Sha,1
8. Patric Vegee,名詞,そうだ,1
8. Patric Vegee,名詞,孤独な惑星,1
8. Patric Vegee,名詞,ほん,1
8. Patric Vegee,名詞,ぼくら,1
8. Patric Vegee,名詞,明日,1
8. Patric Vegee,名詞,予定,1
8. Patric Vegee,名詞,独りぼっち,1
8. Patric Vegee,名詞,坂,1
8. Patric Vegee,名詞,わがまま,1
8. Patric Vegee,名詞,晩御飯,1
8. Patric Vegee,名詞,帰り道,1
8. Patric Vegee,名詞,不安,1
8. Patric Vegee,名詞,自分,1
8. Patric Vegee,名詞,ごめんね,2
8. Patric Vegee,名詞,みじめ,1
8. Patric Vegee,名詞,宇宙,1
8. Patric Vegee,名詞,冬,1
8. Patric Vegee,名詞,お互い,1
8. Patric Vegee,名詞,不透明,1
8. Patric Vegee,名詞,しあわせ,1
8. Patric Vegee,名詞,たいせつ,1
8. Patric Vegee,名詞,当たり前,1
8. Patric Vegee,名詞,話題,1
8. Patric Vegee,名詞,あいまい,1
8. Patric Vegee,名詞,春,2
8. Patric Vegee,名詞,かえり,1
8. Patric Vegee,名詞,日常,1
8. Patric Vegee,名詞,写真,1
8. Patric Vegee,名詞,友達,1
8. Patric Vegee,名詞,ケンカ,1
8. Patric Vegee,名詞,たんぽぽ,1
8. Patric Vegee,名詞,舌,1
8. Patric Vegee,名詞,ナナメ,1
8. Patric Vegee,名詞,想い,1
8. Patric Vegee,名詞,追い風,1
8. Patric Vegee,名詞,神様,1
8. Patric Vegee,名詞,ページ,1
8. Patric Vegee,名詞,それぞれ,1
8. Patric Vegee,名詞,髪型,1
8. Patric Vegee,名詞,パチリ,1
8. Patric Vegee,名詞,傘,1
8. Patric Vegee,名詞,水たまり,1
8. Patric Vegee,名詞,花,1
8. Patric Vegee,名詞,マル,1
8. Patric Vegee,名詞,一瞬,1
8. Patric Vegee,名詞,飛沫,1
8. Patric Vegee,名詞,コトリ,1
8. Patric Vegee,名詞,胸,1
8. Patric Vegee,名詞,筆,1
8. Patric Vegee,名詞,ろ,1
8. Patric Vegee,名詞,高,1
8. Patric Vegee,名詞,数,1
8. Patric Vegee,名詞,ちぐはぐ,1
8. Patric Vegee,名詞,雫,1
8. Patric Vegee,名詞,ゼロ,1
8. Patric Vegee,名詞,針,1
8. Patric Vegee,名詞,一個,1
8. Patric Vegee,名詞,い色,1
8. Patric Vegee,名詞,どちら,1
8. Patric Vegee,名詞,度目,1
8. Patric Vegee,名詞,鳴り,1
8. Patric Vegee,名詞,暖か,1
8. Patric Vegee,名詞,答,1
8. Patric Vegee,名詞,視界,1
8. Patric Vegee,名詞,右左,1
8. Patric Vegee,名詞,正解,1
8. Patric Vegee,名詞,ざまみ,1
8. Patric Vegee,名詞,片道切符,1
8. Patric Vegee,名詞,絵の具,1
8. Patric Vegee,名詞,泣き顔,1
8. Patric Vegee,名詞,雪,1
8. Patric Vegee,名詞,夢,1
8. Patric Vegee,名詞,木漏れ日,1
8. Patric Vegee,感動詞,ああ,1
8. Patric Vegee,感動詞,ごめん,1
8. Patric Vegee,感動詞,ほら,5
8. Patric Vegee,感動詞,さぁ,1
8. Patric Vegee,感動詞,おい,1
8. Patric Vegee,形容詞,欲しい,3
8. Patric Vegee,形容詞,たのしい,1
8. Patric Vegee,形容詞,白い,1
8. Patric Vegee,形容詞,無い,1
8. Patric Vegee,形容詞,程よい,1
8. Patric Vegee,形容詞,果てしない,1
8. Patric Vegee,形容詞,良い,3
8. Patric Vegee,形容詞,心許ない,1
8. Patric Vegee,形容詞,ダサい,2
8. Patric Vegee,形容詞,情けない,1
8. Patric Vegee,形容詞,よろしい,1
8. Patric Vegee,形容詞,歯がゆい,1
8. Patric Vegee,形容詞,多い,1
8. Patric Vegee,形容詞,拙い,1
8. Patric Vegee,形容詞,小さい,1
8. Patric Vegee,形容詞,つたない,1
8. Patric Vegee,形容詞,虚しい,1
8. Patric Vegee,形容詞,心地よい,1
8. Patric Vegee,形容詞,容易い,1
8. Patric Vegee,形容詞,すごい,1
8. Patric Vegee,形容詞,ぬるい,2
8. Patric Vegee,形容詞,やばい,1
8. Patric Vegee,形容詞,長い,1
8. Patric Vegee,形容詞,短い,1
8. Patric Vegee,形容詞,たまらない,1
8. Patric Vegee,形容詞,楽しい,2
8. Patric Vegee,形容詞,でかい,1
8. Patric Vegee,形容詞,もろい,1
8. Patric Vegee,形容詞,正しい,1
8. Patric Vegee,形容詞,鬱陶しい,1
8. Patric Vegee,形容詞,低い,1
8. Patric Vegee,形容詞,よい,2
8. Patric Vegee,形容詞,かわいい,1
8. Patric Vegee,形容詞,めんどい,1
8. Patric Vegee,形容詞,早い,1
8. Patric Vegee,形容詞,訝しい,1
8. Patric Vegee,形容詞,忌々しい,1
8. Patric Vegee,形容詞,儚い,1
8. Patric Vegee,形容詞,わるい,1
8. Patric Vegee,形容詞,ほしい,1
8. Patric Vegee,形容詞,いたい,1
8. Patric Vegee,形容詞,悲しい,3
8. Patric Vegee,形容詞,暗い,1
8. Patric Vegee,形容詞,強い,1
8. Patric Vegee,形容詞,熱い,1
8. Patric Vegee,形容詞,ちょろい,1
8. Patric Vegee,形容詞,偉い,1
8. Patric Vegee,形容詞,丸い,1
8. Patric Vegee,形容詞,おいしい,2
8. Patric Vegee,形容詞,寒い,1
8. Patric Vegee,形容詞,うまい,1
8. Patric Vegee,形容詞,苦しい,1
8. Patric Vegee,形容詞,恥ずかしい,1
8. Patric Vegee,形容詞,新しい,1
8. Patric Vegee,動詞,企む,1
8. Patric Vegee,動詞,知る,4
8. Patric Vegee,動詞,振る,1
8. Patric Vegee,動詞,持て余す,1
8. Patric Vegee,動詞,思う,2
8. Patric Vegee,動詞,架かる,1
8. Patric Vegee,動詞,噛む,1
8. Patric Vegee,動詞,併せ持つ,1
8. Patric Vegee,動詞,でる,1
8. Patric Vegee,動詞,あそぶ,1
8. Patric Vegee,動詞,気づく,3
8. Patric Vegee,動詞,折る,1
8. Patric Vegee,動詞,食べる,3
8. Patric Vegee,動詞,止める,2
8. Patric Vegee,動詞,続く,3
8. Patric Vegee,動詞,終わる,6
8. Patric Vegee,動詞,続ける,1
8. Patric Vegee,動詞,為す,1
8. Patric Vegee,動詞,望む,2
8. Patric Vegee,動詞,入る,3
8. Patric Vegee,動詞,侮る,1
8. Patric Vegee,動詞,折れる,1
8. Patric Vegee,動詞,端折る,1
8. Patric Vegee,動詞,がる,4
8. Patric Vegee,動詞,待つ,4
8. Patric Vegee,動詞,至る,1
8. Patric Vegee,動詞,凝らす,1
8. Patric Vegee,動詞,砕く,1
8. Patric Vegee,動詞,重なる,2
8. Patric Vegee,動詞,隠れる,1
8. Patric Vegee,動詞,探す,3
8. Patric Vegee,動詞,泣く,2
8. Patric Vegee,動詞,わく,2
8. Patric Vegee,動詞,生まれる,1
8. Patric Vegee,動詞,つく,4
8. Patric Vegee,動詞,わかる,4
8. Patric Vegee,動詞,会える,1
8. Patric Vegee,動詞,見る,5
8. Patric Vegee,動詞,変わる,1
8. Patric Vegee,動詞,しまう,8
8. Patric Vegee,動詞,交わる,2
8. Patric Vegee,動詞,笑える,1
8. Patric Vegee,動詞,死ぬ,1
8. Patric Vegee,動詞,決まる,1
8. Patric Vegee,動詞,言う,6
8. Patric Vegee,動詞,呼び出す,1
8. Patric Vegee,動詞,解き明かす,1
8. Patric Vegee,動詞,取り繕う,1
8. Patric Vegee,動詞,合える,1
8. Patric Vegee,動詞,間違う,2
8. Patric Vegee,動詞,絡まる,1
8. Patric Vegee,動詞,言える,3
8. Patric Vegee,動詞,表せる,1
8. Patric Vegee,動詞,数え切れる,1
8. Patric Vegee,動詞,すぎる,6
8. Patric Vegee,動詞,解ける,3
8. Patric Vegee,動詞,怖がる,1
8. Patric Vegee,動詞,守る,2
8. Patric Vegee,動詞,期する,1
8. Patric Vegee,動詞,嘯く,1
8. Patric Vegee,動詞,描き出す,1
8. Patric Vegee,動詞,話す,2
8. Patric Vegee,動詞,溢れる,2
8. Patric Vegee,動詞,遊ぶ,1
8. Patric Vegee,動詞,聞く,5
8. Patric Vegee,動詞,取る,1
8. Patric Vegee,動詞,あえる,1
8. Patric Vegee,動詞,見落とす,1
8. Patric Vegee,動詞,縫う,1
8. Patric Vegee,動詞,分かつ,1
8. Patric Vegee,動詞,歌う,2
8. Patric Vegee,動詞,思い出す,1
8. Patric Vegee,動詞,行く,1
8. Patric Vegee,動詞,描く,1
8. Patric Vegee,動詞,いける,3
8. Patric Vegee,動詞,囁く,1
8. Patric Vegee,動詞,語る,1
8. Patric Vegee,動詞,急ぐ,1
8. Patric Vegee,動詞,ばる,1
8. Patric Vegee,動詞,取り戻せる,1
8. Patric Vegee,動詞,途絶える,1
8. Patric Vegee,動詞,繰り返す,1
8. Patric Vegee,動詞,惑わす,1
8. Patric Vegee,動詞,置く,2
8. Patric Vegee,動詞,感じる,1
8. Patric Vegee,動詞,帰れる,1
8. Patric Vegee,動詞,忘れる,2
8. Patric Vegee,動詞,懲りる,1
8. Patric Vegee,動詞,昇る,1
8. Patric Vegee,動詞,厭う,1
8. Patric Vegee,動詞,塗りつぶせる,1
8. Patric Vegee,動詞,恋焦がれる,1
8. Patric Vegee,動詞,化かす,1
8. Patric Vegee,動詞,おく,1
8. Patric Vegee,動詞,生きる,2
8. Patric Vegee,動詞,駆ける,1
8. Patric Vegee,動詞,来る,5
8. Patric Vegee,動詞,毒づく,1
8. Patric Vegee,動詞,古びる,1
8. Patric Vegee,動詞,とく,2
8. Patric Vegee,動詞,紡ぐ,1
8. Patric Vegee,動詞,掘り返す,1
8. Patric Vegee,動詞,間に合う,2
8. Patric Vegee,動詞,聞ける,1
8. Patric Vegee,動詞,見つける,3
8. Patric Vegee,動詞,辿る,2
8. Patric Vegee,動詞,張り切れる,1
8. Patric Vegee,動詞,腐る,1
8. Patric Vegee,動詞,冷やす,1
8. Patric Vegee,動詞,処す,1
8. Patric Vegee,動詞,すり抜ける,1
8. Patric Vegee,動詞,はしゃぐ,1
8. Patric Vegee,動詞,刺す,1
8. Patric Vegee,動詞,頼む,1
8. Patric Vegee,動詞,切羽詰まる,1
8. Patric Vegee,動詞,見える,3
8. Patric Vegee,動詞,踊れる,1
8. Patric Vegee,動詞,求める,1
8. Patric Vegee,動詞,聞こえる,1
8. Patric Vegee,動詞,振りかぶる,1
8. Patric Vegee,動詞,笑う,2
8. Patric Vegee,動詞,埋める,1
8. Patric Vegee,動詞,奏でる,1
8. Patric Vegee,動詞,信じる,3
8. Patric Vegee,動詞,踊る,3
8. Patric Vegee,動詞,打ち上げる,1
8. Patric Vegee,動詞,穿つ,2
8. Patric Vegee,動詞,かく,1
8. Patric Vegee,動詞,張り切る,1
8. Patric Vegee,動詞,揺れる,2
8. Patric Vegee,動詞,かわいがれる,1
8. Patric Vegee,動詞,かける,1
8. Patric Vegee,動詞,ウケる,1
8. Patric Vegee,動詞,決める,3
8. Patric Vegee,動詞,追いつく,2
8. Patric Vegee,動詞,称す,1
8. Patric Vegee,動詞,たまる,1
8. Patric Vegee,動詞,吹く,2
8. Patric Vegee,動詞,導き出せる,1
8. Patric Vegee,動詞,背負う,1
8. Patric Vegee,動詞,数える,1
8. Patric Vegee,動詞,逃げ出す,1
8. Patric Vegee,動詞,傷つく,2
8. Patric Vegee,動詞,隠す,2
8. Patric Vegee,動詞,結ぶ,1
8. Patric Vegee,動詞,間違える,2
8. Patric Vegee,動詞,潜り込む,1
8. Patric Vegee,動詞,くれる,2
8. Patric Vegee,動詞,降り注ぐ,1
8. Patric Vegee,動詞,疼く,1
8. Patric Vegee,動詞,灯る,1
8. Patric Vegee,動詞,鳴る,1
8. Patric Vegee,動詞,巡る,1
8. Patric Vegee,動詞,流れる,1
8. Patric Vegee,動詞,みだす,1
8. Patric Vegee,動詞,なさる,1
8. Patric Vegee,動詞,煽る,1
8. Patric Vegee,動詞,曲がる,1
8. Patric Vegee,動詞,やめる,2
8. Patric Vegee,動詞,残す,1
8. Patric Vegee,動詞,受け取る,1
8. Patric Vegee,動詞,教える,1
8. Patric Vegee,動詞,問う,1
8. Patric Vegee,動詞,呼ぶ,1
8. Patric Vegee,動詞,近づく,2
8. Patric Vegee,動詞,分かれる,1
8. Patric Vegee,動詞,見せる,1
8. Patric Vegee,動詞,言い聞かせる,1
8. Patric Vegee,動詞,諦める,1
8. Patric Vegee,動詞,迷う,2
8. Patric Vegee,動詞,消える,2
8. Patric Vegee,動詞,笑われる,1
8. Patric Vegee,動詞,溶かす,1
8. Patric Vegee,動詞,たどり着ける,1
8. Patric Vegee,動詞,映す,1
8. Patric Vegee,動詞,押し込む,1
8. Patric Vegee,動詞,知れる,1
8. Patric Vegee,動詞,書く,1
8. Patric Vegee,動詞,足す,1
8. Patric Vegee,動詞,吸い込む,1
8. Patric Vegee,動詞,合わせる,2
8. Patric Vegee,動詞,始まる,2
8. Patric Vegee,動詞,映し出せる,1
8. Patric Vegee,動詞,つつく,1
8. Patric Vegee,動詞,そらす,1
8. Patric Vegee,動詞,いつく,1
8. Patric Vegee,動詞,知らせる,1
8. Patric Vegee,動詞,焦る,1
8. Patric Vegee,動詞,舞う,1
8. Patric Vegee,動詞,抗う,1
8. Patric Vegee,動詞,選ぶ,2
8. Patric Vegee,動詞,きらめく,2
8. Patric Vegee,動詞,まみれる,1
8. Patric Vegee,動詞,探せる,1
8. Patric Vegee,動詞,止まる,2
8. Patric Vegee,動詞,守れる,1
8. Patric Vegee,動詞,動かす,1
8. Patric Vegee,動詞,きる,1
8. Patric Vegee,動詞,睨む,1
8. Patric Vegee,動詞,霞む,1
8. Patric Vegee,動詞,覚ませる,1
8. Patric Vegee,動詞,負ける,1
8. Patric Vegee,動詞,なれる,3
8. Patric Vegee,動詞,欲する,1
8. Patric Vegee,動詞,ずれる,1
8. Patric Vegee,動詞,帰す,1
8. Patric Vegee,動詞,つける,1
8. Patric Vegee,動詞,競る,1
8. Patric Vegee,動詞,かき乱す,1
8. Patric Vegee,動詞,無くなる,1
8. Patric Vegee,動詞,愛す,2
8. Patric Vegee,動詞,暴く,1
8. Patric Vegee,動詞,引く,1
8. Patric Vegee,動詞,弄ぶ,1
8. Patric Vegee,動詞,でしゃばる,1
8. Patric Vegee,動詞,願う,1
8. Patric Vegee,動詞,合う,2
8. Patric Vegee,動詞,ふざける,1
8. Patric Vegee,動詞,ありえる,1
8. Patric Vegee,動詞,こぼす,1
8. Patric Vegee,動詞,緩む,1
8. Patric Vegee,動詞,ほる,2
8. Patric Vegee,動詞,さす,1
8. Patric Vegee,動詞,浴びせる,1
8. Patric Vegee,動詞,読む,1
8. Patric Vegee,動詞,飽きる,1
8. Patric Vegee,動詞,任せる,1
8. Patric Vegee,動詞,迎える,1
8. Patric Vegee,動詞,見舞う,1
8. Patric Vegee,動詞,欺く,1
8. Patric Vegee,動詞,殴る,1
8. Patric Vegee,動詞,作る,2
8. Patric Vegee,動詞,起こす,1
8. Patric Vegee,動詞,轟く,1
8. Patric Vegee,動詞,詰める,1
8. Patric Vegee,動詞,抜かる,1
8. Patric Vegee,動詞,省く,1
8. Patric Vegee,動詞,だす,1
8. Patric Vegee,動詞,起す,1
8. Patric Vegee,動詞,出せる,1
8. Patric Vegee,動詞,散る,1
8. Patric Vegee,動詞,漂う,1
8. Patric Vegee,動詞,触れる,1
8. Patric Vegee,動詞,惹く,1
8. Patric Vegee,動詞,伝える,1
8. Patric Vegee,動詞,置き換える,1
8. Patric Vegee,動詞,上る,1
8. Patric Vegee,動詞,生まれ変わる,1
8. Patric Vegee,動詞,ふう,1
8. Patric Vegee,動詞,かかる,1
8. Patric Vegee,動詞,甘やかす,1
8. Patric Vegee,動詞,思い出せる,1
8. Patric Vegee,動詞,づける,1
8. Patric Vegee,動詞,混ぜる,1
8. Patric Vegee,動詞,違う,1
8. Patric Vegee,動詞,出来上がる,1
8. Patric Vegee,動詞,想う,1
8. Patric Vegee,動詞,出る,1
8. Patric Vegee,動詞,変える,1
8. Patric Vegee,動詞,始める,1
8. Patric Vegee,動詞,寄り添う,1
8. Patric Vegee,動詞,落とす,1
8. Patric Vegee,動詞,きれる,1
8. Patric Vegee,動詞,向かう,1
8. Patric Vegee,動詞,ほころぶ,1
8. Patric Vegee,動詞,踏む,1
8. Patric Vegee,動詞,躍る,1
8. Patric Vegee,動詞,こんがらがる,1
8. Patric Vegee,動詞,戻る,1
8. Patric Vegee,動詞,滲む,1
8. Patric Vegee,動詞,浮かぶ,1
8. Patric Vegee,動詞,見守る,1
8. Patric Vegee,動詞,欲張る,1
8. Patric Vegee,動詞,呆れる,1
8. Patric Vegee,動詞,進める,1
8. Patric Vegee,動詞,叶う,1
8. Patric Vegee,動詞,立てる,1
8. Patric Vegee,動詞,悩む,1
8. Patric Vegee,動詞,差しだす,1
8. Patric Vegee,動詞,伝う,1
8. Patric Vegee,動詞,収まる,1
8. Patric Vegee,動詞,咲く,1
8. Patric Vegee,副詞,そろそろ,1
8. Patric Vegee,副詞,そう,3
8. Patric Vegee,副詞,漸う,1
8. Patric Vegee,副詞,ゆうに,1
8. Patric Vegee,副詞,次第に,1
8. Patric Vegee,副詞,まだ,5
8. Patric Vegee,副詞,ことは,1
8. Patric Vegee,副詞,また,3
8. Patric Vegee,副詞,全然,2
8. Patric Vegee,副詞,たまに,3
8. Patric Vegee,副詞,よろしく,1
8. Patric Vegee,副詞,ちゃんと,2
8. Patric Vegee,副詞,いっぱい,1
8. Patric Vegee,副詞,時々,1
8. Patric Vegee,副詞,きっと,3
8. Patric Vegee,副詞,なぜ,1
8. Patric Vegee,副詞,本当に,1
8. Patric Vegee,副詞,どうも,1
8. Patric Vegee,副詞,ちょっと,6
8. Patric Vegee,副詞,なんて,1
8. Patric Vegee,副詞,どうにも,1
8. Patric Vegee,副詞,微塵も,1
8. Patric Vegee,副詞,どうして,2
8. Patric Vegee,副詞,いつも,1
8. Patric Vegee,副詞,薄ら,1
8. Patric Vegee,副詞,やおら,1
8. Patric Vegee,副詞,ひらひら,1
8. Patric Vegee,副詞,モタモタ,1
8. Patric Vegee,副詞,順序よく,1
8. Patric Vegee,副詞,あまりに,2
8. Patric Vegee,副詞,当て,1
8. Patric Vegee,副詞,もう,2
8. Patric Vegee,副詞,かなり,1
8. Patric Vegee,副詞,がっかり,1
8. Patric Vegee,副詞,ちっとも,1
8. Patric Vegee,副詞,どう,2
8. Patric Vegee,副詞,こんなにも,1
8. Patric Vegee,副詞,どうか,1
8. Patric Vegee,副詞,どうせ,2
8. Patric Vegee,副詞,少し,1
8. Patric Vegee,副詞,すぐ,2
8. Patric Vegee,副詞,ふと,1
8. Patric Vegee,副詞,やがて,1
8. Patric Vegee,副詞,とりあえず,1
8. Patric Vegee,副詞,まだまだ,1
8. Patric Vegee,副詞,ずっと,1
8. Patric Vegee,副詞,たって,1
8. Patric Vegee,副詞,勢い,1
8. Patric Vegee,副詞,かく,1
8. Patric Vegee,副詞,しゃしゃっ,1
8. Patric Vegee,副詞,一気に,1
8. Patric Vegee,副詞,とかく,1
8. Patric Vegee,副詞,あんまり,1
8. Patric Vegee,副詞,思い切り,1
8. Patric Vegee,副詞,無理やり,1
8. Patric Vegee,副詞,なかなか,1
8. Patric Vegee,副詞,ホロリ,1
8. Patric Vegee,副詞,思わず,1
8. Patric Vegee,連体詞,その,6
8. Patric Vegee,連体詞,そんな,6
8. Patric Vegee,連体詞,同じ,3
8. Patric Vegee,連体詞,こんな,2
8. Patric Vegee,連体詞,この,4
8. Patric Vegee,連体詞,小さな,2
8. Patric Vegee,連体詞,あの,1
8. Patric Vegee,連体詞,ふとした,1
9. Ninth Peel,動詞,役に立つ,1
9. Ninth Peel,動詞,決める,2
9. Ninth Peel,動詞,呼ぶ,1
9. Ninth Peel,動詞,祝う,1
9. Ninth Peel,動詞,泳ぐ,1
9. Ninth Peel,動詞,振る,2
9. Ninth Peel,動詞,迷う,1
9. Ninth Peel,動詞,乗せる,1
9. Ninth Peel,動詞,ちる,1
9. Ninth Peel,動詞,飲む,2
9. Ninth Peel,動詞,すぎる,2
9. Ninth Peel,動詞,飽きる,1
9. Ninth Peel,動詞,挑む,1
9. Ninth Peel,動詞,回す,1
9. Ninth Peel,動詞,忘れる,5
9. Ninth Peel,動詞,話す,1
9. Ninth Peel,動詞,なれる,2
9. Ninth Peel,動詞,隠す,1
9. Ninth Peel,動詞,繋ぐ,1
9. Ninth Peel,動詞,入る,1
9. Ninth Peel,動詞,譲れる,1
9. Ninth Peel,動詞,くれる,8
9. Ninth Peel,動詞,捨てる,1
9. Ninth Peel,動詞,聞く,1
9. Ninth Peel,動詞,見上げる,1
9. Ninth Peel,動詞,いう,2
9. Ninth Peel,動詞,足す,1
9. Ninth Peel,動詞,生きる,2
9. Ninth Peel,動詞,回る,3
9. Ninth Peel,動詞,見飽きる,1
9. Ninth Peel,動詞,信じる,2
9. Ninth Peel,動詞,眺める,1
9. Ninth Peel,動詞,祈る,1
9. Ninth Peel,動詞,行く,4
9. Ninth Peel,動詞,願う,1
9. Ninth Peel,動詞,選べる,1
9. Ninth Peel,動詞,貸す,1
9. Ninth Peel,動詞,問いかける,1
9. Ninth Peel,動詞,貼る,2
9. Ninth Peel,動詞,こむ,1
9. Ninth Peel,動詞,知る,3
9. Ninth Peel,動詞,思う,2
9. Ninth Peel,動詞,行き着く,1
9. Ninth Peel,動詞,すれ違う,2
9. Ninth Peel,動詞,終わる,3
9. Ninth Peel,動詞,ぶちかます,2
9. Ninth Peel,動詞,逃す,1
9. Ninth Peel,動詞,わかる,5
9. Ninth Peel,動詞,出す,2
9. Ninth Peel,動詞,起きる,1
9. Ninth Peel,動詞,落とす,1
9. Ninth Peel,動詞,見る,6
9. Ninth Peel,動詞,会える,2
9. Ninth Peel,動詞,付く,1
9. Ninth Peel,動詞,決まる,2
9. Ninth Peel,動詞,言う,5
9. Ninth Peel,動詞,残る,2
9. Ninth Peel,動詞,困る,1
9. Ninth Peel,動詞,考える,2
9. Ninth Peel,動詞,光る,1
9. Ninth Peel,動詞,見せる,1
9. Ninth Peel,動詞,わきまえる,1
9. Ninth Peel,動詞,見える,1
9. Ninth Peel,動詞,バレる,1
9. Ninth Peel,動詞,つく,3
9. Ninth Peel,動詞,居る,2
9. Ninth Peel,動詞,つなぐ,1
9. Ninth Peel,動詞,過ぎる,3
9. Ninth Peel,動詞,目立つ,1
9. Ninth Peel,動詞,保つ,1
9. Ninth Peel,動詞,富む,1
9. Ninth Peel,動詞,待てる,1
9. Ninth Peel,動詞,かむ,1
9. Ninth Peel,動詞,撮る,1
9. Ninth Peel,動詞,諦める,1
9. Ninth Peel,動詞,気づく,1
9. Ninth Peel,動詞,止まる,2
9. Ninth Peel,動詞,見れる,1
9. Ninth Peel,動詞,冷める,1
9. Ninth Peel,動詞,踏ん張る,1
9. Ninth Peel,動詞,しまう,3
9. Ninth Peel,動詞,返せる,1
9. Ninth Peel,動詞,はめる,1
9. Ninth Peel,動詞,死ぬ,1
9. Ninth Peel,動詞,載る,1
9. Ninth Peel,動詞,足りる,2
9. Ninth Peel,動詞,効く,1
9. Ninth Peel,動詞,運ぶ,2
9. Ninth Peel,動詞,かける,2
9. Ninth Peel,動詞,覚める,1
9. Ninth Peel,動詞,削れる,1
9. Ninth Peel,動詞,抜ける,2
9. Ninth Peel,動詞,画す,1
9. Ninth Peel,動詞,越える,1
9. Ninth Peel,動詞,まみれる,1
9. Ninth Peel,動詞,ける,2
9. Ninth Peel,動詞,極まる,1
9. Ninth Peel,動詞,笑わせる,1
9. Ninth Peel,動詞,抉る,1
9. Ninth Peel,動詞,慣れる,1
9. Ninth Peel,動詞,すっこむ,1
9. Ninth Peel,動詞,突き詰める,1
9. Ninth Peel,動詞,寝る,1
9. Ninth Peel,動詞,擦り切れる,1
9. Ninth Peel,動詞,あがく,1
9. Ninth Peel,動詞,去る,1
9. Ninth Peel,動詞,える,1
9. Ninth Peel,動詞,戻る,1
9. Ninth Peel,動詞,巡る,1
9. Ninth Peel,動詞,わける,1
9. Ninth Peel,動詞,助ける,1
9. Ninth Peel,動詞,割ける,1
9. Ninth Peel,動詞,飾れる,1
9. Ninth Peel,動詞,揺らぐ,1
9. Ninth Peel,動詞,沈む,1
9. Ninth Peel,動詞,見つける,2
9. Ninth Peel,動詞,掛ける,1
9. Ninth Peel,動詞,急ぐ,1
9. Ninth Peel,動詞,受け止める,1
9. Ninth Peel,動詞,指す,1
9. Ninth Peel,動詞,置く,1
9. Ninth Peel,動詞,名付ける,1
9. Ninth Peel,動詞,転がる,1
9. Ninth Peel,動詞,違える,1
9. Ninth Peel,動詞,帰る,2
9. Ninth Peel,動詞,浸す,1
9. Ninth Peel,動詞,生まれる,1
9. Ninth Peel,動詞,させる,1
9. Ninth Peel,動詞,焦げる,1
9. Ninth Peel,動詞,変わる,2
9. Ninth Peel,動詞,押す,1
9. Ninth Peel,動詞,溶ける,1
9. Ninth Peel,動詞,おく,2
9. Ninth Peel,動詞,待ち合わせる,1
9. Ninth Peel,動詞,跳ぶ,1
9. Ninth Peel,動詞,かじる,1
9. Ninth Peel,動詞,まとめる,1
9. Ninth Peel,動詞,ゆく,1
9. Ninth Peel,動詞,思い出す,2
9. Ninth Peel,動詞,汚れる,1
9. Ninth Peel,動詞,戻す,1
9. Ninth Peel,動詞,疲れる,1
9. Ninth Peel,動詞,紛れる,1
9. Ninth Peel,動詞,存ずる,1
9. Ninth Peel,動詞,違う,3
9. Ninth Peel,動詞,切れる,1
9. Ninth Peel,動詞,喋る,1
9. Ninth Peel,動詞,言い聞かせる,1
9. Ninth Peel,動詞,選ぶ,1
9. Ninth Peel,動詞,沸かす,1
9. Ninth Peel,動詞,逃げる,2
9. Ninth Peel,動詞,召す,2
9. Ninth Peel,動詞,振りかざす,1
9. Ninth Peel,動詞,比べる,1
9. Ninth Peel,動詞,狙う,2
9. Ninth Peel,動詞,謳う,1
9. Ninth Peel,動詞,放つ,1
9. Ninth Peel,動詞,締め付ける,1
9. Ninth Peel,動詞,残す,1
9. Ninth Peel,動詞,はみ出る,1
9. Ninth Peel,動詞,崩す,1
9. Ninth Peel,動詞,勝つ,1
9. Ninth Peel,動詞,待つ,1
9. Ninth Peel,動詞,踏み出せる,2
9. Ninth Peel,動詞,ちまう,1
9. Ninth Peel,動詞,甘える,1
9. Ninth Peel,動詞,潜る,1
9. Ninth Peel,動詞,熟れる,1
9. Ninth Peel,動詞,握る,1
9. Ninth Peel,動詞,引き返せる,1
9. Ninth Peel,動詞,渇く,1
9. Ninth Peel,動詞,合わせる,1
9. Ninth Peel,動詞,答える,1
9. Ninth Peel,動詞,明ける,2
9. Ninth Peel,動詞,しれる,1
9. Ninth Peel,動詞,振り返る,1
9. Ninth Peel,動詞,叶う,1
9. Ninth Peel,動詞,合う,1
9. Ninth Peel,動詞,座りこむ,1
9. Ninth Peel,動詞,まとう,1
9. Ninth Peel,動詞,消える,1
9. Ninth Peel,動詞,泣く,1
9. Ninth Peel,動詞,続く,1
9. Ninth Peel,動詞,よろける,1
9. Ninth Peel,動詞,降りる,1
9. Ninth Peel,動詞,泣ける,1
9. Ninth Peel,動詞,続ける,2
9. Ninth Peel,動詞,やめる,1
9. Ninth Peel,動詞,取る,1
9. Ninth Peel,動詞,笑う,1
9. Ninth Peel,動詞,ふらつく,1
9. Ninth Peel,動詞,足る,1
9. Ninth Peel,動詞,とめる,1
9. Ninth Peel,動詞,流す,1
9. Ninth Peel,動詞,だす,1
9. Ninth Peel,動詞,遡る,1
9. Ninth Peel,動詞,わる,1
9. Ninth Peel,動詞,浮かぶ,1
9. Ninth Peel,動詞,差し伸べる,1
9. Ninth Peel,動詞,よぎる,1
9. Ninth Peel,動詞,ふざける,1
9. Ninth Peel,動詞,おさえる,1
9. Ninth Peel,動詞,動く,1
9. Ninth Peel,動詞,のぼれる,1
9. Ninth Peel,動詞,頼む,1
9. Ninth Peel,動詞,介す,1
9. Ninth Peel,動詞,きれる,1
9. Ninth Peel,動詞,いれる,1
9. Ninth Peel,動詞,なおる,1
9. Ninth Peel,動詞,触る,1
9. Ninth Peel,動詞,来る,1
9. Ninth Peel,動詞,なぞる,1
9. Ninth Peel,動詞,眠る,1
9. Ninth Peel,動詞,持つ,1
9. Ninth Peel,動詞,想う,1
9. Ninth Peel,動詞,飛び立つ,1
9. Ninth Peel,動詞,見逃す,1
9. Ninth Peel,動詞,走れる,1
9. Ninth Peel,動詞,止む,1
9. Ninth Peel,動詞,要る,1
9. Ninth Peel,動詞,叶える,1
9. Ninth Peel,動詞,迎える,1
9. Ninth Peel,動詞,伝わる,1
9. Ninth Peel,動詞,控える,1
9. Ninth Peel,動詞,歌える,1
9. Ninth Peel,動詞,誇れる,1
9. Ninth Peel,動詞,倒れる,1
9. Ninth Peel,動詞,問いただす,1
9. Ninth Peel,動詞,促す,1
9. Ninth Peel,動詞,灯る,1
9. Ninth Peel,動詞,集まる,1
9. Ninth Peel,動詞,来れる,1
9. Ninth Peel,動詞,鳴る,1
9. Ninth Peel,動詞,始まる,1
9. Ninth Peel,動詞,黙る,1
9. Ninth Peel,動詞,広がる,1
9. Ninth Peel,動詞,誇る,1
9. Ninth Peel,動詞,進める,1
9. Ninth Peel,副詞,どう,3
9. Ninth Peel,副詞,必ず,1
9. Ninth Peel,副詞,そんなに,1
9. Ninth Peel,副詞,ちゃんと,4
9. Ninth Peel,副詞,まるで,1
9. Ninth Peel,副詞,少し,5
9. Ninth Peel,副詞,どうせ,5
9. Ninth Peel,副詞,かくかく,1
9. Ninth Peel,副詞,やっぱり,1
9. Ninth Peel,副詞,丁度,1
9. Ninth Peel,副詞,なかなか,1
9. Ninth Peel,副詞,どうも,1
9. Ninth Peel,副詞,ちょっと,3
9. Ninth Peel,副詞,数多,1
9. Ninth Peel,副詞,ちょうど,1
9. Ninth Peel,副詞,まだまだ,1
9. Ninth Peel,副詞,もう,7
9. Ninth Peel,副詞,まだ,4
9. Ninth Peel,副詞,そう,2
9. Ninth Peel,副詞,まもなく,1
9. Ninth Peel,副詞,ふんだんに,1
9. Ninth Peel,副詞,せめても,1
9. Ninth Peel,副詞,どうにも,2
9. Ninth Peel,副詞,かつて,1
9. Ninth Peel,副詞,げに,1
9. Ninth Peel,副詞,ざっ,1
9. Ninth Peel,副詞,そろそろ,3
9. Ninth Peel,副詞,多分,1
9. Ninth Peel,副詞,きっと,2
9. Ninth Peel,副詞,何より,1
9. Ninth Peel,副詞,しゃにむに,1
9. Ninth Peel,副詞,至極,1
9. Ninth Peel,副詞,俄然,1
9. Ninth Peel,副詞,さっさと,1
9. Ninth Peel,副詞,断じて,1
9. Ninth Peel,副詞,くるくる,1
9. Ninth Peel,副詞,たまに,1
9. Ninth Peel,副詞,実に,1
9. Ninth Peel,副詞,よく,1
9. Ninth Peel,副詞,なんだか,1
9. Ninth Peel,副詞,あいにく,1
9. Ninth Peel,副詞,やっぱ,1
9. Ninth Peel,副詞,わざと,1
9. Ninth Peel,副詞,まったく,1
9. Ninth Peel,副詞,ふと,1
9. Ninth Peel,副詞,本当に,1
9. Ninth Peel,副詞,かなり,1
9. Ninth Peel,副詞,できるだけ,1
9. Ninth Peel,副詞,そのまま,1
9. Ninth Peel,副詞,とりあえず,1
9. Ninth Peel,副詞,当て,1
9. Ninth Peel,副詞,既に,1
9. Ninth Peel,形容詞,怪しい,1
9. Ninth Peel,形容詞,青い,1
9. Ninth Peel,形容詞,うまい,1
9. Ninth Peel,形容詞,強い,1
9. Ninth Peel,形容詞,つまんない,1
9. Ninth Peel,形容詞,小さい,2
9. Ninth Peel,形容詞,もったいない,1
9. Ninth Peel,形容詞,っぽい,2
9. Ninth Peel,形容詞,くだらない,1
9. Ninth Peel,形容詞,忙しい,3
9. Ninth Peel,形容詞,良い,3
9. Ninth Peel,形容詞,楽しい,2
9. Ninth Peel,形容詞,女々しい,1
9. Ninth Peel,形容詞,悲しい,1
9. Ninth Peel,形容詞,無い,3
9. Ninth Peel,形容詞,ほしい,2
9. Ninth Peel,形容詞,悪い,3
9. Ninth Peel,形容詞,すごい,1
9. Ninth Peel,形容詞,愛くるしい,1
9. Ninth Peel,形容詞,かわいい,1
9. Ninth Peel,形容詞,やばい,2
9. Ninth Peel,形容詞,早い,1
9. Ninth Peel,形容詞,怖い,1
9. Ninth Peel,形容詞,欲しい,4
9. Ninth Peel,形容詞,すばらしい,1
9. Ninth Peel,形容詞,がたい,1
9. Ninth Peel,形容詞,程遠い,1
9. Ninth Peel,形容詞,気味が悪い,1
9. Ninth Peel,形容詞,気持ちいい,2
9. Ninth Peel,形容詞,近い,1
9. Ninth Peel,形容詞,甘い,1
9. Ninth Peel,形容詞,気安い,1
9. Ninth Peel,形容詞,やかましい,1
9. Ninth Peel,形容詞,でっかい,1
9. Ninth Peel,形容詞,よい,1
9. Ninth Peel,形容詞,たまらない,1
9. Ninth Peel,形容詞,冷たい,1
9. Ninth Peel,形容詞,こわい,1
9. Ninth Peel,形容詞,馬鹿らしい,1
9. Ninth Peel,形容詞,痛い,1
9. Ninth Peel,形容詞,空しい,1
9. Ninth Peel,形容詞,まずい,1
9. Ninth Peel,形容詞,低い,1
9. Ninth Peel,形容詞,つよい,1
9. Ninth Peel,形容詞,ダサい,1
9. Ninth Peel,形容詞,おめでたい,1
9. Ninth Peel,形容詞,寒い,1
9. Ninth Peel,形容詞,ばっちい,1
9. Ninth Peel,形容詞,美しい,1
9. Ninth Peel,形容詞,短い,1
9. Ninth Peel,形容詞,やさしい,1
9. Ninth Peel,形容詞,たかい,1
9. Ninth Peel,名詞,万華鏡,1
9. Ninth Peel,名詞,大切,2
9. Ninth Peel,名詞,答え,3
9. Ninth Peel,名詞,瞬間,1
9. Ninth Peel,名詞,想い,1
9. Ninth Peel,名詞,応答,1
9. Ninth Peel,名詞,かしこ,1
9. Ninth Peel,名詞,大気圏,1
9. Ninth Peel,名詞,時,3
9. Ninth Peel,名詞,みだり,1
9. Ninth Peel,名詞,君,6
9. Ninth Peel,名詞,選択,1
9. Ninth Peel,名詞,希望,2
9. Ninth Peel,名詞,だらけ,2
9. Ninth Peel,名詞,言葉,2
9. Ninth Peel,名詞,軽はずみ,1
9. Ninth Peel,名詞,心,3
9. Ninth Peel,名詞,世界,4
9. Ninth Peel,名詞,リアクション,1
9. Ninth Peel,名詞,みんな,4
9. Ninth Peel,名詞,健闘,1
9. Ninth Peel,名詞,メッセージ,1
9. Ninth Peel,名詞,コーヒー,1
9. Ninth Peel,名詞,決心,1
9. Ninth Peel,名詞,遠く,1
9. Ninth Peel,名詞,地球,3
9. Ninth Peel,名詞,スピード,1
9. Ninth Peel,名詞,そこ,5
9. Ninth Peel,名詞,スペースシャトル,1
9. Ninth Peel,名詞,プライド,1
9. Ninth Peel,名詞,命,2
9. Ninth Peel,名詞,手,2
9. Ninth Peel,名詞,淹,1
9. Ninth Peel,名詞,本当,2
9. Ninth Peel,名詞,燃料,1
9. Ninth Peel,名詞,息,1
9. Ninth Peel,名詞,はず,3
9. Ninth Peel,名詞,適度,1
9. Ninth Peel,名詞,ダメ,1
9. Ninth Peel,名詞,Ah,5
9. Ninth Peel,名詞,僕ら,3
9. Ninth Peel,名詞,わけ,1
9. Ninth Peel,名詞,はりぼて,1
9. Ninth Peel,名詞,ただ,1
9. Ninth Peel,名詞,愛されたいの,1
9. Ninth Peel,名詞,今,5
9. Ninth Peel,名詞,今日,5
9. Ninth Peel,名詞,空,2
9. Ninth Peel,名詞,運命,2
9. Ninth Peel,名詞,いちか,1
9. Ninth Peel,名詞,是非,1
9. Ninth Peel,名詞,僕たち,2
9. Ninth Peel,名詞,あっち,1
9. Ninth Peel,名詞,舌,1
9. Ninth Peel,名詞,可逆,1
9. Ninth Peel,名詞,baby,1
9. Ninth Peel,名詞,百,1
9. Ninth Peel,名詞,誰か,3
9. Ninth Peel,名詞,的,3
9. Ninth Peel,名詞,風向き,1
9. Ninth Peel,名詞,合わせ,1
9. Ninth Peel,名詞,Hello,1
9. Ninth Peel,名詞,そんじゃ,1
9. Ninth Peel,名詞,問題,1
9. Ninth Peel,名詞,盛大,1
9. Ninth Peel,名詞,最終回,1
9. Ninth Peel,名詞,不純,1
9. Ninth Peel,名詞,論,1
9. Ninth Peel,名詞,こっち,2
9. Ninth Peel,名詞,そりゃ,1
9. Ninth Peel,名詞,手招き,1
9. Ninth Peel,名詞,悲喜,1
9. Ninth Peel,名詞,インタレス,1
9. Ninth Peel,名詞,かじ,1
9. Ninth Peel,名詞,表情,1
9. Ninth Peel,名詞,フリ,1
9. Ninth Peel,名詞,再来,1
9. Ninth Peel,名詞,分の,1
9. Ninth Peel,名詞,お前,1
9. Ninth Peel,名詞,性,1
9. Ninth Peel,名詞,プログラム,1
9. Ninth Peel,名詞,日替わり,1
9. Ninth Peel,名詞,陰口,1
9. Ninth Peel,名詞,用意,1
9. Ninth Peel,名詞,年頃,1
9. Ninth Peel,名詞,今夜,1
9. Ninth Peel,名詞,賤,1
9. Ninth Peel,名詞,全否定,1
9. Ninth Peel,名詞,いつか,3
9. Ninth Peel,名詞,事件,1
9. Ninth Peel,名詞,暇つぶし,1
9. Ninth Peel,名詞,前人未踏,1
9. Ninth Peel,名詞,都合,3
9. Ninth Peel,名詞,peekaboo,1
9. Ninth Peel,名詞,デザイン,1
9. Ninth Peel,名詞,全く,1
9. Ninth Peel,名詞,誰,1
9. Ninth Peel,名詞,掛け,1
9. Ninth Peel,名詞,一聴,1
9. Ninth Peel,名詞,極,1
9. Ninth Peel,名詞,風,2
9. Ninth Peel,名詞,どこ,3
9. Ninth Peel,名詞,僕らの音楽,1
9. Ninth Peel,名詞,黎明,1
9. Ninth Peel,名詞,補足,1
9. Ninth Peel,名詞,二,1
9. Ninth Peel,名詞,億,1
9. Ninth Peel,名詞,文明,1
9. Ninth Peel,名詞,ランキング,1
9. Ninth Peel,名詞,よ,2
9. Ninth Peel,名詞,いただき,1
9. Ninth Peel,名詞,Peeka,1
9. Ninth Peel,名詞,同意,1
9. Ninth Peel,名詞,どころ,1
9. Ninth Peel,名詞,大爆笑,1
9. Ninth Peel,名詞,一,1
9. Ninth Peel,名詞,とこ,2
9. Ninth Peel,名詞,口癖,1
9. Ninth Peel,名詞,人類,1
9. Ninth Peel,名詞,存在,1
9. Ninth Peel,名詞,必死,2
9. Ninth Peel,名詞,意味,2
9. Ninth Peel,名詞,落とし穴,1
9. Ninth Peel,名詞,印象,1
9. Ninth Peel,名詞,方位,1
9. Ninth Peel,名詞,僕,6
9. Ninth Peel,名詞,宇宙飛行士,1
9. Ninth Peel,名詞,シーン,2
9. Ninth Peel,名詞,均衡,1
9. Ninth Peel,名詞,正念場,1
9. Ninth Peel,名詞,ラララ,1
9. Ninth Peel,名詞,理由,2
9. Ninth Peel,名詞,周回,1
9. Ninth Peel,名詞,遊泳,1
9. Ninth Peel,名詞,ah,1
9. Ninth Peel,名詞,アピール,1
9. Ninth Peel,名詞,一個,1
9. Ninth Peel,名詞,星,2
9. Ninth Peel,名詞,ぼつ,1
9. Ninth Peel,名詞,空前,1
9. Ninth Peel,名詞,鳴り,1
9. Ninth Peel,名詞,スケール,1
9. Ninth Peel,名詞,歴史,1
9. Ninth Peel,名詞,天文学的,1
9. Ninth Peel,名詞,一緒に,1
9. Ninth Peel,名詞,何,2
9. Ninth Peel,名詞,dancing,1
9. Ninth Peel,名詞,引力,1
9. Ninth Peel,名詞,冗談,1
9. Ninth Peel,名詞,利用,1
9. Ninth Peel,名詞,恰好,1
9. Ninth Peel,名詞,スターダスト,1
9. Ninth Peel,名詞,ウィット,1
9. Ninth Peel,名詞,恋する惑星,1
9. Ninth Peel,名詞,うち,1
9. Ninth Peel,名詞,ロマンティック,1
9. Ninth Peel,名詞,ユニバース,1
9. Ninth Peel,名詞,待った,1
9. Ninth Peel,名詞,軌道,1
9. Ninth Peel,名詞,いいじゃない,1
9. Ninth Peel,名詞,解析,1
9. Ninth Peel,名詞,写真,1
9. Ninth Peel,名詞,cheese,1
9. Ninth Peel,名詞,Baby,1
9. Ninth Peel,名詞,やつ,2
9. Ninth Peel,名詞,制御,1
9. Ninth Peel,名詞,確信,1
9. Ninth Peel,名詞,ベーター,1
9. Ninth Peel,名詞,アヒル,1
9. Ninth Peel,名詞,格別,1
9. Ninth Peel,名詞,罠,1
9. Ninth Peel,名詞,催し,1
9. Ninth Peel,名詞,ヒッピー,1
9. Ninth Peel,名詞,思い出,2
9. Ninth Peel,名詞,ちゃち,1
9. Ninth Peel,名詞,インフレ,1
9. Ninth Peel,名詞,毎日,1
9. Ninth Peel,名詞,エレ,1
9. Ninth Peel,名詞,ウイスキー,1
9. Ninth Peel,名詞,青春,1
9. Ninth Peel,名詞,ごめんね,1
9. Ninth Peel,名詞,戦法,1
9. Ninth Peel,名詞,意図,1
9. Ninth Peel,名詞,裏側,1
9. Ninth Peel,名詞,デザート,1
9. Ninth Peel,名詞,そっち,1
9. Ninth Peel,名詞,裏,1
9. Ninth Peel,名詞,ソーダ,1
9. Ninth Peel,名詞,スープ,1
9. Ninth Peel,名詞,オーバーウェイト,1
9. Ninth Peel,名詞,子,2
9. Ninth Peel,名詞,now,1
9. Ninth Peel,名詞,say,1
9. Ninth Peel,名詞,時間,2
9. Ninth Peel,名詞,あと,2
9. Ninth Peel,名詞,世紀,1
9. Ninth Peel,名詞,恋,2
9. Ninth Peel,名詞,次,1
9. Ninth Peel,名詞,裏の裏,1
9. Ninth Peel,名詞,ねずみ,1
9. Ninth Peel,名詞,一杯,1
9. Ninth Peel,名詞,不能,1
9. Ninth Peel,名詞,夢,3
9. Ninth Peel,名詞,メインディッシュ,1
9. Ninth Peel,名詞,白旗,1
9. Ninth Peel,名詞,ジャンク,1
9. Ninth Peel,名詞,前例,1
9. Ninth Peel,名詞,興味,2
9. Ninth Peel,名詞,feeling,1
9. Ninth Peel,名詞,that,1
9. Ninth Peel,名詞,恍惚,1
9. Ninth Peel,名詞,骨身,1
9. Ninth Peel,名詞,限り,1
9. Ninth Peel,名詞,邪魔,2
9. Ninth Peel,名詞,crazy,1
9. Ninth Peel,名詞,Damn,1
9. Ninth Peel,名詞,悲劇,1
9. Ninth Peel,名詞,rare,1
9. Ninth Peel,名詞,analyze,1
9. Ninth Peel,名詞,泥沼,1
9. Ninth Peel,名詞,とめど,1
9. Ninth Peel,名詞,栄光,1
9. Ninth Peel,名詞,着地,1
9. Ninth Peel,名詞,一線,1
9. Ninth Peel,名詞,memorize,1
9. Ninth Peel,名詞,ばす,1
9. Ninth Peel,名詞,BPM,1
9. Ninth Peel,名詞,運命論,1
9. Ninth Peel,名詞,何回,1
9. Ninth Peel,名詞,become,1
9. Ninth Peel,名詞,foot,1
9. Ninth Peel,名詞,目,3
9. Ninth Peel,名詞,前,1
9. Ninth Peel,名詞,地獄,1
9. Ninth Peel,名詞,カオス,1
9. Ninth Peel,名詞,Check,1
9. Ninth Peel,名詞,How,1
9. Ninth Peel,名詞,デッドヒート,1
9. Ninth Peel,名詞,ろ,1
9. Ninth Peel,名詞,どっち,1
9. Ninth Peel,名詞,雑音,1
9. Ninth Peel,名詞,息もできない,1
9. Ninth Peel,名詞,美化,1
9. Ninth Peel,名詞,right,1
9. Ninth Peel,名詞,無駄,1
9. Ninth Peel,名詞,頭,1
9. Ninth Peel,名詞,ねえや,1
9. Ninth Peel,名詞,it,2
9. Ninth Peel,名詞,My,1
9. Ninth Peel,名詞,錦,1
9. Ninth Peel,名詞,DNA,1
9. Ninth Peel,名詞,証明,1
9. Ninth Peel,名詞,正気,1
9. Ninth Peel,名詞,ドラマチック,1
9. Ninth Peel,名詞,つまり,2
9. Ninth Peel,名詞,ごっこ遊び,1
9. Ninth Peel,名詞,行方,1
9. Ninth Peel,名詞,日,2
9. Ninth Peel,名詞,賛美歌,1
9. Ninth Peel,名詞,かよ,1
9. Ninth Peel,名詞,誠実,1
9. Ninth Peel,名詞,アリアドネの糸,1
9. Ninth Peel,名詞,out,1
9. Ninth Peel,名詞,陽,1
9. Ninth Peel,名詞,にべ,1
9. Ninth Peel,名詞,逆恨み,1
9. Ninth Peel,名詞,タイムオーバー,1
9. Ninth Peel,名詞,Find,1
9. Ninth Peel,名詞,is,1
9. Ninth Peel,名詞,楽園,1
9. Ninth Peel,名詞,ぎん,1
9. Ninth Peel,名詞,ボルテージ,1
9. Ninth Peel,名詞,or,1
9. Ninth Peel,名詞,秒針,1
9. Ninth Peel,名詞,配達員,1
9. Ninth Peel,名詞,カラメル,1
9. Ninth Peel,名詞,ぼんやり,1
9. Ninth Peel,名詞,げ,1
9. Ninth Peel,名詞,薄め,1
9. Ninth Peel,名詞,テラス,1
9. Ninth Peel,名詞,人生,1
9. Ninth Peel,名詞,どこか,3
9. Ninth Peel,名詞,ドミノ,1
9. Ninth Peel,名詞,自転車,1
9. Ninth Peel,名詞,大人,1
9. Ninth Peel,名詞,日々,1
9. Ninth Peel,名詞,歩幅,1
9. Ninth Peel,名詞,伸び,1
9. Ninth Peel,名詞,フシギ,1
9. Ninth Peel,名詞,気,2
9. Ninth Peel,名詞,ビスケット,1
9. Ninth Peel,名詞,Free,1
9. Ninth Peel,名詞,歌,1
9. Ninth Peel,名詞,猫,1
9. Ninth Peel,名詞,紅茶,1
9. Ninth Peel,名詞,色彩,1
9. Ninth Peel,名詞,７割,1
9. Ninth Peel,名詞,模様,1
9. Ninth Peel,名詞,雑踏,1
9. Ninth Peel,名詞,毛並み,1
9. Ninth Peel,名詞,心地,1
9. Ninth Peel,名詞,本当の話,1
9. Ninth Peel,名詞,時計,1
9. Ninth Peel,名詞,良さ,1
9. Ninth Peel,名詞,嘘,2
9. Ninth Peel,名詞,異世界,1
9. Ninth Peel,名詞,peel,1
9. Ninth Peel,名詞,音,1
9. Ninth Peel,名詞,視線,1
9. Ninth Peel,名詞,１３時,1
9. Ninth Peel,名詞,元気,2
9. Ninth Peel,名詞,スロー,1
9. Ninth Peel,名詞,ブレーキ,1
9. Ninth Peel,名詞,ズレ,1
9. Ninth Peel,名詞,帰り,1
9. Ninth Peel,名詞,不可思議,1
9. Ninth Peel,名詞,あれ,1
9. Ninth Peel,名詞,匂い,1
9. Ninth Peel,名詞,様,2
9. Ninth Peel,名詞,椅子,1
9. Ninth Peel,名詞,City,1
9. Ninth Peel,名詞,せい,1
9. Ninth Peel,名詞,人々,1
9. Ninth Peel,名詞,up,1
9. Ninth Peel,名詞,物語,1
9. Ninth Peel,名詞,ボタン,1
9. Ninth Peel,名詞,スローペース,1
9. Ninth Peel,名詞,仕事,1
9. Ninth Peel,名詞,エントランス,1
9. Ninth Peel,名詞,路地,1
9. Ninth Peel,名詞,たま,1
9. Ninth Peel,名詞,感じ,1
9. Ninth Peel,名詞,木漏れ日,1
9. Ninth Peel,名詞,映画,1
9. Ninth Peel,名詞,close,1
9. Ninth Peel,名詞,茶,1
9. Ninth Peel,名詞,合理主義,1
9. Ninth Peel,名詞,頼み,1
9. Ninth Peel,名詞,育ち,1
9. Ninth Peel,名詞,Maybe,1
9. Ninth Peel,名詞,ニュージャージー,1
9. Ninth Peel,名詞,お気,2
9. Ninth Peel,名詞,気持ち,2
9. Ninth Peel,名詞,ダンス,1
9. Ninth Peel,名詞,オーバー,1
9. Ninth Peel,名詞,Make,1
9. Ninth Peel,名詞,shut,1
9. Ninth Peel,名詞,Viper,1
9. Ninth Peel,名詞,遊び,1
9. Ninth Peel,名詞,Viber,1
9. Ninth Peel,名詞,show,1
9. Ninth Peel,名詞,方,1
9. Ninth Peel,名詞,肘,1
9. Ninth Peel,名詞,エマージェンシー,1
9. Ninth Peel,名詞,レディー,1
9. Ninth Peel,名詞,照れ,1
9. Ninth Peel,名詞,運命共同体,1
9. Ninth Peel,名詞,hazy,1
9. Ninth Peel,名詞,しょう,2
9. Ninth Peel,名詞,Slave,1
9. Ninth Peel,名詞,Life goes on,1
9. Ninth Peel,名詞,Nihil,1
9. Ninth Peel,名詞,耳,1
9. Ninth Peel,名詞,街,2
9. Ninth Peel,名詞,刺激,1
9. Ninth Peel,名詞,脳内,1
9. Ninth Peel,名詞,代わり,1
9. Ninth Peel,名詞,毀誉褒貶,1
9. Ninth Peel,名詞,Error,1
9. Ninth Peel,名詞,ポーズ,1
9. Ninth Peel,名詞,ジェントルメン,1
9. Ninth Peel,名詞,Eyes,1
9. Ninth Peel,名詞,無尽蔵,1
9. Ninth Peel,名詞,ストンプ,1
9. Ninth Peel,名詞,全身,1
9. Ninth Peel,名詞,骨抜き,1
9. Ninth Peel,名詞,隣,1
9. Ninth Peel,名詞,名誉,1
9. Ninth Peel,名詞,愛嬌,1
9. Ninth Peel,名詞,Fake,1
9. Ninth Peel,名詞,カスタマイジー,1
9. Ninth Peel,名詞,ワンツーアッパー,1
9. Ninth Peel,名詞,Ever,1
9. Ninth Peel,名詞,自分,1
9. Ninth Peel,名詞,ドクターストップ,1
9. Ninth Peel,名詞,ラブリーアウトサイドステップ,1
9. Ninth Peel,名詞,観念,1
9. Ninth Peel,名詞,オシャレ,1
9. Ninth Peel,名詞,構え,1
9. Ninth Peel,名詞,計画通り,1
9. Ninth Peel,名詞,あいさつ,1
9. Ninth Peel,名詞,しこ,1
9. Ninth Peel,名詞,等身大,1
9. Ninth Peel,名詞,全部,1
9. Ninth Peel,名詞,ズル,1
9. Ninth Peel,名詞,お嬢さん,1
9. Ninth Peel,名詞,あいつら,1
9. Ninth Peel,名詞,top,1
9. Ninth Peel,名詞,下,1
9. Ninth Peel,名詞,大事,1
9. Ninth Peel,名詞,強権,1
9. Ninth Peel,名詞,上,1
9. Ninth Peel,名詞,審判,1
9. Ninth Peel,名詞,蓋然性,1
9. Ninth Peel,名詞,覚悟,1
9. Ninth Peel,名詞,on,1
9. Ninth Peel,名詞,スパゲッティ,1
9. Ninth Peel,名詞,敬意,1
9. Ninth Peel,名詞,大地,1
9. Ninth Peel,名詞,上品,1
9. Ninth Peel,名詞,get,1
9. Ninth Peel,名詞,間近,1
9. Ninth Peel,名詞,勝ち,1
9. Ninth Peel,名詞,愛,1
9. Ninth Peel,名詞,余力,1
9. Ninth Peel,名詞,Pip,1
9. Ninth Peel,名詞,もん,1
9. Ninth Peel,名詞,Oh,2
9. Ninth Peel,名詞,事,1
9. Ninth Peel,名詞,お家,1
9. Ninth Peel,名詞,仲良,1
9. Ninth Peel,名詞,ガキ,1
9. Ninth Peel,名詞,キュート,1
9. Ninth Peel,名詞,即座,1
9. Ninth Peel,名詞,me,2
9. Ninth Peel,名詞,際,1
9. Ninth Peel,名詞,終着,1
9. Ninth Peel,名詞,喉,1
9. Ninth Peel,名詞,気分,1
9. Ninth Peel,名詞,権,1
9. Ninth Peel,名詞,like,1
9. Ninth Peel,名詞,最低,1
9. Ninth Peel,名詞,地面,1
9. Ninth Peel,名詞,暗闇,1
9. Ninth Peel,名詞,傷跡,1
9. Ninth Peel,名詞,もう一歩,1
9. Ninth Peel,名詞,夜,2
9. Ninth Peel,名詞,いきさつ,1
9. Ninth Peel,名詞,ちの,1
9. Ninth Peel,名詞,ginger,1
9. Ninth Peel,名詞,歴代,1
9. Ninth Peel,名詞,最悪,1
9. Ninth Peel,名詞,箱庭,1
9. Ninth Peel,名詞,点,1
9. Ninth Peel,名詞,a,1
9. Ninth Peel,名詞,手のひら,1
9. Ninth Peel,名詞,采配,1
9. Ninth Peel,名詞,Numbness,1
9. Ninth Peel,名詞,おみやげ,1
9. Ninth Peel,名詞,複雑,1
9. Ninth Peel,名詞,僕のこと,1
9. Ninth Peel,名詞,果実,1
9. Ninth Peel,名詞,genger,1
9. Ninth Peel,名詞,宝物,1
9. Ninth Peel,名詞,味,1
9. Ninth Peel,名詞,話して,1
9. Ninth Peel,名詞,ここ,1
9. Ninth Peel,名詞,地下室,1
9. Ninth Peel,名詞,僕は君,1
9. Ninth Peel,名詞,話,1
9. Ninth Peel,名詞,約束,1
9. Ninth Peel,名詞,放置,1
9. Ninth Peel,名詞,がま,1
9. Ninth Peel,名詞,キャラクター,1
9. Ninth Peel,名詞,ビール,1
9. Ninth Peel,名詞,曲,1
9. Ninth Peel,名詞,プレイリスト,1
9. Ninth Peel,名詞,他,1
9. Ninth Peel,名詞,マンガ,1
9. Ninth Peel,名詞,救い,1
9. Ninth Peel,名詞,Ｔシャツ,1
9. Ninth Peel,名詞,場,1
9. Ninth Peel,名詞,脈絡,1
9. Ninth Peel,名詞,彼女,1
9. Ninth Peel,名詞,駅,1
9. Ninth Peel,名詞,ピュア,1
9. Ninth Peel,名詞,ところ,1
9. Ninth Peel,名詞,君の名前,1
9. Ninth Peel,名詞,ハマ,1
9. Ninth Peel,名詞,季節,1
9. Ninth Peel,名詞,解像度,1
9. Ninth Peel,名詞,犬,1
9. Ninth Peel,名詞,彼,1
9. Ninth Peel,名詞,適当,1
9. Ninth Peel,名詞,にも,1
9. Ninth Peel,名詞,魂,1
9. Ninth Peel,名詞,つなぎ,1
9. Ninth Peel,名詞,イヤホン,1
9. Ninth Peel,名詞,どれ,1
9. Ninth Peel,名詞,声,1
9. Ninth Peel,名詞,ラベル,1
9. Ninth Peel,名詞,口,1
9. Ninth Peel,名詞,海,1
9. Ninth Peel,名詞,リ方,1
9. Ninth Peel,名詞,ホーム,1
9. Ninth Peel,名詞,あれこれ,1
9. Ninth Peel,名詞,一緒,1
9. Ninth Peel,名詞,扇動,1
9. Ninth Peel,名詞,地盤沈下,1
9. Ninth Peel,名詞,雑言,1
9. Ninth Peel,名詞,化石,1
9. Ninth Peel,名詞,禁止,1
9. Ninth Peel,名詞,ゴミ,1
9. Ninth Peel,名詞,影響,1
9. Ninth Peel,名詞,エニグマ,1
9. Ninth Peel,名詞,コツ,1
9. Ninth Peel,名詞,おととい,1
9. Ninth Peel,名詞,マガジン,1
9. Ninth Peel,名詞,自爆,1
9. Ninth Peel,名詞,端,1
9. Ninth Peel,名詞,悪鬼,1
9. Ninth Peel,名詞,無双,1
9. Ninth Peel,名詞,山,1
9. Ninth Peel,名詞,はずれ,1
9. Ninth Peel,名詞,達,1
9. Ninth Peel,名詞,幸せ,1
9. Ninth Peel,名詞,鎮火,1
9. Ninth Peel,名詞,必至,1
9. Ninth Peel,名詞,廃棄,1
9. Ninth Peel,名詞,鼻高々,1
9. Ninth Peel,名詞,者,1
9. Ninth Peel,名詞,紳士,1
9. Ninth Peel,名詞,番付,1
9. Ninth Peel,名詞,偉人,1
9. Ninth Peel,名詞,お手本,1
9. Ninth Peel,名詞,この世,1
9. Ninth Peel,名詞,リミット,1
9. Ninth Peel,名詞,多数,1
9. Ninth Peel,名詞,順当,1
9. Ninth Peel,名詞,スイッチ,1
9. Ninth Peel,名詞,hear,1
9. Ninth Peel,名詞,セレブ,1
9. Ninth Peel,名詞,シカト,1
9. Ninth Peel,名詞,正義,1
9. Ninth Peel,名詞,アクション,1
9. Ninth Peel,名詞,助け,1
9. Ninth Peel,名詞,景観,1
9. Ninth Peel,名詞,体制,1
9. Ninth Peel,名詞,生産性,1
9. Ninth Peel,名詞,意,1
9. Ninth Peel,名詞,地盤,1
9. Ninth Peel,名詞,戦略,1
9. Ninth Peel,名詞,諸行,1
9. Ninth Peel,名詞,本気,1
9. Ninth Peel,名詞,ジョーク,1
9. Ninth Peel,名詞,博打,1
9. Ninth Peel,名詞,瀕死,1
9. Ninth Peel,名詞,シラバス,1
9. Ninth Peel,名詞,視界,1
9. Ninth Peel,名詞,気味,1
9. Ninth Peel,名詞,好き,1
9. Ninth Peel,名詞,トレンディ,1
9. Ninth Peel,名詞,レンジ,1
9. Ninth Peel,名詞,例,1
9. Ninth Peel,名詞,レガシー,1
9. Ninth Peel,名詞,差分,1
9. Ninth Peel,名詞,とおり,1
9. Ninth Peel,名詞,大使,1
9. Ninth Peel,名詞,極み,1
9. Ninth Peel,名詞,罵詈,1
9. Ninth Peel,名詞,理解,1
9. Ninth Peel,名詞,Wow,1
9. Ninth Peel,名詞,シェア,1
9. Ninth Peel,名詞,狙い,1
9. Ninth Peel,名詞,類,1
9. Ninth Peel,名詞,much,1
9. Ninth Peel,名詞,トップスピード,1
9. Ninth Peel,名詞,ドラマ,1
9. Ninth Peel,名詞,too,1
9. Ninth Peel,名詞,ノクターン,1
9. Ninth Peel,名詞,あなたと,1
9. Ninth Peel,名詞,ロマンチック,1
9. Ninth Peel,名詞,中,1
9. Ninth Peel,名詞,願い,1
9. Ninth Peel,名詞,不器用,1
9. Ninth Peel,名詞,整合性,1
9. Ninth Peel,名詞,未来,1
9. Ninth Peel,名詞,DJ,1
9. Ninth Peel,名詞,祝祭,1
9. Ninth Peel,名詞,景色,1
9. Ninth Peel,名詞,きれい,1
9. Ninth Peel,名詞,プレリュード,1
9. Ninth Peel,名詞,等比,1
9. Ninth Peel,名詞,した,1
9. Ninth Peel,名詞,ready?,1
9. Ninth Peel,名詞,胸,1
9. Ninth Peel,名詞,不安,1
9. Ninth Peel,名詞,更新,1
9. Ninth Peel,名詞,more,1
9. Ninth Peel,名詞,期待,1
9. Ninth Peel,名詞,kareido,1
9. Ninth Peel,名詞,奥,1
9. Ninth Peel,名詞,シークエンス,1
9. Ninth Peel,名詞,kaleido,1
9. Ninth Peel,名詞,星空,1
9. Ninth Peel,名詞,この街,1
9. Ninth Peel,名詞,Play,1
9. Ninth Peel,名詞,喜び,1
9. Ninth Peel,名詞,fiesta,1
9. Ninth Peel,名詞,鐘,1
9. Ninth Peel,名詞,ロードサイド,1
9. Ninth Peel,名詞,高説,1
9. Ninth Peel,名詞,喝采,1
9. Ninth Peel,名詞,Louder,1
9. Ninth Peel,名詞,I miss you,1
9. Ninth Peel,名詞,向こう,1
9. Ninth Peel,名詞,ストーリー,1
9. Ninth Peel,名詞,進撃,1
9. Ninth Peel,名詞,羽,1
9. Ninth Peel,名詞,please,1
9. Ninth Peel,名詞,千,1
9. Ninth Peel,名詞,級数,1
9. Ninth Peel,名詞,譚,1
9. Ninth Peel,名詞,幾,1
9. Ninth Peel,名詞,連鎖,1
9. Ninth Peel,名詞,後日,1
9. Ninth Peel,名詞,C'mon,1
9. Ninth Peel,名詞,傑作,1
9. Ninth Peel,名詞,権利,1
9. Ninth Peel,名詞,Please,1
9. Ninth Peel,名詞,感覚,1
9. Ninth Peel,名詞,重要,1
9. Ninth Peel,名詞,お願い,1
9. Ninth Peel,名詞,側,1
9. Ninth Peel,名詞,史上,1
9. Ninth Peel,名詞,刹那,1
9. Ninth Peel,感動詞,ほら,1
9. Ninth Peel,感動詞,ありがとう,1
9. Ninth Peel,感動詞,さよなら,1
9. Ninth Peel,感動詞,ああ,2
9. Ninth Peel,感動詞,う,1
9. Ninth Peel,連体詞,この,3
9. Ninth Peel,連体詞,あの,3
9. Ninth Peel,連体詞,同じ,2
9. Ninth Peel,連体詞,こんな,1
9. Ninth Peel,連体詞,そんな,1
9. Ninth Peel,連体詞,その,3
9. Ninth Peel,連体詞,どんな,1
9. Ninth Peel,接続詞,だから,2
9. Ninth Peel,接続詞,で,1
9. Ninth Peel,接続詞,また,3
9. Ninth Peel,接続詞,さりとて,1
9. Ninth Peel,接続詞,しかし,1
9. Ninth Peel,接続詞,けど,1
9. Ninth Peel,接続詞,ゆえに,1
9. Ninth Peel,接続詞,つまり,1
9. Ninth Peel,接続詞,だからこそ,1
9. Ninth Peel,接続詞,でも,1
9. Ninth Peel,接続詞,それに,1
9. Ninth Peel,接続詞,かくして,1
9. Ninth Peel,接続詞,ただ,1
